model,config,sum_rmse,rmse_lo,rmse_hi,time_s,status
NN,"{""hidden_sizes"": [16], ""lr"": 0.001, ""epochs"": 100, ""batch_size"": 32}",0.46146,0.38676,0.53617,2.04,ok
NN,"{""hidden_sizes"": [16], ""lr"": 0.001, ""epochs"": 100, ""batch_size"": 64}",0.57061,0.41602,0.7252,0.67,ok
NN,"{""hidden_sizes"": [16], ""lr"": 0.001, ""epochs"": 100, ""batch_size"": 128}",0.57061,0.41602,0.7252,0.67,ok
NN,"{""hidden_sizes"": [16], ""lr"": 0.001, ""epochs"": 100, ""batch_size"": 256}",0.57061,0.41602,0.7252,0.68,ok
NN,"{""hidden_sizes"": [16], ""lr"": 0.001, ""epochs"": 200, ""batch_size"": 32}",0.49473,0.44059,0.54887,2.24,ok
NN,"{""hidden_sizes"": [16], ""lr"": 0.001, ""epochs"": 200, ""batch_size"": 64}",0.46065,0.3869,0.53439,1.3,ok
NN,"{""hidden_sizes"": [16], ""lr"": 0.001, ""epochs"": 200, ""batch_size"": 128}",0.46065,0.3869,0.53439,1.32,ok
NN,"{""hidden_sizes"": [16], ""lr"": 0.001, ""epochs"": 200, ""batch_size"": 256}",0.46065,0.3869,0.53439,1.27,ok
NN,"{""hidden_sizes"": [16], ""lr"": 0.001, ""epochs"": 300, ""batch_size"": 32}",0.48806,0.445,0.53112,3.32,ok
NN,"{""hidden_sizes"": [16], ""lr"": 0.001, ""epochs"": 300, ""batch_size"": 64}",0.47506,0.42426,0.52586,1.91,ok
NN,"{""hidden_sizes"": [16], ""lr"": 0.001, ""epochs"": 300, ""batch_size"": 128}",0.47506,0.42426,0.52586,1.96,ok
NN,"{""hidden_sizes"": [16], ""lr"": 0.001, ""epochs"": 300, ""batch_size"": 256}",0.47506,0.42426,0.52586,1.94,ok
NN,"{""hidden_sizes"": [16], ""lr"": 0.003, ""epochs"": 100, ""batch_size"": 32}",0.50402,0.44319,0.56484,1.1,ok
NN,"{""hidden_sizes"": [16], ""lr"": 0.003, ""epochs"": 100, ""batch_size"": 64}",0.49953,0.43132,0.56773,0.67,ok
NN,"{""hidden_sizes"": [16], ""lr"": 0.003, ""epochs"": 100, ""batch_size"": 128}",0.49953,0.43132,0.56773,0.66,ok
NN,"{""hidden_sizes"": [16], ""lr"": 0.003, ""epochs"": 100, ""batch_size"": 256}",0.49953,0.43132,0.56773,0.66,ok
NN,"{""hidden_sizes"": [16], ""lr"": 0.003, ""epochs"": 200, ""batch_size"": 32}",0.33085,0.41279,0.24891,2.21,ok
NN,"{""hidden_sizes"": [16], ""lr"": 0.003, ""epochs"": 200, ""batch_size"": 64}",0.49967,0.44127,0.55807,1.3,ok
NN,"{""hidden_sizes"": [16], ""lr"": 0.003, ""epochs"": 200, ""batch_size"": 128}",0.49967,0.44127,0.55807,1.31,ok
NN,"{""hidden_sizes"": [16], ""lr"": 0.003, ""epochs"": 200, ""batch_size"": 256}",0.49967,0.44127,0.55807,1.3,ok
NN,"{""hidden_sizes"": [16], ""lr"": 0.003, ""epochs"": 300, ""batch_size"": 32}",0.2668,0.36646,0.16714,3.36,ok
NN,"{""hidden_sizes"": [16], ""lr"": 0.003, ""epochs"": 300, ""batch_size"": 64}",0.39176,0.42492,0.35859,1.92,ok
NN,"{""hidden_sizes"": [16], ""lr"": 0.003, ""epochs"": 300, ""batch_size"": 128}",0.39176,0.42492,0.35859,1.93,ok
NN,"{""hidden_sizes"": [16], ""lr"": 0.003, ""epochs"": 300, ""batch_size"": 256}",0.39176,0.42492,0.35859,1.94,ok
NN,"{""hidden_sizes"": [32], ""lr"": 0.001, ""epochs"": 100, ""batch_size"": 32}",0.50182,0.41064,0.59301,1.12,ok
NN,"{""hidden_sizes"": [32], ""lr"": 0.001, ""epochs"": 100, ""batch_size"": 64}",0.47136,0.38137,0.56135,0.68,ok
NN,"{""hidden_sizes"": [32], ""lr"": 0.001, ""epochs"": 100, ""batch_size"": 128}",0.47136,0.38137,0.56135,0.65,ok
NN,"{""hidden_sizes"": [32], ""lr"": 0.001, ""epochs"": 100, ""batch_size"": 256}",0.47136,0.38137,0.56135,0.64,ok
NN,"{""hidden_sizes"": [32], ""lr"": 0.001, ""epochs"": 200, ""batch_size"": 32}",0.47773,0.39654,0.55893,2.24,ok
NN,"{""hidden_sizes"": [32], ""lr"": 0.001, ""epochs"": 200, ""batch_size"": 64}",0.50134,0.40447,0.59822,1.3,ok
NN,"{""hidden_sizes"": [32], ""lr"": 0.001, ""epochs"": 200, ""batch_size"": 128}",0.50134,0.40447,0.59822,1.29,ok
NN,"{""hidden_sizes"": [32], ""lr"": 0.001, ""epochs"": 200, ""batch_size"": 256}",0.50134,0.40447,0.59822,1.31,ok
NN,"{""hidden_sizes"": [32], ""lr"": 0.001, ""epochs"": 300, ""batch_size"": 32}",0.34641,0.37452,0.3183,3.35,ok
NN,"{""hidden_sizes"": [32], ""lr"": 0.001, ""epochs"": 300, ""batch_size"": 64}",0.49448,0.39617,0.59279,1.95,ok
NN,"{""hidden_sizes"": [32], ""lr"": 0.001, ""epochs"": 300, ""batch_size"": 128}",0.49448,0.39617,0.59279,1.93,ok
NN,"{""hidden_sizes"": [32], ""lr"": 0.001, ""epochs"": 300, ""batch_size"": 256}",0.49448,0.39617,0.59279,1.93,ok
NN,"{""hidden_sizes"": [32], ""lr"": 0.003, ""epochs"": 100, ""batch_size"": 32}",0.39512,0.3771,0.41313,1.15,ok
NN,"{""hidden_sizes"": [32], ""lr"": 0.003, ""epochs"": 100, ""batch_size"": 64}",0.54546,0.39757,0.69336,0.65,ok
NN,"{""hidden_sizes"": [32], ""lr"": 0.003, ""epochs"": 100, ""batch_size"": 128}",0.54546,0.39757,0.69336,0.64,ok
NN,"{""hidden_sizes"": [32], ""lr"": 0.003, ""epochs"": 100, ""batch_size"": 256}",0.54546,0.39757,0.69336,0.66,ok
NN,"{""hidden_sizes"": [32], ""lr"": 0.003, ""epochs"": 200, ""batch_size"": 32}",0.22245,0.29511,0.14979,2.22,ok
NN,"{""hidden_sizes"": [32], ""lr"": 0.003, ""epochs"": 200, ""batch_size"": 64}",0.36284,0.35752,0.36816,1.32,ok
NN,"{""hidden_sizes"": [32], ""lr"": 0.003, ""epochs"": 200, ""batch_size"": 128}",0.36284,0.35752,0.36816,1.27,ok
NN,"{""hidden_sizes"": [32], ""lr"": 0.003, ""epochs"": 200, ""batch_size"": 256}",0.36284,0.35752,0.36816,1.32,ok
NN,"{""hidden_sizes"": [32], ""lr"": 0.003, ""epochs"": 300, ""batch_size"": 32}",0.19016,0.23011,0.1502,3.31,ok
NN,"{""hidden_sizes"": [32], ""lr"": 0.003, ""epochs"": 300, ""batch_size"": 64}",0.22529,0.29908,0.1515,1.94,ok
NN,"{""hidden_sizes"": [32], ""lr"": 0.003, ""epochs"": 300, ""batch_size"": 128}",0.22529,0.29908,0.1515,1.93,ok
NN,"{""hidden_sizes"": [32], ""lr"": 0.003, ""epochs"": 300, ""batch_size"": 256}",0.22529,0.29908,0.1515,1.95,ok
NN,"{""hidden_sizes"": [64], ""lr"": 0.001, ""epochs"": 100, ""batch_size"": 32}",0.45992,0.40619,0.51365,1.14,ok
NN,"{""hidden_sizes"": [64], ""lr"": 0.001, ""epochs"": 100, ""batch_size"": 64}",0.50236,0.40818,0.59654,0.64,ok
NN,"{""hidden_sizes"": [64], ""lr"": 0.001, ""epochs"": 100, ""batch_size"": 128}",0.50236,0.40818,0.59654,0.66,ok
NN,"{""hidden_sizes"": [64], ""lr"": 0.001, ""epochs"": 100, ""batch_size"": 256}",0.50236,0.40818,0.59654,0.67,ok
NN,"{""hidden_sizes"": [64], ""lr"": 0.001, ""epochs"": 200, ""batch_size"": 32}",0.27882,0.37368,0.18396,2.23,ok
NN,"{""hidden_sizes"": [64], ""lr"": 0.001, ""epochs"": 200, ""batch_size"": 64}",0.4235,0.39671,0.45028,1.31,ok
NN,"{""hidden_sizes"": [64], ""lr"": 0.001, ""epochs"": 200, ""batch_size"": 128}",0.4235,0.39671,0.45028,1.31,ok
NN,"{""hidden_sizes"": [64], ""lr"": 0.001, ""epochs"": 200, ""batch_size"": 256}",0.4235,0.39671,0.45028,1.29,ok
NN,"{""hidden_sizes"": [64], ""lr"": 0.001, ""epochs"": 300, ""batch_size"": 32}",0.2419,0.32699,0.1568,3.34,ok
NN,"{""hidden_sizes"": [64], ""lr"": 0.001, ""epochs"": 300, ""batch_size"": 64}",0.2999,0.37472,0.22507,1.95,ok
NN,"{""hidden_sizes"": [64], ""lr"": 0.001, ""epochs"": 300, ""batch_size"": 128}",0.2999,0.37472,0.22507,1.96,ok
NN,"{""hidden_sizes"": [64], ""lr"": 0.001, ""epochs"": 300, ""batch_size"": 256}",0.2999,0.37472,0.22507,1.95,ok
NN,"{""hidden_sizes"": [64], ""lr"": 0.003, ""epochs"": 100, ""batch_size"": 32}",0.24714,0.33675,0.15753,1.12,ok
NN,"{""hidden_sizes"": [64], ""lr"": 0.003, ""epochs"": 100, ""batch_size"": 64}",0.3584,0.37792,0.33888,0.65,ok
NN,"{""hidden_sizes"": [64], ""lr"": 0.003, ""epochs"": 100, ""batch_size"": 128}",0.3584,0.37792,0.33888,0.68,ok
NN,"{""hidden_sizes"": [64], ""lr"": 0.003, ""epochs"": 100, ""batch_size"": 256}",0.3584,0.37792,0.33888,0.67,ok
NN,"{""hidden_sizes"": [64], ""lr"": 0.003, ""epochs"": 200, ""batch_size"": 32}",0.17486,0.20521,0.14452,2.24,ok
NN,"{""hidden_sizes"": [64], ""lr"": 0.003, ""epochs"": 200, ""batch_size"": 64}",0.22305,0.29763,0.14848,1.3,ok
NN,"{""hidden_sizes"": [64], ""lr"": 0.003, ""epochs"": 200, ""batch_size"": 128}",0.22305,0.29763,0.14848,1.32,ok
NN,"{""hidden_sizes"": [64], ""lr"": 0.003, ""epochs"": 200, ""batch_size"": 256}",0.22305,0.29763,0.14848,1.27,ok
NN,"{""hidden_sizes"": [64], ""lr"": 0.003, ""epochs"": 300, ""batch_size"": 32}",0.14322,0.14296,0.14349,3.35,ok
NN,"{""hidden_sizes"": [64], ""lr"": 0.003, ""epochs"": 300, ""batch_size"": 64}",0.1773,0.21233,0.14228,1.93,ok
NN,"{""hidden_sizes"": [64], ""lr"": 0.003, ""epochs"": 300, ""batch_size"": 128}",0.1773,0.21233,0.14228,1.95,ok
NN,"{""hidden_sizes"": [64], ""lr"": 0.003, ""epochs"": 300, ""batch_size"": 256}",0.1773,0.21233,0.14228,1.95,ok
NN,"{""hidden_sizes"": [128], ""lr"": 0.001, ""epochs"": 100, ""batch_size"": 32}",0.40763,0.38121,0.43404,1.12,ok
NN,"{""hidden_sizes"": [128], ""lr"": 0.001, ""epochs"": 100, ""batch_size"": 64}",0.51818,0.39772,0.63863,0.68,ok
NN,"{""hidden_sizes"": [128], ""lr"": 0.001, ""epochs"": 100, ""batch_size"": 128}",0.51818,0.39772,0.63863,0.69,ok
NN,"{""hidden_sizes"": [128], ""lr"": 0.001, ""epochs"": 100, ""batch_size"": 256}",0.51818,0.39772,0.63863,0.65,ok
NN,"{""hidden_sizes"": [128], ""lr"": 0.001, ""epochs"": 200, ""batch_size"": 32}",0.23679,0.31277,0.1608,2.25,ok
NN,"{""hidden_sizes"": [128], ""lr"": 0.001, ""epochs"": 200, ""batch_size"": 64}",0.38361,0.36631,0.40091,1.29,ok
NN,"{""hidden_sizes"": [128], ""lr"": 0.001, ""epochs"": 200, ""batch_size"": 128}",0.38361,0.36631,0.40091,1.32,ok
NN,"{""hidden_sizes"": [128], ""lr"": 0.001, ""epochs"": 200, ""batch_size"": 256}",0.38361,0.36631,0.40091,1.29,ok
NN,"{""hidden_sizes"": [128], ""lr"": 0.001, ""epochs"": 300, ""batch_size"": 32}",0.18618,0.23059,0.14178,3.35,ok
NN,"{""hidden_sizes"": [128], ""lr"": 0.001, ""epochs"": 300, ""batch_size"": 64}",0.25142,0.32385,0.17899,1.95,ok
NN,"{""hidden_sizes"": [128], ""lr"": 0.001, ""epochs"": 300, ""batch_size"": 128}",0.25142,0.32385,0.17899,1.94,ok
NN,"{""hidden_sizes"": [128], ""lr"": 0.001, ""epochs"": 300, ""batch_size"": 256}",0.25142,0.32385,0.17899,1.96,ok
NN,"{""hidden_sizes"": [128], ""lr"": 0.003, ""epochs"": 100, ""batch_size"": 32}",0.18951,0.23571,0.14331,1.13,ok
NN,"{""hidden_sizes"": [128], ""lr"": 0.003, ""epochs"": 100, ""batch_size"": 64}",0.33402,0.32447,0.34356,0.67,ok
NN,"{""hidden_sizes"": [128], ""lr"": 0.003, ""epochs"": 100, ""batch_size"": 128}",0.33402,0.32447,0.34356,0.65,ok
NN,"{""hidden_sizes"": [128], ""lr"": 0.003, ""epochs"": 100, ""batch_size"": 256}",0.33402,0.32447,0.34356,0.66,ok
NN,"{""hidden_sizes"": [128], ""lr"": 0.003, ""epochs"": 200, ""batch_size"": 32}",0.13397,0.13346,0.13448,2.25,ok
NN,"{""hidden_sizes"": [128], ""lr"": 0.003, ""epochs"": 200, ""batch_size"": 64}",0.17205,0.20415,0.13994,1.33,ok
NN,"{""hidden_sizes"": [128], ""lr"": 0.003, ""epochs"": 200, ""batch_size"": 128}",0.17205,0.20415,0.13994,1.29,ok
NN,"{""hidden_sizes"": [128], ""lr"": 0.003, ""epochs"": 200, ""batch_size"": 256}",0.17205,0.20415,0.13994,1.32,ok
NN,"{""hidden_sizes"": [128], ""lr"": 0.003, ""epochs"": 300, ""batch_size"": 32}",0.14094,0.1402,0.14167,3.37,ok
NN,"{""hidden_sizes"": [128], ""lr"": 0.003, ""epochs"": 300, ""batch_size"": 64}",0.14235,0.14674,0.13795,1.95,ok
NN,"{""hidden_sizes"": [128], ""lr"": 0.003, ""epochs"": 300, ""batch_size"": 128}",0.14235,0.14674,0.13795,1.95,ok
NN,"{""hidden_sizes"": [128], ""lr"": 0.003, ""epochs"": 300, ""batch_size"": 256}",0.14235,0.14674,0.13795,1.95,ok
NN,"{""hidden_sizes"": [256], ""lr"": 0.001, ""epochs"": 100, ""batch_size"": 32}",0.24735,0.3132,0.1815,1.17,ok
NN,"{""hidden_sizes"": [256], ""lr"": 0.001, ""epochs"": 100, ""batch_size"": 64}",0.41654,0.3594,0.47368,0.67,ok
NN,"{""hidden_sizes"": [256], ""lr"": 0.001, ""epochs"": 100, ""batch_size"": 128}",0.41654,0.3594,0.47368,0.66,ok
NN,"{""hidden_sizes"": [256], ""lr"": 0.001, ""epochs"": 100, ""batch_size"": 256}",0.41654,0.3594,0.47368,0.68,ok
NN,"{""hidden_sizes"": [256], ""lr"": 0.001, ""epochs"": 200, ""batch_size"": 32}",0.15617,0.1776,0.13475,2.28,ok
NN,"{""hidden_sizes"": [256], ""lr"": 0.001, ""epochs"": 200, ""batch_size"": 64}",0.22266,0.28323,0.16209,1.34,ok
NN,"{""hidden_sizes"": [256], ""lr"": 0.001, ""epochs"": 200, ""batch_size"": 128}",0.22266,0.28323,0.16209,1.32,ok
NN,"{""hidden_sizes"": [256], ""lr"": 0.001, ""epochs"": 200, ""batch_size"": 256}",0.22266,0.28323,0.16209,1.32,ok
NN,"{""hidden_sizes"": [256], ""lr"": 0.001, ""epochs"": 300, ""batch_size"": 32}",0.13221,0.13386,0.13056,3.36,ok
NN,"{""hidden_sizes"": [256], ""lr"": 0.001, ""epochs"": 300, ""batch_size"": 64}",0.16345,0.18851,0.13839,1.98,ok
NN,"{""hidden_sizes"": [256], ""lr"": 0.001, ""epochs"": 300, ""batch_size"": 128}",0.16345,0.18851,0.13839,1.99,ok
NN,"{""hidden_sizes"": [256], ""lr"": 0.001, ""epochs"": 300, ""batch_size"": 256}",0.16345,0.18851,0.13839,1.96,ok
NN,"{""hidden_sizes"": [256], ""lr"": 0.003, ""epochs"": 100, ""batch_size"": 32}",0.13213,0.13529,0.12896,1.16,ok
NN,"{""hidden_sizes"": [256], ""lr"": 0.003, ""epochs"": 100, ""batch_size"": 64}",0.18333,0.22465,0.142,0.67,ok
NN,"{""hidden_sizes"": [256], ""lr"": 0.003, ""epochs"": 100, ""batch_size"": 128}",0.18333,0.22465,0.142,0.68,ok
NN,"{""hidden_sizes"": [256], ""lr"": 0.003, ""epochs"": 100, ""batch_size"": 256}",0.18333,0.22465,0.142,0.68,ok
NN,"{""hidden_sizes"": [256], ""lr"": 0.003, ""epochs"": 200, ""batch_size"": 32}",0.14586,0.15605,0.13567,2.26,ok
NN,"{""hidden_sizes"": [256], ""lr"": 0.003, ""epochs"": 200, ""batch_size"": 64}",0.13895,0.14404,0.13385,1.32,ok
NN,"{""hidden_sizes"": [256], ""lr"": 0.003, ""epochs"": 200, ""batch_size"": 128}",0.13895,0.14404,0.13385,1.36,ok
NN,"{""hidden_sizes"": [256], ""lr"": 0.003, ""epochs"": 200, ""batch_size"": 256}",0.13895,0.14404,0.13385,1.31,ok
NN,"{""hidden_sizes"": [256], ""lr"": 0.003, ""epochs"": 300, ""batch_size"": 32}",0.15662,0.16711,0.14613,3.4,ok
NN,"{""hidden_sizes"": [256], ""lr"": 0.003, ""epochs"": 300, ""batch_size"": 64}",0.16256,0.17471,0.1504,1.97,ok
NN,"{""hidden_sizes"": [256], ""lr"": 0.003, ""epochs"": 300, ""batch_size"": 128}",0.16256,0.17471,0.1504,1.97,ok
NN,"{""hidden_sizes"": [256], ""lr"": 0.003, ""epochs"": 300, ""batch_size"": 256}",0.16256,0.17471,0.1504,1.98,ok
NN,"{""hidden_sizes"": [512], ""lr"": 0.001, ""epochs"": 100, ""batch_size"": 32}",0.17243,0.20466,0.1402,1.16,ok
NN,"{""hidden_sizes"": [512], ""lr"": 0.001, ""epochs"": 100, ""batch_size"": 64}",0.23883,0.30244,0.17522,0.71,ok
NN,"{""hidden_sizes"": [512], ""lr"": 0.001, ""epochs"": 100, ""batch_size"": 128}",0.23883,0.30244,0.17522,0.69,ok
NN,"{""hidden_sizes"": [512], ""lr"": 0.001, ""epochs"": 100, ""batch_size"": 256}",0.23883,0.30244,0.17522,0.67,ok
NN,"{""hidden_sizes"": [512], ""lr"": 0.001, ""epochs"": 200, ""batch_size"": 32}",0.12255,0.12063,0.12448,2.3,ok
NN,"{""hidden_sizes"": [512], ""lr"": 0.001, ""epochs"": 200, ""batch_size"": 64}",0.14813,0.17099,0.12527,1.37,ok
NN,"{""hidden_sizes"": [512], ""lr"": 0.001, ""epochs"": 200, ""batch_size"": 128}",0.14813,0.17099,0.12527,1.35,ok
NN,"{""hidden_sizes"": [512], ""lr"": 0.001, ""epochs"": 200, ""batch_size"": 256}",0.14813,0.17099,0.12527,1.38,ok
NN,"{""hidden_sizes"": [512], ""lr"": 0.001, ""epochs"": 300, ""batch_size"": 32}",0.14898,0.17113,0.12683,3.44,ok
NN,"{""hidden_sizes"": [512], ""lr"": 0.001, ""epochs"": 300, ""batch_size"": 64}",0.136,0.14309,0.1289,2.07,ok
NN,"{""hidden_sizes"": [512], ""lr"": 0.001, ""epochs"": 300, ""batch_size"": 128}",0.136,0.14309,0.1289,2.02,ok
NN,"{""hidden_sizes"": [512], ""lr"": 0.001, ""epochs"": 300, ""batch_size"": 256}",0.136,0.14309,0.1289,2.06,ok
NN,"{""hidden_sizes"": [512], ""lr"": 0.003, ""epochs"": 100, ""batch_size"": 32}",0.10753,0.10191,0.11315,1.18,ok
NN,"{""hidden_sizes"": [512], ""lr"": 0.003, ""epochs"": 100, ""batch_size"": 64}",0.13245,0.15153,0.11336,0.67,ok
NN,"{""hidden_sizes"": [512], ""lr"": 0.003, ""epochs"": 100, ""batch_size"": 128}",0.13245,0.15153,0.11336,0.69,ok
NN,"{""hidden_sizes"": [512], ""lr"": 0.003, ""epochs"": 100, ""batch_size"": 256}",0.13245,0.15153,0.11336,0.7,ok
NN,"{""hidden_sizes"": [512], ""lr"": 0.003, ""epochs"": 200, ""batch_size"": 32}",0.14653,0.15566,0.1374,2.3,ok
NN,"{""hidden_sizes"": [512], ""lr"": 0.003, ""epochs"": 200, ""batch_size"": 64}",0.15284,0.16682,0.13887,1.37,ok
NN,"{""hidden_sizes"": [512], ""lr"": 0.003, ""epochs"": 200, ""batch_size"": 128}",0.15284,0.16682,0.13887,1.38,ok
NN,"{""hidden_sizes"": [512], ""lr"": 0.003, ""epochs"": 200, ""batch_size"": 256}",0.15284,0.16682,0.13887,1.34,ok
NN,"{""hidden_sizes"": [512], ""lr"": 0.003, ""epochs"": 300, ""batch_size"": 32}",0.17454,0.19478,0.15429,3.44,ok
NN,"{""hidden_sizes"": [512], ""lr"": 0.003, ""epochs"": 300, ""batch_size"": 64}",0.16801,0.17686,0.15917,2.03,ok
NN,"{""hidden_sizes"": [512], ""lr"": 0.003, ""epochs"": 300, ""batch_size"": 128}",0.16801,0.17686,0.15917,2.02,ok
NN,"{""hidden_sizes"": [512], ""lr"": 0.003, ""epochs"": 300, ""batch_size"": 256}",0.16801,0.17686,0.15917,2.04,ok
NN,"{""hidden_sizes"": [1024], ""lr"": 0.001, ""epochs"": 100, ""batch_size"": 32}",0.12783,0.13682,0.11884,2.49,ok
NN,"{""hidden_sizes"": [1024], ""lr"": 0.001, ""epochs"": 100, ""batch_size"": 64}",0.18119,0.22129,0.14108,1.5,ok
NN,"{""hidden_sizes"": [1024], ""lr"": 0.001, ""epochs"": 100, ""batch_size"": 128}",0.18119,0.22129,0.14108,1.59,ok
NN,"{""hidden_sizes"": [1024], ""lr"": 0.001, ""epochs"": 100, ""batch_size"": 256}",0.18119,0.22129,0.14108,1.56,ok
NN,"{""hidden_sizes"": [1024], ""lr"": 0.001, ""epochs"": 200, ""batch_size"": 32}",0.14682,0.16246,0.13119,4.87,ok
NN,"{""hidden_sizes"": [1024], ""lr"": 0.001, ""epochs"": 200, ""batch_size"": 64}",0.14275,0.15697,0.12853,3.05,ok
NN,"{""hidden_sizes"": [1024], ""lr"": 0.001, ""epochs"": 200, ""batch_size"": 128}",0.14275,0.15697,0.12853,3.03,ok
NN,"{""hidden_sizes"": [1024], ""lr"": 0.001, ""epochs"": 200, ""batch_size"": 256}",0.14275,0.15697,0.12853,3.02,ok
NN,"{""hidden_sizes"": [1024], ""lr"": 0.001, ""epochs"": 300, ""batch_size"": 32}",0.16274,0.18006,0.14543,6.88,ok
NN,"{""hidden_sizes"": [1024], ""lr"": 0.001, ""epochs"": 300, ""batch_size"": 64}",0.17478,0.20429,0.14526,4.3,ok
NN,"{""hidden_sizes"": [1024], ""lr"": 0.001, ""epochs"": 300, ""batch_size"": 128}",0.17478,0.20429,0.14526,4.12,ok
NN,"{""hidden_sizes"": [1024], ""lr"": 0.001, ""epochs"": 300, ""batch_size"": 256}",0.17478,0.20429,0.14526,4.28,ok
NN,"{""hidden_sizes"": [1024], ""lr"": 0.003, ""epochs"": 100, ""batch_size"": 32}",0.1481,0.16026,0.13594,2.14,ok
NN,"{""hidden_sizes"": [1024], ""lr"": 0.003, ""epochs"": 100, ""batch_size"": 64}",0.14749,0.17533,0.11966,1.39,ok
NN,"{""hidden_sizes"": [1024], ""lr"": 0.003, ""epochs"": 100, ""batch_size"": 128}",0.14749,0.17533,0.11966,1.53,ok
NN,"{""hidden_sizes"": [1024], ""lr"": 0.003, ""epochs"": 100, ""batch_size"": 256}",0.14749,0.17533,0.11966,1.33,ok
NN,"{""hidden_sizes"": [1024], ""lr"": 0.003, ""epochs"": 200, ""batch_size"": 32}",0.18166,0.17307,0.19025,4.8,ok
NN,"{""hidden_sizes"": [1024], ""lr"": 0.003, ""epochs"": 200, ""batch_size"": 64}",0.15745,0.16614,0.14876,3.09,ok
NN,"{""hidden_sizes"": [1024], ""lr"": 0.003, ""epochs"": 200, ""batch_size"": 128}",0.15745,0.16614,0.14876,2.86,ok
NN,"{""hidden_sizes"": [1024], ""lr"": 0.003, ""epochs"": 200, ""batch_size"": 256}",0.15745,0.16614,0.14876,2.81,ok
NN,"{""hidden_sizes"": [1024], ""lr"": 0.003, ""epochs"": 300, ""batch_size"": 32}",0.19338,0.18483,0.20194,7.07,ok
NN,"{""hidden_sizes"": [1024], ""lr"": 0.003, ""epochs"": 300, ""batch_size"": 64}",0.17732,0.17779,0.17685,4.41,ok
NN,"{""hidden_sizes"": [1024], ""lr"": 0.003, ""epochs"": 300, ""batch_size"": 128}",0.17732,0.17779,0.17685,4.42,ok
NN,"{""hidden_sizes"": [1024], ""lr"": 0.003, ""epochs"": 300, ""batch_size"": 256}",0.17732,0.17779,0.17685,4.38,ok
QRF,"{""n_estimators"": 50, ""min_samples_leaf"": 2, ""max_features"": ""sqrt""}",0.20284,0.16629,0.23938,0.57,ok
QRF,"{""n_estimators"": 50, ""min_samples_leaf"": 2, ""max_features"": 0.5}",0.20284,0.16629,0.23938,0.43,ok
QRF,"{""n_estimators"": 50, ""min_samples_leaf"": 2, ""max_features"": 1.0}",0.20284,0.16629,0.23938,0.43,ok
QRF,"{""n_estimators"": 50, ""min_samples_leaf"": 5, ""max_features"": ""sqrt""}",0.21182,0.2504,0.17325,0.43,ok
QRF,"{""n_estimators"": 50, ""min_samples_leaf"": 5, ""max_features"": 0.5}",0.21182,0.2504,0.17325,0.42,ok
QRF,"{""n_estimators"": 50, ""min_samples_leaf"": 5, ""max_features"": 1.0}",0.21182,0.2504,0.17325,0.43,ok
QRF,"{""n_estimators"": 50, ""min_samples_leaf"": 10, ""max_features"": ""sqrt""}",0.42555,0.41001,0.44109,0.44,ok
QRF,"{""n_estimators"": 50, ""min_samples_leaf"": 10, ""max_features"": 0.5}",0.42555,0.41001,0.44109,0.42,ok
QRF,"{""n_estimators"": 50, ""min_samples_leaf"": 10, ""max_features"": 1.0}",0.42555,0.41001,0.44109,0.43,ok
QRF,"{""n_estimators"": 50, ""min_samples_leaf"": 20, ""max_features"": ""sqrt""}",0.61847,0.62326,0.61367,0.43,ok
QRF,"{""n_estimators"": 50, ""min_samples_leaf"": 20, ""max_features"": 0.5}",0.61847,0.62326,0.61367,0.43,ok
QRF,"{""n_estimators"": 50, ""min_samples_leaf"": 20, ""max_features"": 1.0}",0.61847,0.62326,0.61367,0.42,ok
QRF,"{""n_estimators"": 50, ""min_samples_leaf"": 50, ""max_features"": ""sqrt""}",0.61847,0.62326,0.61367,0.4,ok
QRF,"{""n_estimators"": 50, ""min_samples_leaf"": 50, ""max_features"": 0.5}",0.61847,0.62326,0.61367,0.4,ok
QRF,"{""n_estimators"": 50, ""min_samples_leaf"": 50, ""max_features"": 1.0}",0.61847,0.62326,0.61367,0.37,ok
QRF,"{""n_estimators"": 100, ""min_samples_leaf"": 2, ""max_features"": ""sqrt""}",0.20854,0.16595,0.25113,0.68,ok
QRF,"{""n_estimators"": 100, ""min_samples_leaf"": 2, ""max_features"": 0.5}",0.20854,0.16595,0.25113,0.66,ok
QRF,"{""n_estimators"": 100, ""min_samples_leaf"": 2, ""max_features"": 1.0}",0.20854,0.16595,0.25113,0.69,ok
QRF,"{""n_estimators"": 100, ""min_samples_leaf"": 5, ""max_features"": ""sqrt""}",0.21436,0.25054,0.17818,0.73,ok
QRF,"{""n_estimators"": 100, ""min_samples_leaf"": 5, ""max_features"": 0.5}",0.21436,0.25054,0.17818,0.67,ok
QRF,"{""n_estimators"": 100, ""min_samples_leaf"": 5, ""max_features"": 1.0}",0.21436,0.25054,0.17818,0.67,ok
QRF,"{""n_estimators"": 100, ""min_samples_leaf"": 10, ""max_features"": ""sqrt""}",0.42525,0.40745,0.44305,0.68,ok
QRF,"{""n_estimators"": 100, ""min_samples_leaf"": 10, ""max_features"": 0.5}",0.42525,0.40745,0.44305,0.68,ok
QRF,"{""n_estimators"": 100, ""min_samples_leaf"": 10, ""max_features"": 1.0}",0.42525,0.40745,0.44305,0.68,ok
QRF,"{""n_estimators"": 100, ""min_samples_leaf"": 20, ""max_features"": ""sqrt""}",0.61847,0.62326,0.61367,0.6,ok
QRF,"{""n_estimators"": 100, ""min_samples_leaf"": 20, ""max_features"": 0.5}",0.61847,0.62326,0.61367,0.62,ok
QRF,"{""n_estimators"": 100, ""min_samples_leaf"": 20, ""max_features"": 1.0}",0.61847,0.62326,0.61367,0.59,ok
QRF,"{""n_estimators"": 100, ""min_samples_leaf"": 50, ""max_features"": ""sqrt""}",0.61847,0.62326,0.61367,0.6,ok
QRF,"{""n_estimators"": 100, ""min_samples_leaf"": 50, ""max_features"": 0.5}",0.61847,0.62326,0.61367,0.6,ok
QRF,"{""n_estimators"": 100, ""min_samples_leaf"": 50, ""max_features"": 1.0}",0.61847,0.62326,0.61367,0.57,ok
QRF,"{""n_estimators"": 150, ""min_samples_leaf"": 2, ""max_features"": ""sqrt""}",0.21107,0.16878,0.25336,0.94,ok
QRF,"{""n_estimators"": 150, ""min_samples_leaf"": 2, ""max_features"": 0.5}",0.21107,0.16878,0.25336,0.96,ok
QRF,"{""n_estimators"": 150, ""min_samples_leaf"": 2, ""max_features"": 1.0}",0.21107,0.16878,0.25336,0.94,ok
QRF,"{""n_estimators"": 150, ""min_samples_leaf"": 5, ""max_features"": ""sqrt""}",0.22059,0.25561,0.18558,0.94,ok
QRF,"{""n_estimators"": 150, ""min_samples_leaf"": 5, ""max_features"": 0.5}",0.22059,0.25561,0.18558,0.93,ok
QRF,"{""n_estimators"": 150, ""min_samples_leaf"": 5, ""max_features"": 1.0}",0.22059,0.25561,0.18558,0.94,ok
QRF,"{""n_estimators"": 150, ""min_samples_leaf"": 10, ""max_features"": ""sqrt""}",0.42504,0.4081,0.44198,0.94,ok
QRF,"{""n_estimators"": 150, ""min_samples_leaf"": 10, ""max_features"": 0.5}",0.42504,0.4081,0.44198,0.97,ok
QRF,"{""n_estimators"": 150, ""min_samples_leaf"": 10, ""max_features"": 1.0}",0.42504,0.4081,0.44198,0.93,ok
QRF,"{""n_estimators"": 150, ""min_samples_leaf"": 20, ""max_features"": ""sqrt""}",0.61847,0.62326,0.61367,0.93,ok
QRF,"{""n_estimators"": 150, ""min_samples_leaf"": 20, ""max_features"": 0.5}",0.61847,0.62326,0.61367,0.87,ok
QRF,"{""n_estimators"": 150, ""min_samples_leaf"": 20, ""max_features"": 1.0}",0.61847,0.62326,0.61367,0.84,ok
QRF,"{""n_estimators"": 150, ""min_samples_leaf"": 50, ""max_features"": ""sqrt""}",0.61847,0.62326,0.61367,0.86,ok
QRF,"{""n_estimators"": 150, ""min_samples_leaf"": 50, ""max_features"": 0.5}",0.61847,0.62326,0.61367,0.85,ok
QRF,"{""n_estimators"": 150, ""min_samples_leaf"": 50, ""max_features"": 1.0}",0.61847,0.62326,0.61367,0.82,ok
QRF,"{""n_estimators"": 200, ""min_samples_leaf"": 2, ""max_features"": ""sqrt""}",0.21253,0.16905,0.25601,1.21,ok
QRF,"{""n_estimators"": 200, ""min_samples_leaf"": 2, ""max_features"": 0.5}",0.21253,0.16905,0.25601,1.16,ok
QRF,"{""n_estimators"": 200, ""min_samples_leaf"": 2, ""max_features"": 1.0}",0.21253,0.16905,0.25601,1.22,ok
QRF,"{""n_estimators"": 200, ""min_samples_leaf"": 5, ""max_features"": ""sqrt""}",0.22045,0.25529,0.18562,1.15,ok
QRF,"{""n_estimators"": 200, ""min_samples_leaf"": 5, ""max_features"": 0.5}",0.22045,0.25529,0.18562,1.18,ok
QRF,"{""n_estimators"": 200, ""min_samples_leaf"": 5, ""max_features"": 1.0}",0.22045,0.25529,0.18562,1.18,ok
QRF,"{""n_estimators"": 200, ""min_samples_leaf"": 10, ""max_features"": ""sqrt""}",0.42569,0.40835,0.44302,1.18,ok
QRF,"{""n_estimators"": 200, ""min_samples_leaf"": 10, ""max_features"": 0.5}",0.42569,0.40835,0.44302,1.22,ok
QRF,"{""n_estimators"": 200, ""min_samples_leaf"": 10, ""max_features"": 1.0}",0.42569,0.40835,0.44302,1.15,ok
QRF,"{""n_estimators"": 200, ""min_samples_leaf"": 20, ""max_features"": ""sqrt""}",0.61847,0.62326,0.61367,1.07,ok
QRF,"{""n_estimators"": 200, ""min_samples_leaf"": 20, ""max_features"": 0.5}",0.61847,0.62326,0.61367,1.06,ok
QRF,"{""n_estimators"": 200, ""min_samples_leaf"": 20, ""max_features"": 1.0}",0.61847,0.62326,0.61367,1.08,ok
QRF,"{""n_estimators"": 200, ""min_samples_leaf"": 50, ""max_features"": ""sqrt""}",0.61847,0.62326,0.61367,1.08,ok
QRF,"{""n_estimators"": 200, ""min_samples_leaf"": 50, ""max_features"": 0.5}",0.61847,0.62326,0.61367,1.07,ok
QRF,"{""n_estimators"": 200, ""min_samples_leaf"": 50, ""max_features"": 1.0}",0.61847,0.62326,0.61367,1.09,ok
QRF,"{""n_estimators"": 300, ""min_samples_leaf"": 2, ""max_features"": ""sqrt""}",0.21297,0.16989,0.25606,1.69,ok
QRF,"{""n_estimators"": 300, ""min_samples_leaf"": 2, ""max_features"": 0.5}",0.21297,0.16989,0.25606,1.68,ok
QRF,"{""n_estimators"": 300, ""min_samples_leaf"": 2, ""max_features"": 1.0}",0.21297,0.16989,0.25606,1.72,ok
QRF,"{""n_estimators"": 300, ""min_samples_leaf"": 5, ""max_features"": ""sqrt""}",0.22119,0.25519,0.1872,1.67,ok
QRF,"{""n_estimators"": 300, ""min_samples_leaf"": 5, ""max_features"": 0.5}",0.22119,0.25519,0.1872,1.69,ok
QRF,"{""n_estimators"": 300, ""min_samples_leaf"": 5, ""max_features"": 1.0}",0.22119,0.25519,0.1872,1.69,ok
QRF,"{""n_estimators"": 300, ""min_samples_leaf"": 10, ""max_features"": ""sqrt""}",0.4262,0.408,0.44439,1.64,ok
QRF,"{""n_estimators"": 300, ""min_samples_leaf"": 10, ""max_features"": 0.5}",0.4262,0.408,0.44439,1.66,ok
QRF,"{""n_estimators"": 300, ""min_samples_leaf"": 10, ""max_features"": 1.0}",0.4262,0.408,0.44439,1.7,ok
QRF,"{""n_estimators"": 300, ""min_samples_leaf"": 20, ""max_features"": ""sqrt""}",0.61847,0.62326,0.61367,1.55,ok
QRF,"{""n_estimators"": 300, ""min_samples_leaf"": 20, ""max_features"": 0.5}",0.61847,0.62326,0.61367,1.56,ok
QRF,"{""n_estimators"": 300, ""min_samples_leaf"": 20, ""max_features"": 1.0}",0.61847,0.62326,0.61367,1.57,ok
QRF,"{""n_estimators"": 300, ""min_samples_leaf"": 50, ""max_features"": ""sqrt""}",0.61847,0.62326,0.61367,1.55,ok
QRF,"{""n_estimators"": 300, ""min_samples_leaf"": 50, ""max_features"": 0.5}",0.61847,0.62326,0.61367,1.63,ok
QRF,"{""n_estimators"": 300, ""min_samples_leaf"": 50, ""max_features"": 1.0}",0.61847,0.62326,0.61367,1.55,ok
QRF,"{""n_estimators"": 500, ""min_samples_leaf"": 2, ""max_features"": ""sqrt""}",0.2125,0.16998,0.25503,2.68,ok
QRF,"{""n_estimators"": 500, ""min_samples_leaf"": 2, ""max_features"": 0.5}",0.2125,0.16998,0.25503,2.68,ok
QRF,"{""n_estimators"": 500, ""min_samples_leaf"": 2, ""max_features"": 1.0}",0.2125,0.16998,0.25503,2.7,ok
QRF,"{""n_estimators"": 500, ""min_samples_leaf"": 5, ""max_features"": ""sqrt""}",0.22425,0.25644,0.19205,2.68,ok
QRF,"{""n_estimators"": 500, ""min_samples_leaf"": 5, ""max_features"": 0.5}",0.22425,0.25644,0.19205,2.64,ok
QRF,"{""n_estimators"": 500, ""min_samples_leaf"": 5, ""max_features"": 1.0}",0.22425,0.25644,0.19205,2.74,ok
QRF,"{""n_estimators"": 500, ""min_samples_leaf"": 10, ""max_features"": ""sqrt""}",0.42688,0.4083,0.44546,2.72,ok
QRF,"{""n_estimators"": 500, ""min_samples_leaf"": 10, ""max_features"": 0.5}",0.42688,0.4083,0.44546,2.62,ok
QRF,"{""n_estimators"": 500, ""min_samples_leaf"": 10, ""max_features"": 1.0}",0.42688,0.4083,0.44546,2.65,ok
QRF,"{""n_estimators"": 500, ""min_samples_leaf"": 20, ""max_features"": ""sqrt""}",0.61847,0.62326,0.61367,2.52,ok
QRF,"{""n_estimators"": 500, ""min_samples_leaf"": 20, ""max_features"": 0.5}",0.61847,0.62326,0.61367,2.48,ok
QRF,"{""n_estimators"": 500, ""min_samples_leaf"": 20, ""max_features"": 1.0}",0.61847,0.62326,0.61367,2.52,ok
QRF,"{""n_estimators"": 500, ""min_samples_leaf"": 50, ""max_features"": ""sqrt""}",0.61847,0.62326,0.61367,2.47,ok
QRF,"{""n_estimators"": 500, ""min_samples_leaf"": 50, ""max_features"": 0.5}",0.61847,0.62326,0.61367,2.51,ok
QRF,"{""n_estimators"": 500, ""min_samples_leaf"": 50, ""max_features"": 1.0}",0.61847,0.62326,0.61367,2.48,ok
SVM,"{""gamma"": 0.0009765625, ""C"": 0.0009765625}",0.98802,0.92444,1.05159,0.01,ok
SVM,"{""gamma"": 0.0009765625, ""C"": 0.0013810679320049757}",0.98177,0.91803,1.04552,0.01,ok
SVM,"{""gamma"": 0.0009765625, ""C"": 0.001953125}",0.97296,0.90898,1.03694,0.01,ok
SVM,"{""gamma"": 0.0009765625, ""C"": 0.0027621358640099515}",0.9615,0.89624,1.02677,0.02,ok
SVM,"{""gamma"": 0.0009765625, ""C"": 0.00390625}",0.94571,0.88092,1.0105,0.01,ok
SVM,"{""gamma"": 0.0009765625, ""C"": 0.005524271728019903}",0.92411,0.85682,0.9914,0.01,ok
SVM,"{""gamma"": 0.0009765625, ""C"": 0.0078125}",0.89718,0.82824,0.96612,0.01,ok
SVM,"{""gamma"": 0.0009765625, ""C"": 0.011048543456039806}",0.8617,0.79056,0.93285,0.02,ok
SVM,"{""gamma"": 0.0009765625, ""C"": 0.015625}",0.8151,0.75118,0.87903,0.02,ok
SVM,"{""gamma"": 0.0009765625, ""C"": 0.02209708691207961}",0.76582,0.70303,0.82861,0.03,ok
SVM,"{""gamma"": 0.0009765625, ""C"": 0.03125}",0.72246,0.66784,0.77708,0.02,ok
SVM,"{""gamma"": 0.0009765625, ""C"": 0.04419417382415922}",0.65001,0.59476,0.70525,0.02,ok
SVM,"{""gamma"": 0.0009765625, ""C"": 0.0625}",0.58776,0.53417,0.64135,0.02,ok
SVM,"{""gamma"": 0.0009765625, ""C"": 0.08838834764831845}",0.52693,0.47923,0.57463,0.02,ok
SVM,"{""gamma"": 0.0009765625, ""C"": 0.125}",0.48322,0.45995,0.5065,0.02,ok
SVM,"{""gamma"": 0.0009765625, ""C"": 0.1767766952966369}",0.44848,0.44242,0.45454,0.02,ok
SVM,"{""gamma"": 0.0009765625, ""C"": 0.25}",0.44724,0.45115,0.44333,0.05,ok
SVM,"{""gamma"": 0.0009765625, ""C"": 0.3535533905932738}",0.4502,0.45893,0.44148,0.03,ok
SVM,"{""gamma"": 0.0009765625, ""C"": 0.5}",0.45524,0.46705,0.44342,0.02,ok
SVM,"{""gamma"": 0.0009765625, ""C"": 0.7071067811865476}",0.50045,0.50689,0.49401,0.03,ok
SVM,"{""gamma"": 0.0009765625, ""C"": 1.0}",0.50458,0.51513,0.49403,0.04,ok
SVM,"{""gamma"": 0.0009765625, ""C"": 1.4142135623730951}",0.55502,0.51417,0.59586,0.05,ok
SVM,"{""gamma"": 0.0009765625, ""C"": 2.0}",0.55431,0.51284,0.59579,0.05,ok
SVM,"{""gamma"": 0.0009765625, ""C"": 2.8284271247461903}",0.55333,0.51098,0.59568,0.05,ok
SVM,"{""gamma"": 0.0009765625, ""C"": 4.0}",0.6109,0.60999,0.61181,0.05,ok
SVM,"{""gamma"": 0.0009765625, ""C"": 5.656854249492381}",0.6085,0.60523,0.61176,0.05,ok
SVM,"{""gamma"": 0.0009765625, ""C"": 8.0}",0.6052,0.59871,0.61169,0.07,ok
SVM,"{""gamma"": 0.0009765625, ""C"": 11.313708498984761}",0.60074,0.58987,0.6116,0.08,ok
SVM,"{""gamma"": 0.0009765625, ""C"": 16.0}",0.59486,0.57823,0.61149,0.08,ok
SVM,"{""gamma"": 0.0009765625, ""C"": 22.627416997969522}",0.58746,0.56355,0.61137,0.09,ok
SVM,"{""gamma"": 0.0009765625, ""C"": 32.0}",0.57896,0.54667,0.61126,0.11,ok
SVM,"{""gamma"": 0.0009765625, ""C"": 45.254833995939045}",0.57844,0.54564,0.61123,0.12,ok
SVM,"{""gamma"": 0.0009765625, ""C"": 64.0}",0.57861,0.54575,0.61146,0.15,ok
SVM,"{""gamma"": 0.0009765625, ""C"": 90.50966799187809}",0.58245,0.5526,0.61231,0.15,ok
SVM,"{""gamma"": 0.0009765625, ""C"": 128.0}",0.58352,0.5525,0.61454,0.18,ok
SVM,"{""gamma"": 0.0009765625, ""C"": 181.01933598375618}",0.58605,0.55237,0.61973,0.22,ok
SVM,"{""gamma"": 0.0009765625, ""C"": 256.0}",0.59162,0.55218,0.63107,0.22,ok
SVM,"{""gamma"": 0.0009765625, ""C"": 362.03867196751236}",0.60325,0.5519,0.65459,0.22,ok
SVM,"{""gamma"": 0.0009765625, ""C"": 512.0}",0.62635,0.55152,0.70118,0.24,ok
SVM,"{""gamma"": 0.0009765625, ""C"": 724.0773439350247}",0.66288,0.55098,0.77479,0.34,ok
SVM,"{""gamma"": 0.0009765625, ""C"": 1024.0}",0.66174,0.55022,0.77326,0.3,ok
SVM,"{""gamma"": 0.0013810679320049757, ""C"": 0.0009765625}",0.98803,0.92446,1.0516,0.01,ok
SVM,"{""gamma"": 0.0013810679320049757, ""C"": 0.0013810679320049757}",0.98179,0.91805,1.04553,0.01,ok
SVM,"{""gamma"": 0.0013810679320049757, ""C"": 0.001953125}",0.97299,0.90902,1.03696,0.01,ok
SVM,"{""gamma"": 0.0013810679320049757, ""C"": 0.0027621358640099515}",0.96154,0.89629,1.02679,0.01,ok
SVM,"{""gamma"": 0.0013810679320049757, ""C"": 0.00390625}",0.94576,0.88098,1.01053,0.01,ok
SVM,"{""gamma"": 0.0013810679320049757, ""C"": 0.005524271728019903}",0.92418,0.85692,0.99144,0.01,ok
SVM,"{""gamma"": 0.0013810679320049757, ""C"": 0.0078125}",0.89727,0.82837,0.96617,0.01,ok
SVM,"{""gamma"": 0.0013810679320049757, ""C"": 0.011048543456039806}",0.86182,0.79073,0.93292,0.01,ok
SVM,"{""gamma"": 0.0013810679320049757, ""C"": 0.015625}",0.81526,0.7514,0.87912,0.01,ok
SVM,"{""gamma"": 0.0013810679320049757, ""C"": 0.02209708691207961}",0.76578,0.70315,0.82841,0.02,ok
SVM,"{""gamma"": 0.0013810679320049757, ""C"": 0.03125}",0.72248,0.66794,0.77702,0.02,ok
SVM,"{""gamma"": 0.0013810679320049757, ""C"": 0.04419417382415922}",0.65,0.59498,0.70503,0.02,ok
SVM,"{""gamma"": 0.0013810679320049757, ""C"": 0.0625}",0.58784,0.53423,0.64144,0.02,ok
SVM,"{""gamma"": 0.0013810679320049757, ""C"": 0.08838834764831845}",0.5271,0.47956,0.57465,0.02,ok
SVM,"{""gamma"": 0.0013810679320049757, ""C"": 0.125}",0.48335,0.46024,0.50645,0.02,ok
SVM,"{""gamma"": 0.0013810679320049757, ""C"": 0.1767766952966369}",0.44846,0.44262,0.4543,0.02,ok
SVM,"{""gamma"": 0.0013810679320049757, ""C"": 0.25}",0.44726,0.45147,0.44305,0.04,ok
SVM,"{""gamma"": 0.0013810679320049757, ""C"": 0.3535533905932738}",0.45048,0.45979,0.44117,0.03,ok
SVM,"{""gamma"": 0.0013810679320049757, ""C"": 0.5}",0.45477,0.46652,0.44303,0.03,ok
SVM,"{""gamma"": 0.0013810679320049757, ""C"": 0.7071067811865476}",0.49956,0.50577,0.49335,0.03,ok
SVM,"{""gamma"": 0.0013810679320049757, ""C"": 1.0}",0.50365,0.51392,0.49338,0.04,ok
SVM,"{""gamma"": 0.0013810679320049757, ""C"": 1.4142135623730951}",0.55381,0.51259,0.59502,0.05,ok
SVM,"{""gamma"": 0.0013810679320049757, ""C"": 2.0}",0.55283,0.51075,0.59492,0.05,ok
SVM,"{""gamma"": 0.0013810679320049757, ""C"": 2.8284271247461903}",0.55226,0.50976,0.59477,0.05,ok
SVM,"{""gamma"": 0.0013810679320049757, ""C"": 4.0}",0.6079,0.60477,0.61103,0.06,ok
SVM,"{""gamma"": 0.0013810679320049757, ""C"": 5.656854249492381}",0.60462,0.59827,0.61096,0.06,ok
SVM,"{""gamma"": 0.0013810679320049757, ""C"": 8.0}",0.60018,0.58949,0.61086,0.07,ok
SVM,"{""gamma"": 0.0013810679320049757, ""C"": 11.313708498984761}",0.59433,0.57791,0.61074,0.08,ok
SVM,"{""gamma"": 0.0013810679320049757, ""C"": 16.0}",0.58697,0.56333,0.61061,0.08,ok
SVM,"{""gamma"": 0.0013810679320049757, ""C"": 22.627416997969522}",0.57853,0.54657,0.61048,0.1,ok
SVM,"{""gamma"": 0.0013810679320049757, ""C"": 32.0}",0.57817,0.54591,0.61043,0.11,ok
SVM,"{""gamma"": 0.0013810679320049757, ""C"": 45.254833995939045}",0.57824,0.54585,0.61062,0.13,ok
SVM,"{""gamma"": 0.0013810679320049757, ""C"": 64.0}",0.58218,0.55295,0.61142,0.16,ok
SVM,"{""gamma"": 0.0013810679320049757, ""C"": 90.50966799187809}",0.58319,0.55281,0.61357,0.16,ok
SVM,"{""gamma"": 0.0013810679320049757, ""C"": 128.0}",0.58565,0.55262,0.61867,0.18,ok
SVM,"{""gamma"": 0.0013810679320049757, ""C"": 181.01933598375618}",0.5911,0.55235,0.62986,0.2,ok
SVM,"{""gamma"": 0.0013810679320049757, ""C"": 256.0}",0.60258,0.55197,0.65318,0.21,ok
SVM,"{""gamma"": 0.0013810679320049757, ""C"": 362.03867196751236}",0.62547,0.55143,0.69952,0.2,ok
SVM,"{""gamma"": 0.0013810679320049757, ""C"": 512.0}",0.66117,0.55066,0.77167,0.28,ok
SVM,"{""gamma"": 0.0013810679320049757, ""C"": 724.0773439350247}",0.65955,0.54958,0.76952,0.27,ok
SVM,"{""gamma"": 0.0013810679320049757, ""C"": 1024.0}",0.65726,0.54805,0.76647,0.34,ok
SVM,"{""gamma"": 0.001953125, ""C"": 0.0009765625}",0.98805,0.92448,1.05161,0.01,ok
SVM,"{""gamma"": 0.001953125, ""C"": 0.0013810679320049757}",0.98182,0.91809,1.04555,0.01,ok
SVM,"{""gamma"": 0.001953125, ""C"": 0.001953125}",0.97302,0.90907,1.03698,0.01,ok
SVM,"{""gamma"": 0.001953125, ""C"": 0.0027621358640099515}",0.96159,0.89636,1.02682,0.01,ok
SVM,"{""gamma"": 0.001953125, ""C"": 0.00390625}",0.94582,0.88108,1.01057,0.01,ok
SVM,"{""gamma"": 0.001953125, ""C"": 0.005524271728019903}",0.92428,0.85705,0.9915,0.01,ok
SVM,"{""gamma"": 0.001953125, ""C"": 0.0078125}",0.8974,0.82855,0.96624,0.01,ok
SVM,"{""gamma"": 0.001953125, ""C"": 0.011048543456039806}",0.86199,0.79097,0.93302,0.02,ok
SVM,"{""gamma"": 0.001953125, ""C"": 0.015625}",0.81548,0.75171,0.87926,0.01,ok
SVM,"{""gamma"": 0.001953125, ""C"": 0.02209708691207961}",0.76572,0.7033,0.82813,0.02,ok
SVM,"{""gamma"": 0.001953125, ""C"": 0.03125}",0.72251,0.66808,0.77694,0.02,ok
SVM,"{""gamma"": 0.001953125, ""C"": 0.04419417382415922}",0.65,0.59529,0.70471,0.02,ok
SVM,"{""gamma"": 0.001953125, ""C"": 0.0625}",0.58795,0.53432,0.64157,0.02,ok
SVM,"{""gamma"": 0.001953125, ""C"": 0.08838834764831845}",0.52734,0.48001,0.57467,0.02,ok
SVM,"{""gamma"": 0.001953125, ""C"": 0.125}",0.48353,0.46066,0.5064,0.02,ok
SVM,"{""gamma"": 0.001953125, ""C"": 0.1767766952966369}",0.44844,0.44291,0.45397,0.03,ok
SVM,"{""gamma"": 0.001953125, ""C"": 0.25}",0.44729,0.45192,0.44266,0.04,ok
SVM,"{""gamma"": 0.001953125, ""C"": 0.3535533905932738}",0.45088,0.46103,0.44073,0.03,ok
SVM,"{""gamma"": 0.001953125, ""C"": 0.5}",0.45413,0.46579,0.44247,0.03,ok
SVM,"{""gamma"": 0.001953125, ""C"": 0.7071067811865476}",0.49833,0.50423,0.49243,0.03,ok
SVM,"{""gamma"": 0.001953125, ""C"": 1.0}",0.50236,0.51226,0.49247,0.03,ok
SVM,"{""gamma"": 0.001953125, ""C"": 1.4142135623730951}",0.55213,0.51043,0.59384,0.04,ok
SVM,"{""gamma"": 0.001953125, ""C"": 2.0}",0.5508,0.50792,0.59368,0.04,ok
SVM,"{""gamma"": 0.001953125, ""C"": 2.8284271247461903}",0.55105,0.50863,0.59347,0.05,ok
SVM,"{""gamma"": 0.001953125, ""C"": 4.0}",0.6038,0.59767,0.60993,0.05,ok
SVM,"{""gamma"": 0.001953125, ""C"": 5.656854249492381}",0.59939,0.58895,0.60982,0.06,ok
SVM,"{""gamma"": 0.001953125, ""C"": 8.0}",0.59358,0.57747,0.60969,0.07,ok
SVM,"{""gamma"": 0.001953125, ""C"": 11.313708498984761}",0.58628,0.56302,0.60954,0.08,ok
SVM,"{""gamma"": 0.001953125, ""C"": 16.0}",0.57791,0.54644,0.60939,0.08,ok
SVM,"{""gamma"": 0.001953125, ""C"": 22.627416997969522}",0.5778,0.54629,0.6093,0.1,ok
SVM,"{""gamma"": 0.001953125, ""C"": 32.0}",0.57782,0.54621,0.60944,0.11,ok
SVM,"{""gamma"": 0.001953125, ""C"": 45.254833995939045}",0.5818,0.55345,0.61016,0.12,ok
SVM,"{""gamma"": 0.001953125, ""C"": 64.0}",0.58273,0.55325,0.61221,0.18,ok
SVM,"{""gamma"": 0.001953125, ""C"": 90.50966799187809}",0.58507,0.55298,0.61716,0.19,ok
SVM,"{""gamma"": 0.001953125, ""C"": 128.0}",0.59037,0.5526,0.62815,0.19,ok
SVM,"{""gamma"": 0.001953125, ""C"": 181.01933598375618}",0.60163,0.55206,0.6512,0.19,ok
SVM,"{""gamma"": 0.001953125, ""C"": 256.0}",0.62424,0.55129,0.69718,0.18,ok
SVM,"{""gamma"": 0.001953125, ""C"": 362.03867196751236}",0.65875,0.55021,0.76728,0.27,ok
SVM,"{""gamma"": 0.001953125, ""C"": 512.0}",0.65647,0.54868,0.76425,0.26,ok
SVM,"{""gamma"": 0.001953125, ""C"": 724.0773439350247}",0.65325,0.54653,0.75997,0.26,ok
SVM,"{""gamma"": 0.001953125, ""C"": 1024.0}",0.6487,0.54348,0.75392,0.31,ok
SVM,"{""gamma"": 0.0027621358640099515, ""C"": 0.0009765625}",0.98807,0.92452,1.05163,0.01,ok
SVM,"{""gamma"": 0.0027621358640099515, ""C"": 0.0013810679320049757}",0.98185,0.91814,1.04557,0.01,ok
SVM,"{""gamma"": 0.0027621358640099515, ""C"": 0.001953125}",0.97308,0.90914,1.03701,0.01,ok
SVM,"{""gamma"": 0.0027621358640099515, ""C"": 0.0027621358640099515}",0.96166,0.89646,1.02686,0.02,ok
SVM,"{""gamma"": 0.0027621358640099515, ""C"": 0.00390625}",0.94592,0.88122,1.01063,0.01,ok
SVM,"{""gamma"": 0.0027621358640099515, ""C"": 0.005524271728019903}",0.92441,0.85724,0.99158,0.01,ok
SVM,"{""gamma"": 0.0027621358640099515, ""C"": 0.0078125}",0.89758,0.8288,0.96635,0.02,ok
SVM,"{""gamma"": 0.0027621358640099515, ""C"": 0.011048543456039806}",0.86223,0.7913,0.93316,0.01,ok
SVM,"{""gamma"": 0.0027621358640099515, ""C"": 0.015625}",0.8158,0.75215,0.87945,0.01,ok
SVM,"{""gamma"": 0.0027621358640099515, ""C"": 0.02209708691207961}",0.76563,0.70353,0.82774,0.02,ok
SVM,"{""gamma"": 0.0027621358640099515, ""C"": 0.03125}",0.72256,0.66828,0.77683,0.02,ok
SVM,"{""gamma"": 0.0027621358640099515, ""C"": 0.04419417382415922}",0.65,0.59572,0.70428,0.02,ok
SVM,"{""gamma"": 0.0027621358640099515, ""C"": 0.0625}",0.5881,0.53445,0.64175,0.02,ok
SVM,"{""gamma"": 0.0027621358640099515, ""C"": 0.08838834764831845}",0.52776,0.48082,0.5747,0.02,ok
SVM,"{""gamma"": 0.0027621358640099515, ""C"": 0.125}",0.48378,0.46124,0.50632,0.02,ok
SVM,"{""gamma"": 0.0027621358640099515, ""C"": 0.1767766952966369}",0.44841,0.44332,0.4535,0.02,ok
SVM,"{""gamma"": 0.0027621358640099515, ""C"": 0.25}",0.44737,0.45257,0.44217,0.04,ok
SVM,"{""gamma"": 0.0027621358640099515, ""C"": 0.3535533905932738}",0.45147,0.46283,0.44012,0.03,ok
SVM,"{""gamma"": 0.0027621358640099515, ""C"": 0.5}",0.45326,0.46482,0.44169,0.03,ok
SVM,"{""gamma"": 0.0027621358640099515, ""C"": 0.7071067811865476}",0.49663,0.50212,0.49113,0.03,ok
SVM,"{""gamma"": 0.0027621358640099515, ""C"": 1.0}",0.50059,0.51,0.49118,0.03,ok
SVM,"{""gamma"": 0.0027621358640099515, ""C"": 1.4142135623730951}",0.54984,0.50752,0.59216,0.04,ok
SVM,"{""gamma"": 0.0027621358640099515, ""C"": 2.0}",0.54804,0.50414,0.59194,0.04,ok
SVM,"{""gamma"": 0.0027621358640099515, ""C"": 2.8284271247461903}",0.54945,0.50727,0.59163,0.04,ok
SVM,"{""gamma"": 0.0027621358640099515, ""C"": 4.0}",0.59828,0.58821,0.60835,0.06,ok
SVM,"{""gamma"": 0.0027621358640099515, ""C"": 5.656854249492381}",0.59253,0.57686,0.6082,0.06,ok
SVM,"{""gamma"": 0.0027621358640099515, ""C"": 8.0}",0.58531,0.56259,0.60803,0.07,ok
SVM,"{""gamma"": 0.0027621358640099515, ""C"": 11.313708498984761}",0.57738,0.54692,0.60784,0.07,ok
SVM,"{""gamma"": 0.0027621358640099515, ""C"": 16.0}",0.57727,0.54683,0.6077,0.09,ok
SVM,"{""gamma"": 0.0027621358640099515, ""C"": 22.627416997969522}",0.57724,0.54671,0.60777,0.1,ok
SVM,"{""gamma"": 0.0027621358640099515, ""C"": 32.0}",0.58127,0.55414,0.60839,0.12,ok
SVM,"{""gamma"": 0.0027621358640099515, ""C"": 45.254833995939045}",0.58208,0.55387,0.61029,0.14,ok
SVM,"{""gamma"": 0.0027621358640099515, ""C"": 64.0}",0.58426,0.55349,0.61504,0.16,ok
SVM,"{""gamma"": 0.0027621358640099515, ""C"": 90.50966799187809}",0.58934,0.55295,0.62574,0.19,ok
SVM,"{""gamma"": 0.0027621358640099515, ""C"": 128.0}",0.60029,0.55218,0.6484,0.21,ok
SVM,"{""gamma"": 0.0027621358640099515, ""C"": 181.01933598375618}",0.62249,0.5511,0.69389,0.21,ok
SVM,"{""gamma"": 0.0027621358640099515, ""C"": 256.0}",0.65534,0.54957,0.76112,0.27,ok
SVM,"{""gamma"": 0.0027621358640099515, ""C"": 362.03867196751236}",0.65213,0.54741,0.75686,0.26,ok
SVM,"{""gamma"": 0.0027621358640099515, ""C"": 512.0}",0.6476,0.54436,0.75084,0.24,ok
SVM,"{""gamma"": 0.0027621358640099515, ""C"": 724.0773439350247}",0.64121,0.54007,0.74234,0.29,ok
SVM,"{""gamma"": 0.0027621358640099515, ""C"": 1024.0}",0.62853,0.52671,0.73035,0.28,ok
SVM,"{""gamma"": 0.00390625, ""C"": 0.0009765625}",0.98811,0.92457,1.05165,0.01,ok
SVM,"{""gamma"": 0.00390625, ""C"": 0.0013810679320049757}",0.9819,0.91821,1.0456,0.01,ok
SVM,"{""gamma"": 0.00390625, ""C"": 0.001953125}",0.97315,0.90923,1.03706,0.01,ok
SVM,"{""gamma"": 0.00390625, ""C"": 0.0027621358640099515}",0.96176,0.89659,1.02692,0.01,ok
SVM,"{""gamma"": 0.00390625, ""C"": 0.00390625}",0.94606,0.8814,1.01071,0.01,ok
SVM,"{""gamma"": 0.00390625, ""C"": 0.005524271728019903}",0.9246,0.85751,0.9917,0.01,ok
SVM,"{""gamma"": 0.00390625, ""C"": 0.0078125}",0.89783,0.82916,0.9665,0.02,ok
SVM,"{""gamma"": 0.00390625, ""C"": 0.011048543456039806}",0.86257,0.79177,0.93336,0.01,ok
SVM,"{""gamma"": 0.00390625, ""C"": 0.015625}",0.81624,0.75276,0.87972,0.01,ok
SVM,"{""gamma"": 0.00390625, ""C"": 0.02209708691207961}",0.76552,0.70385,0.82718,0.02,ok
SVM,"{""gamma"": 0.00390625, ""C"": 0.03125}",0.72262,0.66857,0.77668,0.02,ok
SVM,"{""gamma"": 0.00390625, ""C"": 0.04419417382415922}",0.65,0.59632,0.70367,0.01,ok
SVM,"{""gamma"": 0.00390625, ""C"": 0.0625}",0.58832,0.53464,0.64201,0.02,ok
SVM,"{""gamma"": 0.00390625, ""C"": 0.08838834764831845}",0.52835,0.48196,0.57475,0.02,ok
SVM,"{""gamma"": 0.00390625, ""C"": 0.125}",0.48414,0.46208,0.5062,0.02,ok
SVM,"{""gamma"": 0.00390625, ""C"": 0.1767766952966369}",0.44837,0.44391,0.45283,0.02,ok
SVM,"{""gamma"": 0.00390625, ""C"": 0.25}",0.44748,0.45349,0.44146,0.04,ok
SVM,"{""gamma"": 0.00390625, ""C"": 0.3535533905932738}",0.45217,0.46509,0.43925,0.04,ok
SVM,"{""gamma"": 0.00390625, ""C"": 0.5}",0.45339,0.46618,0.4406,0.03,ok
SVM,"{""gamma"": 0.00390625, ""C"": 0.7071067811865476}",0.4943,0.4993,0.4893,0.03,ok
SVM,"{""gamma"": 0.00390625, ""C"": 1.0}",0.49817,0.50697,0.48937,0.04,ok
SVM,"{""gamma"": 0.00390625, ""C"": 1.4142135623730951}",0.54672,0.50366,0.58978,0.04,ok
SVM,"{""gamma"": 0.00390625, ""C"": 2.0}",0.54436,0.49925,0.58947,0.04,ok
SVM,"{""gamma"": 0.00390625, ""C"": 2.8284271247461903}",0.54742,0.50581,0.58903,0.05,ok
SVM,"{""gamma"": 0.00390625, ""C"": 4.0}",0.59106,0.57601,0.60611,0.05,ok
SVM,"{""gamma"": 0.00390625, ""C"": 5.656854249492381}",0.58395,0.562,0.60589,0.05,ok
SVM,"{""gamma"": 0.00390625, ""C"": 8.0}",0.57668,0.54771,0.60566,0.08,ok
SVM,"{""gamma"": 0.00390625, ""C"": 11.313708498984761}",0.57652,0.54759,0.60545,0.08,ok
SVM,"{""gamma"": 0.00390625, ""C"": 16.0}",0.57642,0.54742,0.60542,0.09,ok
SVM,"{""gamma"": 0.00390625, ""C"": 22.627416997969522}",0.58051,0.55512,0.60589,0.11,ok
SVM,"{""gamma"": 0.00390625, ""C"": 32.0}",0.58117,0.55474,0.60759,0.14,ok
SVM,"{""gamma"": 0.00390625, ""C"": 45.254833995939045}",0.58312,0.55419,0.61205,0.15,ok
SVM,"{""gamma"": 0.00390625, ""C"": 64.0}",0.58789,0.55343,0.62235,0.15,ok
SVM,"{""gamma"": 0.00390625, ""C"": 90.50966799187809}",0.59841,0.55234,0.64447,0.16,ok
SVM,"{""gamma"": 0.00390625, ""C"": 128.0}",0.62003,0.55081,0.68926,0.18,ok
SVM,"{""gamma"": 0.00390625, ""C"": 181.01933598375618}",0.65057,0.54865,0.75249,0.21,ok
SVM,"{""gamma"": 0.00390625, ""C"": 256.0}",0.64606,0.5456,0.74652,0.21,ok
SVM,"{""gamma"": 0.00390625, ""C"": 362.03867196751236}",0.63969,0.5413,0.73808,0.27,ok
SVM,"{""gamma"": 0.00390625, ""C"": 512.0}",0.6277,0.52923,0.72618,0.23,ok
SVM,"{""gamma"": 0.00390625, ""C"": 724.0773439350247}",0.61862,0.52783,0.70941,0.29,ok
SVM,"{""gamma"": 0.00390625, ""C"": 1024.0}",0.60541,0.52501,0.6858,0.29,ok
SVM,"{""gamma"": 0.005524271728019903, ""C"": 0.0009765625}",0.98816,0.92463,1.05168,0.01,ok
SVM,"{""gamma"": 0.005524271728019903, ""C"": 0.0013810679320049757}",0.98197,0.9183,1.04564,0.01,ok
SVM,"{""gamma"": 0.005524271728019903, ""C"": 0.001953125}",0.97325,0.90937,1.03712,0.01,ok
SVM,"{""gamma"": 0.005524271728019903, ""C"": 0.0027621358640099515}",0.9619,0.89679,1.02701,0.01,ok
SVM,"{""gamma"": 0.005524271728019903, ""C"": 0.00390625}",0.94625,0.88167,1.01083,0.01,ok
SVM,"{""gamma"": 0.005524271728019903, ""C"": 0.005524271728019903}",0.92487,0.85789,0.99186,0.02,ok
SVM,"{""gamma"": 0.005524271728019903, ""C"": 0.0078125}",0.89818,0.82966,0.96671,0.01,ok
SVM,"{""gamma"": 0.005524271728019903, ""C"": 0.011048543456039806}",0.86304,0.79244,0.93364,0.01,ok
SVM,"{""gamma"": 0.005524271728019903, ""C"": 0.015625}",0.81686,0.75362,0.88009,0.01,ok
SVM,"{""gamma"": 0.005524271728019903, ""C"": 0.02209708691207961}",0.76536,0.7043,0.82642,0.02,ok
SVM,"{""gamma"": 0.005524271728019903, ""C"": 0.03125}",0.72272,0.66898,0.77646,0.02,ok
SVM,"{""gamma"": 0.005524271728019903, ""C"": 0.04419417382415922}",0.65004,0.59718,0.70289,0.02,ok
SVM,"{""gamma"": 0.005524271728019903, ""C"": 0.0625}",0.58864,0.5349,0.64238,0.02,ok
SVM,"{""gamma"": 0.005524271728019903, ""C"": 0.08838834764831845}",0.5292,0.48358,0.57482,0.02,ok
SVM,"{""gamma"": 0.005524271728019903, ""C"": 0.125}",0.48466,0.46326,0.50605,0.02,ok
SVM,"{""gamma"": 0.005524271728019903, ""C"": 0.1767766952966369}",0.44832,0.44475,0.45189,0.02,ok
SVM,"{""gamma"": 0.005524271728019903, ""C"": 0.25}",0.44765,0.45482,0.44047,0.04,ok
SVM,"{""gamma"": 0.005524271728019903, ""C"": 0.3535533905932738}",0.45234,0.46664,0.43804,0.03,ok
SVM,"{""gamma"": 0.005524271728019903, ""C"": 0.5}",0.45476,0.47045,0.43907,0.03,ok
SVM,"{""gamma"": 0.005524271728019903, ""C"": 0.7071067811865476}",0.49118,0.49562,0.48674,0.03,ok
SVM,"{""gamma"": 0.005524271728019903, ""C"": 1.0}",0.49493,0.50303,0.48683,0.04,ok
SVM,"{""gamma"": 0.005524271728019903, ""C"": 1.4142135623730951}",0.54259,0.49876,0.58642,0.04,ok
SVM,"{""gamma"": 0.005524271728019903, ""C"": 2.0}",0.53961,0.49326,0.58597,0.04,ok
SVM,"{""gamma"": 0.005524271728019903, ""C"": 2.8284271247461903}",0.54499,0.50464,0.58533,0.05,ok
SVM,"{""gamma"": 0.005524271728019903, ""C"": 4.0}",0.58205,0.56121,0.60289,0.05,ok
SVM,"{""gamma"": 0.005524271728019903, ""C"": 5.656854249492381}",0.57571,0.54883,0.60258,0.07,ok
SVM,"{""gamma"": 0.005524271728019903, ""C"": 8.0}",0.57547,0.54866,0.60228,0.07,ok
SVM,"{""gamma"": 0.005524271728019903, ""C"": 11.313708498984761}",0.57526,0.54842,0.60211,0.08,ok
SVM,"{""gamma"": 0.005524271728019903, ""C"": 16.0}",0.57944,0.55649,0.60238,0.11,ok
SVM,"{""gamma"": 0.005524271728019903, ""C"": 22.627416997969522}",0.57987,0.55595,0.6038,0.13,ok
SVM,"{""gamma"": 0.005524271728019903, ""C"": 32.0}",0.58152,0.55518,0.60785,0.14,ok
SVM,"{""gamma"": 0.005524271728019903, ""C"": 45.254833995939045}",0.58584,0.5541,0.61759,0.14,ok
SVM,"{""gamma"": 0.005524271728019903, ""C"": 64.0}",0.59576,0.55256,0.63895,0.15,ok
SVM,"{""gamma"": 0.005524271728019903, ""C"": 90.50966799187809}",0.61658,0.5504,0.68277,0.18,ok
SVM,"{""gamma"": 0.005524271728019903, ""C"": 128.0}",0.6439,0.54734,0.74045,0.22,ok
SVM,"{""gamma"": 0.005524271728019903, ""C"": 181.01933598375618}",0.63757,0.54304,0.73211,0.2,ok
SVM,"{""gamma"": 0.005524271728019903, ""C"": 256.0}",0.62866,0.53698,0.72034,0.19,ok
SVM,"{""gamma"": 0.005524271728019903, ""C"": 362.03867196751236}",0.61545,0.52714,0.70375,0.25,ok
SVM,"{""gamma"": 0.005524271728019903, ""C"": 512.0}",0.60327,0.52614,0.6804,0.26,ok
SVM,"{""gamma"": 0.005524271728019903, ""C"": 724.0773439350247}",0.58235,0.51705,0.64765,0.3,ok
SVM,"{""gamma"": 0.005524271728019903, ""C"": 1024.0}",0.55574,0.50953,0.60194,0.3,ok
SVM,"{""gamma"": 0.0078125, ""C"": 0.0009765625}",0.98823,0.92473,1.05172,0.01,ok
SVM,"{""gamma"": 0.0078125, ""C"": 0.0013810679320049757}",0.98207,0.91844,1.04571,0.01,ok
SVM,"{""gamma"": 0.0078125, ""C"": 0.001953125}",0.97339,0.90956,1.03721,0.01,ok
SVM,"{""gamma"": 0.0078125, ""C"": 0.0027621358640099515}",0.96209,0.89706,1.02713,0.02,ok
SVM,"{""gamma"": 0.0078125, ""C"": 0.00390625}",0.94652,0.88204,1.011,0.02,ok
SVM,"{""gamma"": 0.0078125, ""C"": 0.005524271728019903}",0.92525,0.85841,0.99209,0.01,ok
SVM,"{""gamma"": 0.0078125, ""C"": 0.0078125}",0.89868,0.83035,0.96701,0.01,ok
SVM,"{""gamma"": 0.0078125, ""C"": 0.011048543456039806}",0.86369,0.79336,0.93403,0.02,ok
SVM,"{""gamma"": 0.0078125, ""C"": 0.015625}",0.81772,0.75482,0.88062,0.02,ok
SVM,"{""gamma"": 0.0078125, ""C"": 0.02209708691207961}",0.76517,0.70495,0.82538,0.02,ok
SVM,"{""gamma"": 0.0078125, ""C"": 0.03125}",0.72287,0.66958,0.77616,0.02,ok
SVM,"{""gamma"": 0.0078125, ""C"": 0.04419417382415922}",0.65097,0.59838,0.70355,0.02,ok
SVM,"{""gamma"": 0.0078125, ""C"": 0.0625}",0.5887,0.5345,0.6429,0.02,ok
SVM,"{""gamma"": 0.0078125, ""C"": 0.08838834764831845}",0.53039,0.48586,0.57491,0.02,ok
SVM,"{""gamma"": 0.0078125, ""C"": 0.125}",0.48539,0.46493,0.50584,0.02,ok
SVM,"{""gamma"": 0.0078125, ""C"": 0.1767766952966369}",0.44825,0.44595,0.45056,0.02,ok
SVM,"{""gamma"": 0.0078125, ""C"": 0.25}",0.44791,0.45672,0.4391,0.03,ok
SVM,"{""gamma"": 0.0078125, ""C"": 0.3535533905932738}",0.45153,0.46671,0.43635,0.03,ok
SVM,"{""gamma"": 0.0078125, ""C"": 0.5}",0.45689,0.47683,0.43695,0.03,ok
SVM,"{""gamma"": 0.0078125, ""C"": 0.7071067811865476}",0.48708,0.49101,0.48315,0.03,ok
SVM,"{""gamma"": 0.0078125, ""C"": 1.0}",0.49069,0.49814,0.48325,0.03,ok
SVM,"{""gamma"": 0.0078125, ""C"": 1.4142135623730951}",0.53746,0.49325,0.58168,0.04,ok
SVM,"{""gamma"": 0.0078125, ""C"": 2.0}",0.5397,0.49839,0.58101,0.05,ok
SVM,"{""gamma"": 0.0078125, ""C"": 2.8284271247461903}",0.55372,0.52735,0.58008,0.05,ok
SVM,"{""gamma"": 0.0078125, ""C"": 4.0}",0.57434,0.55041,0.59827,0.07,ok
SVM,"{""gamma"": 0.0078125, ""C"": 5.656854249492381}",0.574,0.55017,0.59782,0.07,ok
SVM,"{""gamma"": 0.0078125, ""C"": 8.0}",0.57364,0.54983,0.59745,0.08,ok
SVM,"{""gamma"": 0.0078125, ""C"": 11.313708498984761}",0.5779,0.55835,0.59745,0.12,ok
SVM,"{""gamma"": 0.0078125, ""C"": 16.0}",0.57805,0.55764,0.59847,0.11,ok
SVM,"{""gamma"": 0.0078125, ""C"": 22.627416997969522}",0.57926,0.55655,0.60196,0.14,ok
SVM,"{""gamma"": 0.0078125, ""C"": 32.0}",0.58297,0.55501,0.61093,0.13,ok
SVM,"{""gamma"": 0.0078125, ""C"": 45.254833995939045}",0.59204,0.55284,0.63124,0.15,ok
SVM,"{""gamma"": 0.0078125, ""C"": 64.0}",0.61175,0.54978,0.67372,0.15,ok
SVM,"{""gamma"": 0.0078125, ""C"": 90.50966799187809}",0.63461,0.54546,0.72377,0.22,ok
SVM,"{""gamma"": 0.0078125, ""C"": 128.0}",0.62578,0.53939,0.71217,0.2,ok
SVM,"{""gamma"": 0.0078125, ""C"": 181.01933598375618}",0.61186,0.52788,0.69584,0.23,ok
SVM,"{""gamma"": 0.0078125, ""C"": 256.0}",0.59992,0.52699,0.67286,0.24,ok
SVM,"{""gamma"": 0.0078125, ""C"": 362.03867196751236}",0.57959,0.51856,0.64061,0.23,ok
SVM,"{""gamma"": 0.0078125, ""C"": 512.0}",0.55337,0.51111,0.59564,0.26,ok
SVM,"{""gamma"": 0.0078125, ""C"": 724.0773439350247}",0.51304,0.4925,0.53358,0.26,ok
SVM,"{""gamma"": 0.0078125, ""C"": 1024.0}",0.46411,0.47794,0.45028,0.32,ok
SVM,"{""gamma"": 0.011048543456039806, ""C"": 0.0009765625}",0.98832,0.92486,1.05179,0.01,ok
SVM,"{""gamma"": 0.011048543456039806, ""C"": 0.0013810679320049757}",0.98221,0.91863,1.04579,0.01,ok
SVM,"{""gamma"": 0.011048543456039806, ""C"": 0.001953125}",0.97358,0.90983,1.03733,0.01,ok
SVM,"{""gamma"": 0.011048543456039806, ""C"": 0.0027621358640099515}",0.96236,0.89743,1.02729,0.01,ok
SVM,"{""gamma"": 0.011048543456039806, ""C"": 0.00390625}",0.9469,0.88256,1.01124,0.01,ok
SVM,"{""gamma"": 0.011048543456039806, ""C"": 0.005524271728019903}",0.92577,0.85914,0.99241,0.01,ok
SVM,"{""gamma"": 0.011048543456039806, ""C"": 0.0078125}",0.89937,0.83132,0.96742,0.01,ok
SVM,"{""gamma"": 0.011048543456039806, ""C"": 0.011048543456039806}",0.86461,0.79465,0.93457,0.01,ok
SVM,"{""gamma"": 0.011048543456039806, ""C"": 0.015625}",0.81893,0.75649,0.88137,0.01,ok
SVM,"{""gamma"": 0.011048543456039806, ""C"": 0.02209708691207961}",0.76492,0.70587,0.82397,0.02,ok
SVM,"{""gamma"": 0.011048543456039806, ""C"": 0.03125}",0.72311,0.67045,0.77576,0.02,ok
SVM,"{""gamma"": 0.011048543456039806, ""C"": 0.04419417382415922}",0.65228,0.60006,0.70449,0.02,ok
SVM,"{""gamma"": 0.011048543456039806, ""C"": 0.0625}",0.58824,0.53284,0.64364,0.03,ok
SVM,"{""gamma"": 0.011048543456039806, ""C"": 0.08838834764831845}",0.53207,0.48908,0.57506,0.03,ok
SVM,"{""gamma"": 0.011048543456039806, ""C"": 0.125}",0.48644,0.46731,0.50557,0.03,ok
SVM,"{""gamma"": 0.011048543456039806, ""C"": 0.1767766952966369}",0.44819,0.44767,0.4487,0.02,ok
SVM,"{""gamma"": 0.011048543456039806, ""C"": 0.25}",0.44833,0.45945,0.4372,0.04,ok
SVM,"{""gamma"": 0.011048543456039806, ""C"": 0.3535533905932738}",0.45016,0.46631,0.43401,0.02,ok
SVM,"{""gamma"": 0.011048543456039806, ""C"": 0.5}",0.46021,0.48639,0.43402,0.04,ok
SVM,"{""gamma"": 0.011048543456039806, ""C"": 0.7071067811865476}",0.48379,0.48944,0.47814,0.04,ok
SVM,"{""gamma"": 0.011048543456039806, ""C"": 1.0}",0.48698,0.49573,0.47824,0.05,ok
SVM,"{""gamma"": 0.011048543456039806, ""C"": 1.4142135623730951}",0.53528,0.49559,0.57497,0.05,ok
SVM,"{""gamma"": 0.011048543456039806, ""C"": 2.0}",0.54763,0.52126,0.57399,0.04,ok
SVM,"{""gamma"": 0.011048543456039806, ""C"": 2.8284271247461903}",0.56262,0.55263,0.57262,0.06,ok
SVM,"{""gamma"": 0.011048543456039806, ""C"": 4.0}",0.57193,0.55228,0.59158,0.07,ok
SVM,"{""gamma"": 0.011048543456039806, ""C"": 5.656854249492381}",0.57137,0.5518,0.59094,0.08,ok
SVM,"{""gamma"": 0.011048543456039806, ""C"": 8.0}",0.57558,0.56061,0.59054,0.09,ok
SVM,"{""gamma"": 0.011048543456039806, ""C"": 11.313708498984761}",0.57529,0.55956,0.59102,0.1,ok
SVM,"{""gamma"": 0.011048543456039806, ""C"": 16.0}",0.57591,0.55808,0.59375,0.12,ok
SVM,"{""gamma"": 0.011048543456039806, ""C"": 22.627416997969522}",0.57895,0.55625,0.60164,0.12,ok
SVM,"{""gamma"": 0.011048543456039806, ""C"": 32.0}",0.58685,0.55318,0.62052,0.14,ok
SVM,"{""gamma"": 0.011048543456039806, ""C"": 45.254833995939045}",0.605,0.54885,0.66116,0.15,ok
SVM,"{""gamma"": 0.011048543456039806, ""C"": 64.0}",0.62179,0.54276,0.70082,0.19,ok
SVM,"{""gamma"": 0.011048543456039806, ""C"": 90.50966799187809}",0.60952,0.53421,0.68484,0.15,ok
SVM,"{""gamma"": 0.011048543456039806, ""C"": 128.0}",0.59435,0.52634,0.66236,0.18,ok
SVM,"{""gamma"": 0.011048543456039806, ""C"": 181.01933598375618}",0.57576,0.5207,0.63083,0.19,ok
SVM,"{""gamma"": 0.011048543456039806, ""C"": 256.0}",0.54861,0.51036,0.58686,0.22,ok
SVM,"{""gamma"": 0.011048543456039806, ""C"": 362.03867196751236}",0.51059,0.49495,0.52622,0.27,ok
SVM,"{""gamma"": 0.011048543456039806, ""C"": 512.0}",0.46145,0.47798,0.44491,0.25,ok
SVM,"{""gamma"": 0.011048543456039806, ""C"": 724.0773439350247}",0.41163,0.47798,0.34527,0.32,ok
SVM,"{""gamma"": 0.011048543456039806, ""C"": 1024.0}",0.37905,0.47798,0.28013,0.32,ok
SVM,"{""gamma"": 0.015625, ""C"": 0.0009765625}",0.98846,0.92505,1.05187,0.01,ok
SVM,"{""gamma"": 0.015625, ""C"": 0.0013810679320049757}",0.9824,0.91889,1.04592,0.01,ok
SVM,"{""gamma"": 0.015625, ""C"": 0.001953125}",0.97385,0.9102,1.0375,0.01,ok
SVM,"{""gamma"": 0.015625, ""C"": 0.0027621358640099515}",0.96274,0.89795,1.02753,0.01,ok
SVM,"{""gamma"": 0.015625, ""C"": 0.00390625}",0.94742,0.88327,1.01157,0.01,ok
SVM,"{""gamma"": 0.015625, ""C"": 0.005524271728019903}",0.9265,0.86014,0.99286,0.02,ok
SVM,"{""gamma"": 0.015625, ""C"": 0.0078125}",0.90033,0.83266,0.968,0.01,ok
SVM,"{""gamma"": 0.015625, ""C"": 0.011048543456039806}",0.86588,0.79643,0.93534,0.01,ok
SVM,"{""gamma"": 0.015625, ""C"": 0.015625}",0.8206,0.75879,0.8824,0.02,ok
SVM,"{""gamma"": 0.015625, ""C"": 0.02209708691207961}",0.76523,0.70718,0.82327,0.02,ok
SVM,"{""gamma"": 0.015625, ""C"": 0.03125}",0.72347,0.67171,0.77523,0.02,ok
SVM,"{""gamma"": 0.015625, ""C"": 0.04419417382415922}",0.65411,0.60241,0.70581,0.02,ok
SVM,"{""gamma"": 0.015625, ""C"": 0.0625}",0.59085,0.53701,0.64469,0.03,ok
SVM,"{""gamma"": 0.015625, ""C"": 0.08838834764831845}",0.53445,0.49361,0.57529,0.02,ok
SVM,"{""gamma"": 0.015625, ""C"": 0.125}",0.48795,0.47067,0.50523,0.02,ok
SVM,"{""gamma"": 0.015625, ""C"": 0.1767766952966369}",0.44813,0.45015,0.4461,0.02,ok
SVM,"{""gamma"": 0.015625, ""C"": 0.25}",0.44899,0.46338,0.4346,0.03,ok
SVM,"{""gamma"": 0.015625, ""C"": 0.3535533905932738}",0.44842,0.46605,0.43078,0.02,ok
SVM,"{""gamma"": 0.015625, ""C"": 0.5}",0.46197,0.4939,0.43004,0.04,ok
SVM,"{""gamma"": 0.015625, ""C"": 0.7071067811865476}",0.48516,0.4991,0.47122,0.04,ok
SVM,"{""gamma"": 0.015625, ""C"": 1.0}",0.48513,0.499,0.47127,0.04,ok
SVM,"{""gamma"": 0.015625, ""C"": 1.4142135623730951}",0.5396,0.51369,0.56552,0.04,ok
SVM,"{""gamma"": 0.015625, ""C"": 2.0}",0.55988,0.55572,0.56403,0.05,ok
SVM,"{""gamma"": 0.015625, ""C"": 2.8284271247461903}",0.55861,0.55523,0.56199,0.06,ok
SVM,"{""gamma"": 0.015625, ""C"": 4.0}",0.56819,0.55455,0.58184,0.07,ok
SVM,"{""gamma"": 0.015625, ""C"": 5.656854249492381}",0.568,0.55508,0.58093,0.07,ok
SVM,"{""gamma"": 0.015625, ""C"": 8.0}",0.57145,0.56224,0.58066,0.09,ok
SVM,"{""gamma"": 0.015625, ""C"": 11.313708498984761}",0.57124,0.56014,0.58233,0.11,ok
SVM,"{""gamma"": 0.015625, ""C"": 16.0}",0.57298,0.55718,0.58877,0.12,ok
SVM,"{""gamma"": 0.015625, ""C"": 22.627416997969522}",0.57962,0.55354,0.60569,0.14,ok
SVM,"{""gamma"": 0.015625, ""C"": 32.0}",0.59565,0.54742,0.64387,0.13,ok
SVM,"{""gamma"": 0.015625, ""C"": 45.254833995939045}",0.60424,0.53883,0.66964,0.15,ok
SVM,"{""gamma"": 0.015625, ""C"": 64.0}",0.58634,0.52482,0.64785,0.18,ok
SVM,"{""gamma"": 0.015625, ""C"": 90.50966799187809}",0.57051,0.52372,0.6173,0.18,ok
SVM,"{""gamma"": 0.015625, ""C"": 128.0}",0.5428,0.5109,0.57471,0.2,ok
SVM,"{""gamma"": 0.015625, ""C"": 181.01933598375618}",0.50722,0.49841,0.51604,0.2,ok
SVM,"{""gamma"": 0.015625, ""C"": 256.0}",0.45776,0.47805,0.43746,0.2,ok
SVM,"{""gamma"": 0.015625, ""C"": 362.03867196751236}",0.40975,0.47804,0.34146,0.28,ok
SVM,"{""gamma"": 0.015625, ""C"": 512.0}",0.37838,0.47804,0.27872,0.27,ok
SVM,"{""gamma"": 0.015625, ""C"": 724.0773439350247}",0.37491,0.47803,0.27179,0.31,ok
SVM,"{""gamma"": 0.015625, ""C"": 1024.0}",0.3747,0.47801,0.27139,0.38,ok
SVM,"{""gamma"": 0.02209708691207961, ""C"": 0.0009765625}",0.98865,0.9253,1.05199,0.01,ok
SVM,"{""gamma"": 0.02209708691207961, ""C"": 0.0013810679320049757}",0.98266,0.91924,1.04608,0.01,ok
SVM,"{""gamma"": 0.02209708691207961, ""C"": 0.001953125}",0.97422,0.9107,1.03774,0.01,ok
SVM,"{""gamma"": 0.02209708691207961, ""C"": 0.0027621358640099515}",0.96326,0.89866,1.02785,0.01,ok
SVM,"{""gamma"": 0.02209708691207961, ""C"": 0.00390625}",0.94814,0.88425,1.01202,0.02,ok
SVM,"{""gamma"": 0.02209708691207961, ""C"": 0.005524271728019903}",0.9275,0.86152,0.99348,0.01,ok
SVM,"{""gamma"": 0.02209708691207961, ""C"": 0.0078125}",0.90165,0.8345,0.96881,0.01,ok
SVM,"{""gamma"": 0.02209708691207961, ""C"": 0.011048543456039806}",0.86637,0.79635,0.9364,0.02,ok
SVM,"{""gamma"": 0.02209708691207961, ""C"": 0.015625}",0.8229,0.76195,0.88385,0.01,ok
SVM,"{""gamma"": 0.02209708691207961, ""C"": 0.02209708691207961}",0.76706,0.70905,0.82506,0.02,ok
SVM,"{""gamma"": 0.02209708691207961, ""C"": 0.03125}",0.72405,0.67357,0.77454,0.02,ok
SVM,"{""gamma"": 0.02209708691207961, ""C"": 0.04419417382415922}",0.65666,0.60566,0.70767,0.02,ok
SVM,"{""gamma"": 0.02209708691207961, ""C"": 0.0625}",0.59236,0.53853,0.64619,0.03,ok
SVM,"{""gamma"": 0.02209708691207961, ""C"": 0.08838834764831845}",0.53779,0.49996,0.57563,0.02,ok
SVM,"{""gamma"": 0.02209708691207961, ""C"": 0.125}",0.49012,0.47542,0.50482,0.02,ok
SVM,"{""gamma"": 0.02209708691207961, ""C"": 0.1767766952966369}",0.44811,0.45373,0.44248,0.02,ok
SVM,"{""gamma"": 0.02209708691207961, ""C"": 0.25}",0.45005,0.469,0.43111,0.03,ok
SVM,"{""gamma"": 0.02209708691207961, ""C"": 0.3535533905932738}",0.44828,0.47017,0.42639,0.03,ok
SVM,"{""gamma"": 0.02209708691207961, ""C"": 0.5}",0.46137,0.49805,0.42469,0.03,ok
SVM,"{""gamma"": 0.02209708691207961, ""C"": 0.7071067811865476}",0.4827,0.50369,0.46171,0.04,ok
SVM,"{""gamma"": 0.02209708691207961, ""C"": 1.0}",0.48473,0.50489,0.46456,0.04,ok
SVM,"{""gamma"": 0.02209708691207961, ""C"": 1.4142135623730951}",0.54689,0.54159,0.5522,0.04,ok
SVM,"{""gamma"": 0.02209708691207961, ""C"": 2.0}",0.55463,0.55932,0.54994,0.04,ok
SVM,"{""gamma"": 0.02209708691207961, ""C"": 2.8284271247461903}",0.55259,0.55834,0.54683,0.06,ok
SVM,"{""gamma"": 0.02209708691207961, ""C"": 4.0}",0.56228,0.55696,0.56761,0.08,ok
SVM,"{""gamma"": 0.02209708691207961, ""C"": 5.656854249492381}",0.5661,0.56586,0.56634,0.08,ok
SVM,"{""gamma"": 0.02209708691207961, ""C"": 8.0}",0.56474,0.56289,0.5666,0.09,ok
SVM,"{""gamma"": 0.02209708691207961, ""C"": 11.313708498984761}",0.56489,0.5587,0.57109,0.13,ok
SVM,"{""gamma"": 0.02209708691207961, ""C"": 16.0}",0.56962,0.55383,0.58541,0.13,ok
SVM,"{""gamma"": 0.02209708691207961, ""C"": 22.627416997969522}",0.58277,0.54519,0.62035,0.13,ok
SVM,"{""gamma"": 0.02209708691207961, ""C"": 32.0}",0.57511,0.52222,0.628,0.15,ok
SVM,"{""gamma"": 0.02209708691207961, ""C"": 45.254833995939045}",0.56128,0.52378,0.59878,0.16,ok
SVM,"{""gamma"": 0.02209708691207961, ""C"": 64.0}",0.53647,0.51486,0.55808,0.17,ok
SVM,"{""gamma"": 0.02209708691207961, ""C"": 90.50966799187809}",0.50265,0.50322,0.50207,0.19,ok
SVM,"{""gamma"": 0.02209708691207961, ""C"": 128.0}",0.45268,0.47814,0.42722,0.18,ok
SVM,"{""gamma"": 0.02209708691207961, ""C"": 181.01933598375618}",0.40714,0.47813,0.33616,0.2,ok
SVM,"{""gamma"": 0.02209708691207961, ""C"": 256.0}",0.37745,0.47811,0.2768,0.21,ok
SVM,"{""gamma"": 0.02209708691207961, ""C"": 362.03867196751236}",0.37402,0.47809,0.26995,0.27,ok
SVM,"{""gamma"": 0.02209708691207961, ""C"": 512.0}",0.37376,0.47806,0.26946,0.36,ok
SVM,"{""gamma"": 0.02209708691207961, ""C"": 724.0773439350247}",0.37371,0.478,0.26941,0.32,ok
SVM,"{""gamma"": 0.02209708691207961, ""C"": 1024.0}",0.37364,0.47793,0.26935,0.34,ok
SVM,"{""gamma"": 0.03125, ""C"": 0.0009765625}",0.9889,0.92564,1.05216,0.01,ok
SVM,"{""gamma"": 0.03125, ""C"": 0.0013810679320049757}",0.98302,0.91972,1.04632,0.01,ok
SVM,"{""gamma"": 0.03125, ""C"": 0.001953125}",0.97472,0.91138,1.03807,0.01,ok
SVM,"{""gamma"": 0.03125, ""C"": 0.0027621358640099515}",0.96396,0.89962,1.0283,0.02,ok
SVM,"{""gamma"": 0.03125, ""C"": 0.00390625}",0.94911,0.88557,1.01265,0.01,ok
SVM,"{""gamma"": 0.03125, ""C"": 0.005524271728019903}",0.92885,0.86337,0.99433,0.01,ok
SVM,"{""gamma"": 0.03125, ""C"": 0.0078125}",0.90344,0.83697,0.96992,0.02,ok
SVM,"{""gamma"": 0.03125, ""C"": 0.011048543456039806}",0.8668,0.79573,0.93786,0.01,ok
SVM,"{""gamma"": 0.03125, ""C"": 0.015625}",0.82602,0.76621,0.88584,0.01,ok
SVM,"{""gamma"": 0.03125, ""C"": 0.02209708691207961}",0.76963,0.71172,0.82754,0.02,ok
SVM,"{""gamma"": 0.03125, ""C"": 0.03125}",0.72499,0.6763,0.77368,0.02,ok
SVM,"{""gamma"": 0.03125, ""C"": 0.04419417382415922}",0.6602,0.61012,0.71028,0.01,ok
SVM,"{""gamma"": 0.03125, ""C"": 0.0625}",0.5944,0.54048,0.64833,0.03,ok
SVM,"{""gamma"": 0.03125, ""C"": 0.08838834764831845}",0.54212,0.50808,0.57617,0.02,ok
SVM,"{""gamma"": 0.03125, ""C"": 0.125}",0.4934,0.48241,0.5044,0.02,ok
SVM,"{""gamma"": 0.03125, ""C"": 0.1767766952966369}",0.44819,0.45889,0.43748,0.02,ok
SVM,"{""gamma"": 0.03125, ""C"": 0.25}",0.45008,0.47362,0.42653,0.03,ok
SVM,"{""gamma"": 0.03125, ""C"": 0.3535533905932738}",0.44968,0.47883,0.42052,0.03,ok
SVM,"{""gamma"": 0.03125, ""C"": 0.5}",0.45658,0.4955,0.41766,0.03,ok
SVM,"{""gamma"": 0.03125, ""C"": 0.7071067811865476}",0.47516,0.50149,0.44882,0.03,ok
SVM,"{""gamma"": 0.03125, ""C"": 1.0}",0.48306,0.50821,0.45791,0.03,ok
SVM,"{""gamma"": 0.03125, ""C"": 1.4142135623730951}",0.5492,0.5649,0.5335,0.04,ok
SVM,"{""gamma"": 0.03125, ""C"": 2.0}",0.54675,0.56351,0.53,0.05,ok
SVM,"{""gamma"": 0.03125, ""C"": 2.8284271247461903}",0.54339,0.56154,0.52523,0.06,ok
SVM,"{""gamma"": 0.03125, ""C"": 4.0}",0.55849,0.57024,0.54673,0.07,ok
SVM,"{""gamma"": 0.03125, ""C"": 5.656854249492381}",0.55578,0.56642,0.54515,0.07,ok
SVM,"{""gamma"": 0.03125, ""C"": 8.0}",0.55149,0.55591,0.54708,0.08,ok
SVM,"{""gamma"": 0.03125, ""C"": 11.313708498984761}",0.55199,0.54595,0.55804,0.08,ok
SVM,"{""gamma"": 0.03125, ""C"": 16.0}",0.55673,0.52457,0.58888,0.11,ok
SVM,"{""gamma"": 0.03125, ""C"": 22.627416997969522}",0.54695,0.52012,0.57377,0.12,ok
SVM,"{""gamma"": 0.03125, ""C"": 32.0}",0.52802,0.52044,0.53559,0.13,ok
SVM,"{""gamma"": 0.03125, ""C"": 45.254833995939045}",0.49402,0.5049,0.48315,0.15,ok
SVM,"{""gamma"": 0.03125, ""C"": 64.0}",0.44805,0.48279,0.4133,0.17,ok
SVM,"{""gamma"": 0.03125, ""C"": 90.50966799187809}",0.40356,0.47826,0.32887,0.17,ok
SVM,"{""gamma"": 0.03125, ""C"": 128.0}",0.37619,0.47822,0.27417,0.2,ok
SVM,"{""gamma"": 0.03125, ""C"": 181.01933598375618}",0.3728,0.47817,0.26744,0.25,ok
SVM,"{""gamma"": 0.03125, ""C"": 256.0}",0.37245,0.47809,0.2668,0.28,ok
SVM,"{""gamma"": 0.03125, ""C"": 362.03867196751236}",0.37235,0.47798,0.26672,0.27,ok
SVM,"{""gamma"": 0.03125, ""C"": 512.0}",0.37221,0.47782,0.2666,0.29,ok
SVM,"{""gamma"": 0.03125, ""C"": 724.0773439350247}",0.37202,0.4776,0.26643,0.29,ok
SVM,"{""gamma"": 0.03125, ""C"": 1024.0}",0.37174,0.47729,0.26619,0.34,ok
SVM,"{""gamma"": 0.04419417382415922, ""C"": 0.0009765625}",0.98924,0.92609,1.05238,0.01,ok
SVM,"{""gamma"": 0.04419417382415922, ""C"": 0.0013810679320049757}",0.9835,0.92036,1.04663,0.01,ok
SVM,"{""gamma"": 0.04419417382415922, ""C"": 0.001953125}",0.9754,0.91228,1.03852,0.01,ok
SVM,"{""gamma"": 0.04419417382415922, ""C"": 0.0027621358640099515}",0.9649,0.90089,1.02891,0.01,ok
SVM,"{""gamma"": 0.04419417382415922, ""C"": 0.00390625}",0.95041,0.88731,1.0135,0.02,ok
SVM,"{""gamma"": 0.04419417382415922, ""C"": 0.005524271728019903}",0.93066,0.86583,0.99549,0.01,ok
SVM,"{""gamma"": 0.04419417382415922, ""C"": 0.0078125}",0.90584,0.84025,0.97143,0.02,ok
SVM,"{""gamma"": 0.04419417382415922, ""C"": 0.011048543456039806}",0.87009,0.80031,0.93986,0.02,ok
SVM,"{""gamma"": 0.04419417382415922, ""C"": 0.015625}",0.83021,0.77184,0.88857,0.01,ok
SVM,"{""gamma"": 0.04419417382415922, ""C"": 0.02209708691207961}",0.77442,0.71788,0.83095,0.02,ok
SVM,"{""gamma"": 0.04419417382415922, ""C"": 0.03125}",0.72935,0.68436,0.77434,0.02,ok
SVM,"{""gamma"": 0.04419417382415922, ""C"": 0.04419417382415922}",0.66505,0.61617,0.71393,0.02,ok
SVM,"{""gamma"": 0.04419417382415922, ""C"": 0.0625}",0.59732,0.54325,0.65139,0.02,ok
SVM,"{""gamma"": 0.04419417382415922, ""C"": 0.08838834764831845}",0.54157,0.50611,0.57703,0.04,ok
SVM,"{""gamma"": 0.04419417382415922, ""C"": 0.125}",0.4977,0.4938,0.5016,0.03,ok
SVM,"{""gamma"": 0.04419417382415922, ""C"": 0.1767766952966369}",0.44872,0.46628,0.43117,0.02,ok
SVM,"{""gamma"": 0.04419417382415922, ""C"": 0.25}",0.44861,0.47646,0.42076,0.04,ok
SVM,"{""gamma"": 0.04419417382415922, ""C"": 0.3535533905932738}",0.45184,0.49077,0.41292,0.03,ok
SVM,"{""gamma"": 0.04419417382415922, ""C"": 0.5}",0.45247,0.4962,0.40875,0.04,ok
SVM,"{""gamma"": 0.04419417382415922, ""C"": 0.7071067811865476}",0.46532,0.49896,0.43168,0.05,ok
SVM,"{""gamma"": 0.04419417382415922, ""C"": 1.0}",0.47407,0.5,0.44813,0.03,ok
SVM,"{""gamma"": 0.04419417382415922, ""C"": 1.4142135623730951}",0.53724,0.56704,0.50744,0.05,ok
SVM,"{""gamma"": 0.04419417382415922, ""C"": 2.0}",0.53155,0.56113,0.50196,0.05,ok
SVM,"{""gamma"": 0.04419417382415922, ""C"": 2.8284271247461903}",0.52392,0.55328,0.49456,0.06,ok
SVM,"{""gamma"": 0.04419417382415922, ""C"": 4.0}",0.53618,0.55604,0.51633,0.07,ok
SVM,"{""gamma"": 0.04419417382415922, ""C"": 5.656854249492381}",0.52968,0.54431,0.51506,0.09,ok
SVM,"{""gamma"": 0.04419417382415922, ""C"": 8.0}",0.52626,0.53065,0.52187,0.09,ok
SVM,"{""gamma"": 0.04419417382415922, ""C"": 11.313708498984761}",0.52984,0.51901,0.54066,0.11,ok
SVM,"{""gamma"": 0.04419417382415922, ""C"": 16.0}",0.51108,0.51636,0.50579,0.12,ok
SVM,"{""gamma"": 0.04419417382415922, ""C"": 22.627416997969522}",0.48372,0.50941,0.45803,0.14,ok
SVM,"{""gamma"": 0.04419417382415922, ""C"": 32.0}",0.44289,0.49103,0.39474,0.16,ok
SVM,"{""gamma"": 0.04419417382415922, ""C"": 45.254833995939045}",0.39872,0.47845,0.319,0.16,ok
SVM,"{""gamma"": 0.04419417382415922, ""C"": 64.0}",0.3745,0.47837,0.27064,0.17,ok
SVM,"{""gamma"": 0.04419417382415922, ""C"": 90.50966799187809}",0.37116,0.47825,0.26406,0.19,ok
SVM,"{""gamma"": 0.04419417382415922, ""C"": 128.0}",0.37065,0.47808,0.26322,0.24,ok
SVM,"{""gamma"": 0.04419417382415922, ""C"": 181.01933598375618}",0.37045,0.47785,0.26305,0.24,ok
SVM,"{""gamma"": 0.04419417382415922, ""C"": 256.0}",0.37017,0.47751,0.26282,0.24,ok
SVM,"{""gamma"": 0.04419417382415922, ""C"": 362.03867196751236}",0.36977,0.47704,0.2625,0.24,ok
SVM,"{""gamma"": 0.04419417382415922, ""C"": 512.0}",0.36921,0.47637,0.26204,0.27,ok
SVM,"{""gamma"": 0.04419417382415922, ""C"": 724.0773439350247}",0.3542,0.44783,0.26058,0.28,ok
SVM,"{""gamma"": 0.04419417382415922, ""C"": 1024.0}",0.33029,0.40196,0.25862,0.29,ok
SVM,"{""gamma"": 0.0625, ""C"": 0.0009765625}",0.98968,0.92668,1.05268,0.01,ok
SVM,"{""gamma"": 0.0625, ""C"": 0.0013810679320049757}",0.98412,0.92119,1.04706,0.01,ok
SVM,"{""gamma"": 0.0625, ""C"": 0.001953125}",0.97628,0.91344,1.03911,0.01,ok
SVM,"{""gamma"": 0.0625, ""C"": 0.0027621358640099515}",0.96613,0.90253,1.02972,0.01,ok
SVM,"{""gamma"": 0.0625, ""C"": 0.00390625}",0.9521,0.88957,1.01464,0.01,ok
SVM,"{""gamma"": 0.0625, ""C"": 0.005524271728019903}",0.93302,0.869,0.99705,0.02,ok
SVM,"{""gamma"": 0.0625, ""C"": 0.0078125}",0.90778,0.84211,0.97346,0.02,ok
SVM,"{""gamma"": 0.0625, ""C"": 0.011048543456039806}",0.87439,0.80623,0.94254,0.02,ok
SVM,"{""gamma"": 0.0625, ""C"": 0.015625}",0.83568,0.77911,0.89225,0.01,ok
SVM,"{""gamma"": 0.0625, ""C"": 0.02209708691207961}",0.7777,0.72259,0.83281,0.03,ok
SVM,"{""gamma"": 0.0625, ""C"": 0.03125}",0.73457,0.69005,0.77908,0.03,ok
SVM,"{""gamma"": 0.0625, ""C"": 0.04419417382415922}",0.67327,0.62753,0.71901,0.01,ok
SVM,"{""gamma"": 0.0625, ""C"": 0.0625}",0.60511,0.55446,0.65575,0.02,ok
SVM,"{""gamma"": 0.0625, ""C"": 0.08838834764831845}",0.54729,0.51617,0.57842,0.03,ok
SVM,"{""gamma"": 0.0625, ""C"": 0.125}",0.49532,0.49741,0.49324,0.04,ok
SVM,"{""gamma"": 0.0625, ""C"": 0.1767766952966369}",0.451,0.47665,0.42535,0.02,ok
SVM,"{""gamma"": 0.0625, ""C"": 0.25}",0.44751,0.48107,0.41394,0.03,ok
SVM,"{""gamma"": 0.0625, ""C"": 0.3535533905932738}",0.45489,0.50628,0.40349,0.03,ok
SVM,"{""gamma"": 0.0625, ""C"": 0.5}",0.45191,0.50625,0.39757,0.05,ok
SVM,"{""gamma"": 0.0625, ""C"": 0.7071067811865476}",0.45756,0.5056,0.40951,0.06,ok
SVM,"{""gamma"": 0.0625, ""C"": 1.0}",0.4768,0.51986,0.43374,0.03,ok
SVM,"{""gamma"": 0.0625, ""C"": 1.4142135623730951}",0.51281,0.554,0.47162,0.04,ok
SVM,"{""gamma"": 0.0625, ""C"": 2.0}",0.50474,0.54644,0.46304,0.04,ok
SVM,"{""gamma"": 0.0625, ""C"": 2.8284271247461903}",0.50963,0.54081,0.47845,0.06,ok
SVM,"{""gamma"": 0.0625, ""C"": 4.0}",0.5073,0.54119,0.47341,0.07,ok
SVM,"{""gamma"": 0.0625, ""C"": 5.656854249492381}",0.50282,0.53016,0.47548,0.09,ok
SVM,"{""gamma"": 0.0625, ""C"": 8.0}",0.49083,0.51427,0.46738,0.1,ok
SVM,"{""gamma"": 0.0625, ""C"": 11.313708498984761}",0.46728,0.50897,0.42559,0.12,ok
SVM,"{""gamma"": 0.0625, ""C"": 16.0}",0.4325,0.49433,0.37067,0.1,ok
SVM,"{""gamma"": 0.0625, ""C"": 22.627416997969522}",0.39235,0.47873,0.30598,0.13,ok
SVM,"{""gamma"": 0.0625, ""C"": 32.0}",0.37228,0.47856,0.266,0.14,ok
SVM,"{""gamma"": 0.0625, ""C"": 45.254833995939045}",0.36896,0.47831,0.2596,0.16,ok
SVM,"{""gamma"": 0.0625, ""C"": 64.0}",0.36821,0.47797,0.25845,0.17,ok
SVM,"{""gamma"": 0.0625, ""C"": 90.50966799187809}",0.36781,0.47748,0.25814,0.19,ok
SVM,"{""gamma"": 0.0625, ""C"": 128.0}",0.36725,0.47679,0.25771,0.21,ok
SVM,"{""gamma"": 0.0625, ""C"": 181.01933598375618}",0.36646,0.47582,0.25709,0.25,ok
SVM,"{""gamma"": 0.0625, ""C"": 256.0}",0.364,0.47177,0.25622,0.21,ok
SVM,"{""gamma"": 0.0625, ""C"": 362.03867196751236}",0.33972,0.42553,0.25391,0.21,ok
SVM,"{""gamma"": 0.0625, ""C"": 512.0}",0.31243,0.37399,0.25086,0.22,ok
SVM,"{""gamma"": 0.0625, ""C"": 724.0773439350247}",0.29425,0.34149,0.24701,0.28,ok
SVM,"{""gamma"": 0.0625, ""C"": 1024.0}",0.29135,0.34019,0.24251,0.31,ok
SVM,"{""gamma"": 0.08838834764831845, ""C"": 0.0009765625}",0.99024,0.9274,1.05308,0.01,ok
SVM,"{""gamma"": 0.08838834764831845, ""C"": 0.0013810679320049757}",0.98492,0.92222,1.04762,0.01,ok
SVM,"{""gamma"": 0.08838834764831845, ""C"": 0.001953125}",0.9774,0.9149,1.0399,0.01,ok
SVM,"{""gamma"": 0.08838834764831845, ""C"": 0.0027621358640099515}",0.96769,0.90459,1.03079,0.01,ok
SVM,"{""gamma"": 0.08838834764831845, ""C"": 0.00390625}",0.95426,0.89237,1.01614,0.01,ok
SVM,"{""gamma"": 0.08838834764831845, ""C"": 0.005524271728019903}",0.93602,0.87295,0.99909,0.01,ok
SVM,"{""gamma"": 0.08838834764831845, ""C"": 0.0078125}",0.90998,0.8458,0.97416,0.01,ok
SVM,"{""gamma"": 0.08838834764831845, ""C"": 0.011048543456039806}",0.87985,0.81361,0.94609,0.01,ok
SVM,"{""gamma"": 0.08838834764831845, ""C"": 0.015625}",0.8397,0.78226,0.89713,0.02,ok
SVM,"{""gamma"": 0.08838834764831845, ""C"": 0.02209708691207961}",0.78076,0.72951,0.83201,0.01,ok
SVM,"{""gamma"": 0.08838834764831845, ""C"": 0.03125}",0.73593,0.69332,0.77853,0.02,ok
SVM,"{""gamma"": 0.08838834764831845, ""C"": 0.04419417382415922}",0.68503,0.64407,0.726,0.01,ok
SVM,"{""gamma"": 0.08838834764831845, ""C"": 0.0625}",0.61409,0.57347,0.6547,0.02,ok
SVM,"{""gamma"": 0.08838834764831845, ""C"": 0.08838834764831845}",0.55634,0.53203,0.58065,0.02,ok
SVM,"{""gamma"": 0.08838834764831845, ""C"": 0.125}",0.49839,0.50581,0.49097,0.03,ok
SVM,"{""gamma"": 0.08838834764831845, ""C"": 0.1767766952966369}",0.45379,0.48863,0.41895,0.03,ok
SVM,"{""gamma"": 0.08838834764831845, ""C"": 0.25}",0.44404,0.48652,0.40155,0.02,ok
SVM,"{""gamma"": 0.08838834764831845, ""C"": 0.3535533905932738}",0.45212,0.51153,0.39272,0.03,ok
SVM,"{""gamma"": 0.08838834764831845, ""C"": 0.5}",0.44897,0.51533,0.38261,0.04,ok
SVM,"{""gamma"": 0.08838834764831845, ""C"": 0.7071067811865476}",0.44796,0.51383,0.38209,0.04,ok
SVM,"{""gamma"": 0.08838834764831845, ""C"": 1.0}",0.47806,0.54329,0.41282,0.04,ok
SVM,"{""gamma"": 0.08838834764831845, ""C"": 1.4142135623730951}",0.48784,0.55191,0.42377,0.05,ok
SVM,"{""gamma"": 0.08838834764831845, ""C"": 2.0}",0.47777,0.54476,0.41077,0.05,ok
SVM,"{""gamma"": 0.08838834764831845, ""C"": 2.8284271247461903}",0.47805,0.53483,0.42127,0.06,ok
SVM,"{""gamma"": 0.08838834764831845, ""C"": 4.0}",0.47379,0.52882,0.41877,0.08,ok
SVM,"{""gamma"": 0.08838834764831845, ""C"": 5.656854249492381}",0.44647,0.50747,0.38547,0.08,ok
SVM,"{""gamma"": 0.08838834764831845, ""C"": 8.0}",0.42057,0.50035,0.3408,0.1,ok
SVM,"{""gamma"": 0.08838834764831845, ""C"": 11.313708498984761}",0.38483,0.48008,0.28959,0.13,ok
SVM,"{""gamma"": 0.08838834764831845, ""C"": 16.0}",0.36943,0.47878,0.26007,0.14,ok
SVM,"{""gamma"": 0.08838834764831845, ""C"": 22.627416997969522}",0.36608,0.47829,0.25387,0.14,ok
SVM,"{""gamma"": 0.08838834764831845, ""C"": 32.0}",0.36494,0.47759,0.25228,0.19,ok
SVM,"{""gamma"": 0.08838834764831845, ""C"": 45.254833995939045}",0.36416,0.47661,0.25172,0.17,ok
SVM,"{""gamma"": 0.08838834764831845, ""C"": 64.0}",0.36307,0.47523,0.25092,0.16,ok
SVM,"{""gamma"": 0.08838834764831845, ""C"": 90.50966799187809}",0.36154,0.47328,0.24979,0.16,ok
SVM,"{""gamma"": 0.08838834764831845, ""C"": 128.0}",0.35039,0.45258,0.24821,0.18,ok
SVM,"{""gamma"": 0.08838834764831845, ""C"": 181.01933598375618}",0.32089,0.39719,0.24458,0.17,ok
SVM,"{""gamma"": 0.08838834764831845, ""C"": 256.0}",0.29157,0.34332,0.23982,0.18,ok
SVM,"{""gamma"": 0.08838834764831845, ""C"": 362.03867196751236}",0.28147,0.32898,0.23395,0.21,ok
SVM,"{""gamma"": 0.08838834764831845, ""C"": 512.0}",0.277,0.3265,0.2275,0.26,ok
SVM,"{""gamma"": 0.08838834764831845, ""C"": 724.0773439350247}",0.27271,0.323,0.22242,0.27,ok
SVM,"{""gamma"": 0.08838834764831845, ""C"": 1024.0}",0.26902,0.31426,0.22379,0.29,ok
SVM,"{""gamma"": 0.125, ""C"": 0.0009765625}",0.99093,0.92827,1.05358,0.01,ok
SVM,"{""gamma"": 0.125, ""C"": 0.0013810679320049757}",0.98589,0.92344,1.04833,0.01,ok
SVM,"{""gamma"": 0.125, ""C"": 0.001953125}",0.97877,0.91663,1.04091,0.01,ok
SVM,"{""gamma"": 0.125, ""C"": 0.0027621358640099515}",0.9696,0.90703,1.03216,0.02,ok
SVM,"{""gamma"": 0.125, ""C"": 0.00390625}",0.95611,0.89414,1.01807,0.02,ok
SVM,"{""gamma"": 0.125, ""C"": 0.005524271728019903}",0.93968,0.87763,1.00172,0.01,ok
SVM,"{""gamma"": 0.125, ""C"": 0.0078125}",0.91377,0.85237,0.97516,0.01,ok
SVM,"{""gamma"": 0.125, ""C"": 0.011048543456039806}",0.88652,0.82237,0.95067,0.01,ok
SVM,"{""gamma"": 0.125, ""C"": 0.015625}",0.84751,0.79158,0.90345,0.01,ok
SVM,"{""gamma"": 0.125, ""C"": 0.02209708691207961}",0.79084,0.74416,0.83751,0.01,ok
SVM,"{""gamma"": 0.125, ""C"": 0.03125}",0.74545,0.71003,0.78088,0.02,ok
SVM,"{""gamma"": 0.125, ""C"": 0.04419417382415922}",0.69959,0.66371,0.73547,0.02,ok
SVM,"{""gamma"": 0.125, ""C"": 0.0625}",0.62004,0.59623,0.64384,0.03,ok
SVM,"{""gamma"": 0.125, ""C"": 0.08838834764831845}",0.56199,0.53977,0.58422,0.03,ok
SVM,"{""gamma"": 0.125, ""C"": 0.125}",0.50599,0.52357,0.48841,0.02,ok
SVM,"{""gamma"": 0.125, ""C"": 0.1767766952966369}",0.44935,0.49281,0.40589,0.03,ok
SVM,"{""gamma"": 0.125, ""C"": 0.25}",0.43952,0.49453,0.38452,0.04,ok
SVM,"{""gamma"": 0.125, ""C"": 0.3535533905932738}",0.44165,0.51221,0.37109,0.03,ok
SVM,"{""gamma"": 0.125, ""C"": 0.5}",0.43583,0.5141,0.35756,0.03,ok
SVM,"{""gamma"": 0.125, ""C"": 0.7071067811865476}",0.43677,0.52277,0.35078,0.04,ok
SVM,"{""gamma"": 0.125, ""C"": 1.0}",0.46858,0.55909,0.37806,0.04,ok
SVM,"{""gamma"": 0.125, ""C"": 1.4142135623730951}",0.45676,0.54945,0.36407,0.05,ok
SVM,"{""gamma"": 0.125, ""C"": 2.0}",0.4412,0.53608,0.34631,0.07,ok
SVM,"{""gamma"": 0.125, ""C"": 2.8284271247461903}",0.43124,0.5234,0.33908,0.06,ok
SVM,"{""gamma"": 0.125, ""C"": 4.0}",0.40191,0.49747,0.30634,0.08,ok
SVM,"{""gamma"": 0.125, ""C"": 5.656854249492381}",0.38181,0.48662,0.277,0.1,ok
SVM,"{""gamma"": 0.125, ""C"": 8.0}",0.36469,0.47664,0.25275,0.11,ok
SVM,"{""gamma"": 0.125, ""C"": 11.313708498984761}",0.36097,0.47522,0.24671,0.14,ok
SVM,"{""gamma"": 0.125, ""C"": 16.0}",0.35963,0.47466,0.2446,0.15,ok
SVM,"{""gamma"": 0.125, ""C"": 22.627416997969522}",0.35873,0.47387,0.24359,0.14,ok
SVM,"{""gamma"": 0.125, ""C"": 32.0}",0.35709,0.472,0.24218,0.15,ok
SVM,"{""gamma"": 0.125, ""C"": 45.254833995939045}",0.3542,0.46822,0.24019,0.14,ok
SVM,"{""gamma"": 0.125, ""C"": 64.0}",0.33222,0.42702,0.23741,0.14,ok
SVM,"{""gamma"": 0.125, ""C"": 90.50966799187809}",0.29731,0.36276,0.23187,0.14,ok
SVM,"{""gamma"": 0.125, ""C"": 128.0}",0.26946,0.31442,0.2245,0.15,ok
SVM,"{""gamma"": 0.125, ""C"": 181.01933598375618}",0.26313,0.31053,0.21574,0.18,ok
SVM,"{""gamma"": 0.125, ""C"": 256.0}",0.25603,0.30502,0.20704,0.23,ok
SVM,"{""gamma"": 0.125, ""C"": 362.03867196751236}",0.24868,0.29433,0.20304,0.22,ok
SVM,"{""gamma"": 0.125, ""C"": 512.0}",0.24709,0.27961,0.21456,0.3,ok
SVM,"{""gamma"": 0.125, ""C"": 724.0773439350247}",0.22262,0.25978,0.18546,0.28,ok
SVM,"{""gamma"": 0.125, ""C"": 1024.0}",0.19985,0.2342,0.1655,0.32,ok
SVM,"{""gamma"": 0.1767766952966369, ""C"": 0.0009765625}",0.99173,0.92925,1.05421,0.01,ok
SVM,"{""gamma"": 0.1767766952966369, ""C"": 0.0013810679320049757}",0.98702,0.92482,1.04922,0.01,ok
SVM,"{""gamma"": 0.1767766952966369, ""C"": 0.001953125}",0.98037,0.91858,1.04216,0.01,ok
SVM,"{""gamma"": 0.1767766952966369, ""C"": 0.0027621358640099515}",0.97147,0.90977,1.03317,0.01,ok
SVM,"{""gamma"": 0.1767766952966369, ""C"": 0.00390625}",0.95893,0.89739,1.02047,0.01,ok
SVM,"{""gamma"": 0.1767766952966369, ""C"": 0.005524271728019903}",0.94392,0.88285,1.00499,0.02,ok
SVM,"{""gamma"": 0.1767766952966369, ""C"": 0.0078125}",0.91971,0.85968,0.97974,0.01,ok
SVM,"{""gamma"": 0.1767766952966369, ""C"": 0.011048543456039806}",0.89134,0.82746,0.95522,0.02,ok
SVM,"{""gamma"": 0.1767766952966369, ""C"": 0.015625}",0.85576,0.80015,0.91137,0.02,ok
SVM,"{""gamma"": 0.1767766952966369, ""C"": 0.02209708691207961}",0.80336,0.75836,0.84836,0.02,ok
SVM,"{""gamma"": 0.1767766952966369, ""C"": 0.03125}",0.75734,0.72859,0.78609,0.02,ok
SVM,"{""gamma"": 0.1767766952966369, ""C"": 0.04419417382415922}",0.71097,0.68554,0.7364,0.02,ok
SVM,"{""gamma"": 0.1767766952966369, ""C"": 0.0625}",0.63826,0.62163,0.65489,0.02,ok
SVM,"{""gamma"": 0.1767766952966369, ""C"": 0.08838834764831845}",0.56888,0.54794,0.58981,0.03,ok
SVM,"{""gamma"": 0.1767766952966369, ""C"": 0.125}",0.51161,0.53642,0.48681,0.03,ok
SVM,"{""gamma"": 0.1767766952966369, ""C"": 0.1767766952966369}",0.45117,0.50507,0.39727,0.02,ok
SVM,"{""gamma"": 0.1767766952966369, ""C"": 0.25}",0.43546,0.4926,0.37833,0.04,ok
SVM,"{""gamma"": 0.1767766952966369, ""C"": 0.3535533905932738}",0.42683,0.50943,0.34423,0.03,ok
SVM,"{""gamma"": 0.1767766952966369, ""C"": 0.5}",0.41457,0.50786,0.32128,0.03,ok
SVM,"{""gamma"": 0.1767766952966369, ""C"": 0.7071067811865476}",0.41242,0.51691,0.30794,0.03,ok
SVM,"{""gamma"": 0.1767766952966369, ""C"": 1.0}",0.43389,0.55401,0.31376,0.04,ok
SVM,"{""gamma"": 0.1767766952966369, ""C"": 1.4142135623730951}",0.41488,0.53653,0.29324,0.05,ok
SVM,"{""gamma"": 0.1767766952966369, ""C"": 2.0}",0.39342,0.51256,0.27428,0.07,ok
SVM,"{""gamma"": 0.1767766952966369, ""C"": 2.8284271247461903}",0.37365,0.4823,0.26499,0.08,ok
SVM,"{""gamma"": 0.1767766952966369, ""C"": 4.0}",0.35743,0.47087,0.244,0.09,ok
SVM,"{""gamma"": 0.1767766952966369, ""C"": 5.656854249492381}",0.35408,0.47004,0.23812,0.1,ok
SVM,"{""gamma"": 0.1767766952966369, ""C"": 8.0}",0.35136,0.46722,0.23549,0.13,ok
SVM,"{""gamma"": 0.1767766952966369, ""C"": 11.313708498984761}",0.34883,0.46386,0.23379,0.13,ok
SVM,"{""gamma"": 0.1767766952966369, ""C"": 16.0}",0.34659,0.46178,0.23141,0.12,ok
SVM,"{""gamma"": 0.1767766952966369, ""C"": 22.627416997969522}",0.34284,0.45759,0.22809,0.12,ok
SVM,"{""gamma"": 0.1767766952966369, ""C"": 32.0}",0.30866,0.39383,0.22348,0.12,ok
SVM,"{""gamma"": 0.1767766952966369, ""C"": 45.254833995939045}",0.26939,0.32326,0.21551,0.11,ok
SVM,"{""gamma"": 0.1767766952966369, ""C"": 64.0}",0.24763,0.29067,0.20459,0.15,ok
SVM,"{""gamma"": 0.1767766952966369, ""C"": 90.50966799187809}",0.23772,0.28304,0.19239,0.14,ok
SVM,"{""gamma"": 0.1767766952966369, ""C"": 128.0}",0.22678,0.27065,0.18291,0.14,ok
SVM,"{""gamma"": 0.1767766952966369, ""C"": 181.01933598375618}",0.21864,0.25384,0.18344,0.17,ok
SVM,"{""gamma"": 0.1767766952966369, ""C"": 256.0}",0.19802,0.23183,0.1642,0.19,ok
SVM,"{""gamma"": 0.1767766952966369, ""C"": 362.03867196751236}",0.18458,0.2054,0.16376,0.26,ok
SVM,"{""gamma"": 0.1767766952966369, ""C"": 512.0}",0.16989,0.18155,0.15823,0.28,ok
SVM,"{""gamma"": 0.1767766952966369, ""C"": 724.0773439350247}",0.16151,0.17923,0.14379,0.33,ok
SVM,"{""gamma"": 0.1767766952966369, ""C"": 1024.0}",0.17153,0.20643,0.13664,0.37,ok
SVM,"{""gamma"": 0.25, ""C"": 0.0009765625}",0.99261,0.93026,1.05496,0.01,ok
SVM,"{""gamma"": 0.25, ""C"": 0.0013810679320049757}",0.98827,0.92625,1.05028,0.01,ok
SVM,"{""gamma"": 0.25, ""C"": 0.001953125}",0.98213,0.9206,1.04366,0.01,ok
SVM,"{""gamma"": 0.25, ""C"": 0.0027621358640099515}",0.97346,0.91262,1.0343,0.01,ok
SVM,"{""gamma"": 0.25, ""C"": 0.00390625}",0.96237,0.9014,1.02334,0.01,ok
SVM,"{""gamma"": 0.25, ""C"": 0.005524271728019903}",0.94855,0.88822,1.00888,0.01,ok
SVM,"{""gamma"": 0.25, ""C"": 0.0078125}",0.92621,0.8672,0.98522,0.01,ok
SVM,"{""gamma"": 0.25, ""C"": 0.011048543456039806}",0.89757,0.83792,0.95722,0.01,ok
SVM,"{""gamma"": 0.25, ""C"": 0.015625}",0.86551,0.81007,0.92094,0.01,ok
SVM,"{""gamma"": 0.25, ""C"": 0.02209708691207961}",0.815,0.76843,0.86157,0.01,ok
SVM,"{""gamma"": 0.25, ""C"": 0.03125}",0.76963,0.74557,0.79368,0.02,ok
SVM,"{""gamma"": 0.25, ""C"": 0.04419417382415922}",0.71552,0.69104,0.73999,0.02,ok
SVM,"{""gamma"": 0.25, ""C"": 0.0625}",0.65421,0.6475,0.66093,0.02,ok
SVM,"{""gamma"": 0.25, ""C"": 0.08838834764831845}",0.57212,0.56225,0.582,0.03,ok
SVM,"{""gamma"": 0.25, ""C"": 0.125}",0.5154,0.53907,0.49174,0.02,ok
SVM,"{""gamma"": 0.25, ""C"": 0.1767766952966369}",0.45994,0.52169,0.3982,0.03,ok
SVM,"{""gamma"": 0.25, ""C"": 0.25}",0.42295,0.48614,0.35975,0.02,ok
SVM,"{""gamma"": 0.25, ""C"": 0.3535533905932738}",0.40965,0.49211,0.32719,0.03,ok
SVM,"{""gamma"": 0.25, ""C"": 0.5}",0.38836,0.4957,0.28102,0.04,ok
SVM,"{""gamma"": 0.25, ""C"": 0.7071067811865476}",0.37585,0.48942,0.26228,0.04,ok
SVM,"{""gamma"": 0.25, ""C"": 1.0}",0.3958,0.53404,0.25756,0.05,ok
SVM,"{""gamma"": 0.25, ""C"": 1.4142135623730951}",0.37617,0.50392,0.24843,0.06,ok
SVM,"{""gamma"": 0.25, ""C"": 2.0}",0.34857,0.46338,0.23376,0.07,ok
SVM,"{""gamma"": 0.25, ""C"": 2.8284271247461903}",0.34169,0.45519,0.22818,0.11,ok
SVM,"{""gamma"": 0.25, ""C"": 4.0}",0.33921,0.45306,0.22536,0.1,ok
SVM,"{""gamma"": 0.25, ""C"": 5.656854249492381}",0.33636,0.45005,0.22267,0.12,ok
SVM,"{""gamma"": 0.25, ""C"": 8.0}",0.3297,0.44046,0.21895,0.11,ok
SVM,"{""gamma"": 0.25, ""C"": 11.313708498984761}",0.31748,0.42112,0.21384,0.08,ok
SVM,"{""gamma"": 0.25, ""C"": 16.0}",0.2796,0.35228,0.20693,0.08,ok
SVM,"{""gamma"": 0.25, ""C"": 22.627416997969522}",0.2389,0.28087,0.19694,0.08,ok
SVM,"{""gamma"": 0.25, ""C"": 32.0}",0.22004,0.25758,0.1825,0.11,ok
SVM,"{""gamma"": 0.25, ""C"": 45.254833995939045}",0.20664,0.24421,0.16906,0.12,ok
SVM,"{""gamma"": 0.25, ""C"": 64.0}",0.1953,0.22655,0.16405,0.15,ok
SVM,"{""gamma"": 0.25, ""C"": 90.50966799187809}",0.18345,0.20453,0.16237,0.15,ok
SVM,"{""gamma"": 0.25, ""C"": 128.0}",0.17193,0.1815,0.16237,0.2,ok
SVM,"{""gamma"": 0.25, ""C"": 181.01933598375618}",0.15457,0.17084,0.1383,0.23,ok
SVM,"{""gamma"": 0.25, ""C"": 256.0}",0.16247,0.19072,0.13423,0.26,ok
SVM,"{""gamma"": 0.25, ""C"": 362.03867196751236}",0.14534,0.18634,0.10434,0.26,ok
SVM,"{""gamma"": 0.25, ""C"": 512.0}",0.16263,0.21802,0.10724,0.33,ok
SVM,"{""gamma"": 0.25, ""C"": 724.0773439350247}",0.16515,0.21873,0.11156,0.37,ok
SVM,"{""gamma"": 0.25, ""C"": 1024.0}",0.16893,0.21979,0.11807,0.38,ok
SVM,"{""gamma"": 0.3535533905932738, ""C"": 0.0009765625}",0.99353,0.93123,1.05582,0.01,ok
SVM,"{""gamma"": 0.3535533905932738, ""C"": 0.0013810679320049757}",0.98956,0.92762,1.05149,0.01,ok
SVM,"{""gamma"": 0.3535533905932738, ""C"": 0.001953125}",0.98395,0.92252,1.04537,0.01,ok
SVM,"{""gamma"": 0.3535533905932738, ""C"": 0.0027621358640099515}",0.97603,0.91534,1.03672,0.01,ok
SVM,"{""gamma"": 0.3535533905932738, ""C"": 0.00390625}",0.96592,0.90522,1.02662,0.01,ok
SVM,"{""gamma"": 0.3535533905932738, ""C"": 0.005524271728019903}",0.9533,0.89327,1.01334,0.02,ok
SVM,"{""gamma"": 0.3535533905932738, ""C"": 0.0078125}",0.93287,0.87425,0.99149,0.01,ok
SVM,"{""gamma"": 0.3535533905932738, ""C"": 0.011048543456039806}",0.90662,0.84771,0.96552,0.02,ok
SVM,"{""gamma"": 0.3535533905932738, ""C"": 0.015625}",0.87325,0.81451,0.932,0.01,ok
SVM,"{""gamma"": 0.3535533905932738, ""C"": 0.02209708691207961}",0.83058,0.78421,0.87695,0.02,ok
SVM,"{""gamma"": 0.3535533905932738, ""C"": 0.03125}",0.77995,0.74893,0.81097,0.03,ok
SVM,"{""gamma"": 0.3535533905932738, ""C"": 0.04419417382415922}",0.72953,0.71287,0.74618,0.02,ok
SVM,"{""gamma"": 0.3535533905932738, ""C"": 0.0625}",0.66003,0.66651,0.65355,0.03,ok
SVM,"{""gamma"": 0.3535533905932738, ""C"": 0.08838834764831845}",0.5915,0.58556,0.59743,0.01,ok
SVM,"{""gamma"": 0.3535533905932738, ""C"": 0.125}",0.52154,0.53876,0.50433,0.03,ok
SVM,"{""gamma"": 0.3535533905932738, ""C"": 0.1767766952966369}",0.4602,0.51199,0.40842,0.03,ok
SVM,"{""gamma"": 0.3535533905932738, ""C"": 0.25}",0.4205,0.47803,0.36297,0.03,ok
SVM,"{""gamma"": 0.3535533905932738, ""C"": 0.3535533905932738}",0.38313,0.46021,0.30604,0.03,ok
SVM,"{""gamma"": 0.3535533905932738, ""C"": 0.5}",0.35635,0.46985,0.24284,0.05,ok
SVM,"{""gamma"": 0.3535533905932738, ""C"": 0.7071067811865476}",0.3449,0.46245,0.22736,0.04,ok
SVM,"{""gamma"": 0.3535533905932738, ""C"": 1.0}",0.34867,0.47281,0.22454,0.04,ok
SVM,"{""gamma"": 0.3535533905932738, ""C"": 1.4142135623730951}",0.32883,0.43989,0.21778,0.06,ok
SVM,"{""gamma"": 0.3535533905932738, ""C"": 2.0}",0.31919,0.42372,0.21467,0.09,ok
SVM,"{""gamma"": 0.3535533905932738, ""C"": 2.8284271247461903}",0.31179,0.41275,0.21084,0.1,ok
SVM,"{""gamma"": 0.3535533905932738, ""C"": 4.0}",0.30155,0.39748,0.20563,0.13,ok
SVM,"{""gamma"": 0.3535533905932738, ""C"": 5.656854249492381}",0.28393,0.36896,0.1989,0.1,ok
SVM,"{""gamma"": 0.3535533905932738, ""C"": 8.0}",0.24586,0.30317,0.18856,0.08,ok
SVM,"{""gamma"": 0.3535533905932738, ""C"": 11.313708498984761}",0.20735,0.23834,0.17637,0.08,ok
SVM,"{""gamma"": 0.3535533905932738, ""C"": 16.0}",0.19111,0.21716,0.16506,0.09,ok
SVM,"{""gamma"": 0.3535533905932738, ""C"": 22.627416997969522}",0.18121,0.20068,0.16173,0.12,ok
SVM,"{""gamma"": 0.3535533905932738, ""C"": 32.0}",0.17173,0.18178,0.16167,0.17,ok
SVM,"{""gamma"": 0.3535533905932738, ""C"": 45.254833995939045}",0.15839,0.16686,0.14993,0.14,ok
SVM,"{""gamma"": 0.3535533905932738, ""C"": 64.0}",0.15045,0.16998,0.13093,0.18,ok
SVM,"{""gamma"": 0.3535533905932738, ""C"": 90.50966799187809}",0.14252,0.17958,0.10547,0.18,ok
SVM,"{""gamma"": 0.3535533905932738, ""C"": 128.0}",0.14172,0.1783,0.10515,0.24,ok
SVM,"{""gamma"": 0.3535533905932738, ""C"": 181.01933598375618}",0.14656,0.18452,0.1086,0.24,ok
SVM,"{""gamma"": 0.3535533905932738, ""C"": 256.0}",0.15008,0.18625,0.11391,0.23,ok
SVM,"{""gamma"": 0.3535533905932738, ""C"": 362.03867196751236}",0.15551,0.1889,0.12213,0.25,ok
SVM,"{""gamma"": 0.3535533905932738, ""C"": 512.0}",0.16201,0.19301,0.13101,0.32,ok
SVM,"{""gamma"": 0.3535533905932738, ""C"": 724.0773439350247}",0.1681,0.19951,0.13669,0.38,ok
SVM,"{""gamma"": 0.3535533905932738, ""C"": 1024.0}",0.17447,0.20315,0.1458,0.46,ok
SVM,"{""gamma"": 0.5, ""C"": 0.0009765625}",0.99442,0.93208,1.05676,0.01,ok
SVM,"{""gamma"": 0.5, ""C"": 0.0013810679320049757}",0.99082,0.92882,1.05281,0.01,ok
SVM,"{""gamma"": 0.5, ""C"": 0.001953125}",0.98573,0.92422,1.04724,0.01,ok
SVM,"{""gamma"": 0.5, ""C"": 0.0027621358640099515}",0.97854,0.91772,1.03936,0.01,ok
SVM,"{""gamma"": 0.5, ""C"": 0.00390625}",0.96939,0.90857,1.0302,0.01,ok
SVM,"{""gamma"": 0.5, ""C"": 0.005524271728019903}",0.95551,0.8957,1.01533,0.01,ok
SVM,"{""gamma"": 0.5, ""C"": 0.0078125}",0.93932,0.88029,0.99834,0.01,ok
SVM,"{""gamma"": 0.5, ""C"": 0.011048543456039806}",0.9134,0.85608,0.97072,0.01,ok
SVM,"{""gamma"": 0.5, ""C"": 0.015625}",0.8833,0.82242,0.94418,0.02,ok
SVM,"{""gamma"": 0.5, ""C"": 0.02209708691207961}",0.84523,0.79649,0.89397,0.02,ok
SVM,"{""gamma"": 0.5, ""C"": 0.03125}",0.79152,0.75959,0.82345,0.02,ok
SVM,"{""gamma"": 0.5, ""C"": 0.04419417382415922}",0.74542,0.72625,0.76459,0.02,ok
SVM,"{""gamma"": 0.5, ""C"": 0.0625}",0.67895,0.67243,0.68547,0.02,ok
SVM,"{""gamma"": 0.5, ""C"": 0.08838834764831845}",0.61006,0.60544,0.61469,0.02,ok
SVM,"{""gamma"": 0.5, ""C"": 0.125}",0.53311,0.55147,0.51475,0.03,ok
SVM,"{""gamma"": 0.5, ""C"": 0.1767766952966369}",0.46359,0.49845,0.42873,0.04,ok
SVM,"{""gamma"": 0.5, ""C"": 0.25}",0.40507,0.44654,0.3636,0.04,ok
SVM,"{""gamma"": 0.5, ""C"": 0.3535533905932738}",0.35603,0.43058,0.28148,0.04,ok
SVM,"{""gamma"": 0.5, ""C"": 0.5}",0.33395,0.4338,0.23411,0.05,ok
SVM,"{""gamma"": 0.5, ""C"": 0.7071067811865476}",0.31321,0.42222,0.2042,0.05,ok
SVM,"{""gamma"": 0.5, ""C"": 1.0}",0.29392,0.38731,0.20052,0.05,ok
SVM,"{""gamma"": 0.5, ""C"": 1.4142135623730951}",0.26754,0.34512,0.18997,0.08,ok
SVM,"{""gamma"": 0.5, ""C"": 2.0}",0.25161,0.31947,0.18374,0.08,ok
SVM,"{""gamma"": 0.5, ""C"": 2.8284271247461903}",0.23714,0.29244,0.18184,0.08,ok
SVM,"{""gamma"": 0.5, ""C"": 4.0}",0.21159,0.2505,0.17268,0.07,ok
SVM,"{""gamma"": 0.5, ""C"": 5.656854249492381}",0.18197,0.20012,0.16381,0.08,ok
SVM,"{""gamma"": 0.5, ""C"": 8.0}",0.17111,0.18014,0.16207,0.11,ok
SVM,"{""gamma"": 0.5, ""C"": 11.313708498984761}",0.16468,0.16733,0.16202,0.11,ok
SVM,"{""gamma"": 0.5, ""C"": 16.0}",0.15604,0.16222,0.14987,0.11,ok
SVM,"{""gamma"": 0.5, ""C"": 22.627416997969522}",0.14441,0.17479,0.11402,0.17,ok
SVM,"{""gamma"": 0.5, ""C"": 32.0}",0.13317,0.16043,0.10592,0.18,ok
SVM,"{""gamma"": 0.5, ""C"": 45.254833995939045}",0.13384,0.15993,0.10775,0.18,ok
SVM,"{""gamma"": 0.5, ""C"": 64.0}",0.13647,0.16224,0.1107,0.18,ok
SVM,"{""gamma"": 0.5, ""C"": 90.50966799187809}",0.14058,0.16562,0.11554,0.17,ok
SVM,"{""gamma"": 0.5, ""C"": 128.0}",0.14575,0.17058,0.12093,0.19,ok
SVM,"{""gamma"": 0.5, ""C"": 181.01933598375618}",0.1516,0.17794,0.12527,0.23,ok
SVM,"{""gamma"": 0.5, ""C"": 256.0}",0.16196,0.19073,0.13319,0.28,ok
SVM,"{""gamma"": 0.5, ""C"": 362.03867196751236}",0.17691,0.20647,0.14735,0.35,ok
SVM,"{""gamma"": 0.5, ""C"": 512.0}",0.19129,0.21087,0.17171,0.38,ok
SVM,"{""gamma"": 0.5, ""C"": 724.0773439350247}",0.19836,0.21699,0.17974,0.43,ok
SVM,"{""gamma"": 0.5, ""C"": 1024.0}",0.20221,0.22356,0.18085,0.47,ok
SVM,"{""gamma"": 0.7071067811865476, ""C"": 0.0009765625}",0.99526,0.93279,1.05773,0.01,ok
SVM,"{""gamma"": 0.7071067811865476, ""C"": 0.0013810679320049757}",0.99201,0.92982,1.05419,0.01,ok
SVM,"{""gamma"": 0.7071067811865476, ""C"": 0.001953125}",0.98741,0.92563,1.04919,0.01,ok
SVM,"{""gamma"": 0.7071067811865476, ""C"": 0.0027621358640099515}",0.98091,0.91971,1.04211,0.01,ok
SVM,"{""gamma"": 0.7071067811865476, ""C"": 0.00390625}",0.97265,0.91136,1.03394,0.01,ok
SVM,"{""gamma"": 0.7071067811865476, ""C"": 0.005524271728019903}",0.96009,0.8996,1.02057,0.01,ok
SVM,"{""gamma"": 0.7071067811865476, ""C"": 0.0078125}",0.94534,0.88521,1.00548,0.01,ok
SVM,"{""gamma"": 0.7071067811865476, ""C"": 0.011048543456039806}",0.92162,0.86288,0.98037,0.01,ok
SVM,"{""gamma"": 0.7071067811865476, ""C"": 0.015625}",0.89427,0.8317,0.95684,0.01,ok
SVM,"{""gamma"": 0.7071067811865476, ""C"": 0.02209708691207961}",0.8574,0.80289,0.9119,0.01,ok
SVM,"{""gamma"": 0.7071067811865476, ""C"": 0.03125}",0.80809,0.7677,0.84848,0.02,ok
SVM,"{""gamma"": 0.7071067811865476, ""C"": 0.04419417382415922}",0.76094,0.73144,0.79043,0.03,ok
SVM,"{""gamma"": 0.7071067811865476, ""C"": 0.0625}",0.69168,0.68195,0.70141,0.02,ok
SVM,"{""gamma"": 0.7071067811865476, ""C"": 0.08838834764831845}",0.62426,0.60934,0.63918,0.03,ok
SVM,"{""gamma"": 0.7071067811865476, ""C"": 0.125}",0.55346,0.55838,0.54853,0.03,ok
SVM,"{""gamma"": 0.7071067811865476, ""C"": 0.1767766952966369}",0.46244,0.48767,0.43722,0.03,ok
SVM,"{""gamma"": 0.7071067811865476, ""C"": 0.25}",0.38891,0.41514,0.36268,0.04,ok
SVM,"{""gamma"": 0.7071067811865476, ""C"": 0.3535533905932738}",0.33759,0.39926,0.27593,0.04,ok
SVM,"{""gamma"": 0.7071067811865476, ""C"": 0.5}",0.30758,0.39544,0.21973,0.05,ok
SVM,"{""gamma"": 0.7071067811865476, ""C"": 0.7071067811865476}",0.28573,0.35793,0.21353,0.07,ok
SVM,"{""gamma"": 0.7071067811865476, ""C"": 1.0}",0.25214,0.30121,0.20306,0.07,ok
SVM,"{""gamma"": 0.7071067811865476, ""C"": 1.4142135623730951}",0.20004,0.21577,0.18431,0.08,ok
SVM,"{""gamma"": 0.7071067811865476, ""C"": 2.0}",0.18021,0.19202,0.1684,0.08,ok
SVM,"{""gamma"": 0.7071067811865476, ""C"": 2.8284271247461903}",0.16783,0.17251,0.16315,0.09,ok
SVM,"{""gamma"": 0.7071067811865476, ""C"": 4.0}",0.16342,0.16338,0.16345,0.1,ok
SVM,"{""gamma"": 0.7071067811865476, ""C"": 5.656854249492381}",0.1587,0.16267,0.15473,0.09,ok
SVM,"{""gamma"": 0.7071067811865476, ""C"": 8.0}",0.1421,0.15934,0.12486,0.13,ok
SVM,"{""gamma"": 0.7071067811865476, ""C"": 11.313708498984761}",0.12852,0.14635,0.11068,0.11,ok
SVM,"{""gamma"": 0.7071067811865476, ""C"": 16.0}",0.12971,0.14824,0.11118,0.13,ok
SVM,"{""gamma"": 0.7071067811865476, ""C"": 22.627416997969522}",0.13169,0.15108,0.1123,0.13,ok
SVM,"{""gamma"": 0.7071067811865476, ""C"": 32.0}",0.13514,0.15557,0.11472,0.15,ok
SVM,"{""gamma"": 0.7071067811865476, ""C"": 45.254833995939045}",0.14004,0.16361,0.11648,0.14,ok
SVM,"{""gamma"": 0.7071067811865476, ""C"": 64.0}",0.14855,0.17687,0.12024,0.15,ok
SVM,"{""gamma"": 0.7071067811865476, ""C"": 90.50966799187809}",0.16049,0.19184,0.12914,0.19,ok
SVM,"{""gamma"": 0.7071067811865476, ""C"": 128.0}",0.17618,0.20493,0.14744,0.21,ok
SVM,"{""gamma"": 0.7071067811865476, ""C"": 181.01933598375618}",0.18843,0.20784,0.16903,0.27,ok
SVM,"{""gamma"": 0.7071067811865476, ""C"": 256.0}",0.1995,0.22876,0.17025,0.3,ok
SVM,"{""gamma"": 0.7071067811865476, ""C"": 362.03867196751236}",0.21374,0.25523,0.17225,0.32,ok
SVM,"{""gamma"": 0.7071067811865476, ""C"": 512.0}",0.22585,0.2761,0.1756,0.31,ok
SVM,"{""gamma"": 0.7071067811865476, ""C"": 724.0773439350247}",0.22901,0.2767,0.18133,0.41,ok
SVM,"{""gamma"": 0.7071067811865476, ""C"": 1024.0}",0.23438,0.27755,0.19122,0.36,ok
SVM,"{""gamma"": 1.0, ""C"": 0.0009765625}",0.99604,0.93339,1.0587,0.01,ok
SVM,"{""gamma"": 1.0, ""C"": 0.0013810679320049757}",0.99311,0.93066,1.05557,0.01,ok
SVM,"{""gamma"": 1.0, ""C"": 0.001953125}",0.98897,0.92681,1.05113,0.01,ok
SVM,"{""gamma"": 1.0, ""C"": 0.0027621358640099515}",0.98312,0.92137,1.04486,0.01,ok
SVM,"{""gamma"": 1.0, ""C"": 0.00390625}",0.97544,0.9137,1.03717,0.01,ok
SVM,"{""gamma"": 1.0, ""C"": 0.005524271728019903}",0.96436,0.90289,1.02584,0.01,ok
SVM,"{""gamma"": 1.0, ""C"": 0.0078125}",0.95013,0.88766,1.0126,0.01,ok
SVM,"{""gamma"": 1.0, ""C"": 0.011048543456039806}",0.92948,0.86853,0.99043,0.01,ok
SVM,"{""gamma"": 1.0, ""C"": 0.015625}",0.90132,0.83946,0.96319,0.01,ok
SVM,"{""gamma"": 1.0, ""C"": 0.02209708691207961}",0.86733,0.80478,0.92988,0.02,ok
SVM,"{""gamma"": 1.0, ""C"": 0.03125}",0.82488,0.77605,0.87371,0.02,ok
SVM,"{""gamma"": 1.0, ""C"": 0.04419417382415922}",0.77498,0.73791,0.81204,0.02,ok
SVM,"{""gamma"": 1.0, ""C"": 0.0625}",0.70995,0.68998,0.72993,0.02,ok
SVM,"{""gamma"": 1.0, ""C"": 0.08838834764831845}",0.64411,0.61618,0.67203,0.02,ok
SVM,"{""gamma"": 1.0, ""C"": 0.125}",0.57289,0.56499,0.58079,0.03,ok
SVM,"{""gamma"": 1.0, ""C"": 0.1767766952966369}",0.47581,0.49445,0.45717,0.02,ok
SVM,"{""gamma"": 1.0, ""C"": 0.25}",0.38127,0.3883,0.37423,0.05,ok
SVM,"{""gamma"": 1.0, ""C"": 0.3535533905932738}",0.33811,0.36572,0.31051,0.06,ok
SVM,"{""gamma"": 1.0, ""C"": 0.5}",0.28423,0.34947,0.21899,0.06,ok
SVM,"{""gamma"": 1.0, ""C"": 0.7071067811865476}",0.25379,0.30746,0.20011,0.05,ok
SVM,"{""gamma"": 1.0, ""C"": 1.0}",0.20108,0.22293,0.17923,0.05,ok
SVM,"{""gamma"": 1.0, ""C"": 1.4142135623730951}",0.16516,0.16324,0.16709,0.06,ok
SVM,"{""gamma"": 1.0, ""C"": 2.0}",0.16411,0.16272,0.1655,0.08,ok
SVM,"{""gamma"": 1.0, ""C"": 2.8284271247461903}",0.16536,0.16562,0.1651,0.1,ok
SVM,"{""gamma"": 1.0, ""C"": 4.0}",0.14057,0.14639,0.13475,0.11,ok
SVM,"{""gamma"": 1.0, ""C"": 5.656854249492381}",0.13035,0.14397,0.11673,0.1,ok
SVM,"{""gamma"": 1.0, ""C"": 8.0}",0.13138,0.14722,0.11553,0.12,ok
SVM,"{""gamma"": 1.0, ""C"": 11.313708498984761}",0.13356,0.15258,0.11453,0.14,ok
SVM,"{""gamma"": 1.0, ""C"": 16.0}",0.13873,0.16302,0.11444,0.12,ok
SVM,"{""gamma"": 1.0, ""C"": 22.627416997969522}",0.14625,0.1773,0.1152,0.13,ok
SVM,"{""gamma"": 1.0, ""C"": 32.0}",0.15223,0.1834,0.12106,0.13,ok
SVM,"{""gamma"": 1.0, ""C"": 45.254833995939045}",0.16155,0.18564,0.13747,0.18,ok
SVM,"{""gamma"": 1.0, ""C"": 64.0}",0.17709,0.19524,0.15894,0.17,ok
SVM,"{""gamma"": 1.0, ""C"": 90.50966799187809}",0.1913,0.22173,0.16087,0.16,ok
SVM,"{""gamma"": 1.0, ""C"": 128.0}",0.2148,0.26475,0.16485,0.17,ok
SVM,"{""gamma"": 1.0, ""C"": 181.01933598375618}",0.2204,0.26927,0.17153,0.19,ok
SVM,"{""gamma"": 1.0, ""C"": 256.0}",0.22781,0.27028,0.18533,0.22,ok
SVM,"{""gamma"": 1.0, ""C"": 362.03867196751236}",0.24389,0.27174,0.21604,0.3,ok
SVM,"{""gamma"": 1.0, ""C"": 512.0}",0.2539,0.27391,0.23389,0.33,ok
SVM,"{""gamma"": 1.0, ""C"": 724.0773439350247}",0.257,0.27751,0.23649,0.37,ok
SVM,"{""gamma"": 1.0, ""C"": 1024.0}",0.26292,0.28583,0.24001,0.42,ok
SVM,"{""gamma"": 1.4142135623730951, ""C"": 0.0009765625}",0.99678,0.93392,1.05964,0.01,ok
SVM,"{""gamma"": 1.4142135623730951, ""C"": 0.0013810679320049757}",0.99415,0.93142,1.05689,0.01,ok
SVM,"{""gamma"": 1.4142135623730951, ""C"": 0.001953125}",0.99044,0.92788,1.053,0.01,ok
SVM,"{""gamma"": 1.4142135623730951, ""C"": 0.0027621358640099515}",0.98519,0.92288,1.04751,0.01,ok
SVM,"{""gamma"": 1.4142135623730951, ""C"": 0.00390625}",0.97778,0.91582,1.03974,0.01,ok
SVM,"{""gamma"": 1.4142135623730951, ""C"": 0.005524271728019903}",0.96838,0.90587,1.0309,0.01,ok
SVM,"{""gamma"": 1.4142135623730951, ""C"": 0.0078125}",0.95521,0.89184,1.01859,0.02,ok
SVM,"{""gamma"": 1.4142135623730951, ""C"": 0.011048543456039806}",0.93609,0.8721,1.00008,0.01,ok
SVM,"{""gamma"": 1.4142135623730951, ""C"": 0.015625}",0.9097,0.84665,0.97275,0.01,ok
SVM,"{""gamma"": 1.4142135623730951, ""C"": 0.02209708691207961}",0.87985,0.81258,0.94712,0.01,ok
SVM,"{""gamma"": 1.4142135623730951, ""C"": 0.03125}",0.8417,0.78543,0.89797,0.02,ok
SVM,"{""gamma"": 1.4142135623730951, ""C"": 0.04419417382415922}",0.78815,0.74757,0.82874,0.02,ok
SVM,"{""gamma"": 1.4142135623730951, ""C"": 0.0625}",0.73561,0.7051,0.76612,0.03,ok
SVM,"{""gamma"": 1.4142135623730951, ""C"": 0.08838834764831845}",0.65669,0.63454,0.67884,0.03,ok
SVM,"{""gamma"": 1.4142135623730951, ""C"": 0.125}",0.58927,0.56615,0.61239,0.04,ok
SVM,"{""gamma"": 1.4142135623730951, ""C"": 0.1767766952966369}",0.49881,0.5119,0.48571,0.02,ok
SVM,"{""gamma"": 1.4142135623730951, ""C"": 0.25}",0.38198,0.3762,0.38776,0.04,ok
SVM,"{""gamma"": 1.4142135623730951, ""C"": 0.3535533905932738}",0.32293,0.34199,0.30388,0.06,ok
SVM,"{""gamma"": 1.4142135623730951, ""C"": 0.5}",0.28947,0.32527,0.25367,0.05,ok
SVM,"{""gamma"": 1.4142135623730951, ""C"": 0.7071067811865476}",0.26082,0.29792,0.22373,0.06,ok
SVM,"{""gamma"": 1.4142135623730951, ""C"": 1.0}",0.19418,0.212,0.17636,0.05,ok
SVM,"{""gamma"": 1.4142135623730951, ""C"": 1.4142135623730951}",0.17127,0.17687,0.16566,0.07,ok
SVM,"{""gamma"": 1.4142135623730951, ""C"": 2.0}",0.16539,0.16491,0.16586,0.08,ok
SVM,"{""gamma"": 1.4142135623730951, ""C"": 2.8284271247461903}",0.14702,0.15012,0.14393,0.08,ok
SVM,"{""gamma"": 1.4142135623730951, ""C"": 4.0}",0.1385,0.1549,0.12211,0.09,ok
SVM,"{""gamma"": 1.4142135623730951, ""C"": 5.656854249492381}",0.14228,0.16615,0.11841,0.09,ok
SVM,"{""gamma"": 1.4142135623730951, ""C"": 8.0}",0.14284,0.17074,0.11494,0.1,ok
SVM,"{""gamma"": 1.4142135623730951, ""C"": 11.313708498984761}",0.14321,0.17257,0.11385,0.1,ok
SVM,"{""gamma"": 1.4142135623730951, ""C"": 16.0}",0.148,0.17599,0.12001,0.11,ok
SVM,"{""gamma"": 1.4142135623730951, ""C"": 22.627416997969522}",0.16474,0.18799,0.1415,0.12,ok
SVM,"{""gamma"": 1.4142135623730951, ""C"": 32.0}",0.17969,0.20781,0.15157,0.11,ok
SVM,"{""gamma"": 1.4142135623730951, ""C"": 45.254833995939045}",0.20024,0.24004,0.16044,0.12,ok
SVM,"{""gamma"": 1.4142135623730951, ""C"": 64.0}",0.21916,0.25573,0.18259,0.14,ok
SVM,"{""gamma"": 1.4142135623730951, ""C"": 90.50966799187809}",0.23359,0.26629,0.2009,0.18,ok
SVM,"{""gamma"": 1.4142135623730951, ""C"": 128.0}",0.23766,0.26907,0.20624,0.21,ok
SVM,"{""gamma"": 1.4142135623730951, ""C"": 181.01933598375618}",0.24293,0.27251,0.21335,0.24,ok
SVM,"{""gamma"": 1.4142135623730951, ""C"": 256.0}",0.2492,0.27788,0.22052,0.27,ok
SVM,"{""gamma"": 1.4142135623730951, ""C"": 362.03867196751236}",0.25662,0.28401,0.22924,0.3,ok
SVM,"{""gamma"": 1.4142135623730951, ""C"": 512.0}",0.26534,0.28823,0.24246,0.27,ok
SVM,"{""gamma"": 1.4142135623730951, ""C"": 724.0773439350247}",0.27768,0.29271,0.26265,0.4,ok
SVM,"{""gamma"": 1.4142135623730951, ""C"": 1024.0}",0.29354,0.29545,0.29163,0.41,ok
SVM,"{""gamma"": 2.0, ""C"": 0.0009765625}",0.99748,0.93444,1.06051,0.01,ok
SVM,"{""gamma"": 2.0, ""C"": 0.0013810679320049757}",0.99514,0.93216,1.05812,0.01,ok
SVM,"{""gamma"": 2.0, ""C"": 0.001953125}",0.99183,0.92892,1.05474,0.01,ok
SVM,"{""gamma"": 2.0, ""C"": 0.0027621358640099515}",0.98716,0.92435,1.04996,0.01,ok
SVM,"{""gamma"": 2.0, ""C"": 0.00390625}",0.98055,0.9179,1.0432,0.01,ok
SVM,"{""gamma"": 2.0, ""C"": 0.005524271728019903}",0.97219,0.90879,1.03559,0.01,ok
SVM,"{""gamma"": 2.0, ""C"": 0.0078125}",0.95942,0.89594,1.02289,0.01,ok
SVM,"{""gamma"": 2.0, ""C"": 0.011048543456039806}",0.94344,0.87786,1.00902,0.01,ok
SVM,"{""gamma"": 2.0, ""C"": 0.015625}",0.9189,0.85244,0.98537,0.01,ok
SVM,"{""gamma"": 2.0, ""C"": 0.02209708691207961}",0.88849,0.81877,0.95821,0.02,ok
SVM,"{""gamma"": 2.0, ""C"": 0.03125}",0.85499,0.78959,0.92039,0.03,ok
SVM,"{""gamma"": 2.0, ""C"": 0.04419417382415922}",0.81115,0.76202,0.86027,0.01,ok
SVM,"{""gamma"": 2.0, ""C"": 0.0625}",0.75978,0.72093,0.79864,0.01,ok
SVM,"{""gamma"": 2.0, ""C"": 0.08838834764831845}",0.68219,0.65663,0.70776,0.01,ok
SVM,"{""gamma"": 2.0, ""C"": 0.125}",0.60883,0.57823,0.63943,0.04,ok
SVM,"{""gamma"": 2.0, ""C"": 0.1767766952966369}",0.53675,0.53652,0.53698,0.03,ok
SVM,"{""gamma"": 2.0, ""C"": 0.25}",0.42094,0.39644,0.44545,0.02,ok
SVM,"{""gamma"": 2.0, ""C"": 0.3535533905932738}",0.32296,0.32762,0.31831,0.04,ok
SVM,"{""gamma"": 2.0, ""C"": 0.5}",0.28988,0.31531,0.26444,0.06,ok
SVM,"{""gamma"": 2.0, ""C"": 0.7071067811865476}",0.27531,0.30272,0.2479,0.06,ok
SVM,"{""gamma"": 2.0, ""C"": 1.0}",0.22091,0.23987,0.20196,0.06,ok
SVM,"{""gamma"": 2.0, ""C"": 1.4142135623730951}",0.18154,0.19686,0.16622,0.07,ok
SVM,"{""gamma"": 2.0, ""C"": 2.0}",0.17637,0.19093,0.1618,0.08,ok
SVM,"{""gamma"": 2.0, ""C"": 2.8284271247461903}",0.15953,0.18521,0.13385,0.07,ok
SVM,"{""gamma"": 2.0, ""C"": 4.0}",0.15461,0.18007,0.12916,0.07,ok
SVM,"{""gamma"": 2.0, ""C"": 5.656854249492381}",0.15192,0.1773,0.12653,0.09,ok
SVM,"{""gamma"": 2.0, ""C"": 8.0}",0.15801,0.18485,0.13117,0.09,ok
SVM,"{""gamma"": 2.0, ""C"": 11.313708498984761}",0.17438,0.1965,0.15225,0.1,ok
SVM,"{""gamma"": 2.0, ""C"": 16.0}",0.19423,0.2146,0.17386,0.1,ok
SVM,"{""gamma"": 2.0, ""C"": 22.627416997969522}",0.21412,0.24267,0.18557,0.11,ok
SVM,"{""gamma"": 2.0, ""C"": 32.0}",0.22208,0.25349,0.19068,0.13,ok
SVM,"{""gamma"": 2.0, ""C"": 45.254833995939045}",0.23275,0.2673,0.1982,0.18,ok
SVM,"{""gamma"": 2.0, ""C"": 64.0}",0.24091,0.27518,0.20665,0.17,ok
SVM,"{""gamma"": 2.0, ""C"": 90.50966799187809}",0.24615,0.27646,0.21584,0.15,ok
SVM,"{""gamma"": 2.0, ""C"": 128.0}",0.25427,0.27832,0.23022,0.19,ok
SVM,"{""gamma"": 2.0, ""C"": 181.01933598375618}",0.26693,0.28104,0.25282,0.26,ok
SVM,"{""gamma"": 2.0, ""C"": 256.0}",0.27994,0.28504,0.27483,0.27,ok
SVM,"{""gamma"": 2.0, ""C"": 362.03867196751236}",0.29584,0.29102,0.30066,0.32,ok
SVM,"{""gamma"": 2.0, ""C"": 512.0}",0.30723,0.30005,0.31442,0.26,ok
SVM,"{""gamma"": 2.0, ""C"": 724.0773439350247}",0.32281,0.31068,0.33495,0.35,ok
SVM,"{""gamma"": 2.0, ""C"": 1024.0}",0.34484,0.32394,0.36574,0.42,ok
SVM,"{""gamma"": 2.8284271247461903, ""C"": 0.0009765625}",0.99813,0.93497,1.06129,0.01,ok
SVM,"{""gamma"": 2.8284271247461903, ""C"": 0.0013810679320049757}",0.99607,0.9329,1.05923,0.01,ok
SVM,"{""gamma"": 2.8284271247461903, ""C"": 0.001953125}",0.99314,0.92998,1.05631,0.01,ok
SVM,"{""gamma"": 2.8284271247461903, ""C"": 0.0027621358640099515}",0.98901,0.92585,1.05218,0.01,ok
SVM,"{""gamma"": 2.8284271247461903, ""C"": 0.00390625}",0.98317,0.92001,1.04634,0.01,ok
SVM,"{""gamma"": 2.8284271247461903, ""C"": 0.005524271728019903}",0.97528,0.91176,1.03879,0.02,ok
SVM,"{""gamma"": 2.8284271247461903, ""C"": 0.0078125}",0.9645,0.90013,1.02886,0.01,ok
SVM,"{""gamma"": 2.8284271247461903, ""C"": 0.011048543456039806}",0.9504,0.88374,1.01706,0.01,ok
SVM,"{""gamma"": 2.8284271247461903, ""C"": 0.015625}",0.92871,0.86069,0.99673,0.01,ok
SVM,"{""gamma"": 2.8284271247461903, ""C"": 0.02209708691207961}",0.89833,0.82837,0.96829,0.01,ok
SVM,"{""gamma"": 2.8284271247461903, ""C"": 0.03125}",0.86688,0.79325,0.94052,0.02,ok
SVM,"{""gamma"": 2.8284271247461903, ""C"": 0.04419417382415922}",0.82815,0.76767,0.88863,0.03,ok
SVM,"{""gamma"": 2.8284271247461903, ""C"": 0.0625}",0.77805,0.73019,0.8259,0.02,ok
SVM,"{""gamma"": 2.8284271247461903, ""C"": 0.08838834764831845}",0.71518,0.68183,0.74853,0.02,ok
SVM,"{""gamma"": 2.8284271247461903, ""C"": 0.125}",0.63724,0.5981,0.67638,0.03,ok
SVM,"{""gamma"": 2.8284271247461903, ""C"": 0.1767766952966369}",0.57499,0.56265,0.58733,0.03,ok
SVM,"{""gamma"": 2.8284271247461903, ""C"": 0.25}",0.46844,0.43944,0.49745,0.02,ok
SVM,"{""gamma"": 2.8284271247461903, ""C"": 0.3535533905932738}",0.3498,0.33966,0.35993,0.05,ok
SVM,"{""gamma"": 2.8284271247461903, ""C"": 0.5}",0.29728,0.31974,0.27481,0.05,ok
SVM,"{""gamma"": 2.8284271247461903, ""C"": 0.7071067811865476}",0.2819,0.30848,0.25532,0.06,ok
SVM,"{""gamma"": 2.8284271247461903, ""C"": 1.0}",0.2465,0.27376,0.21925,0.08,ok
SVM,"{""gamma"": 2.8284271247461903, ""C"": 1.4142135623730951}",0.20278,0.21458,0.19098,0.09,ok
SVM,"{""gamma"": 2.8284271247461903, ""C"": 2.0}",0.18451,0.20383,0.16519,0.07,ok
SVM,"{""gamma"": 2.8284271247461903, ""C"": 2.8284271247461903}",0.18253,0.20756,0.15749,0.08,ok
SVM,"{""gamma"": 2.8284271247461903, ""C"": 4.0}",0.18349,0.2079,0.15908,0.07,ok
SVM,"{""gamma"": 2.8284271247461903, ""C"": 5.656854249492381}",0.18968,0.20389,0.17546,0.1,ok
SVM,"{""gamma"": 2.8284271247461903, ""C"": 8.0}",0.19926,0.21773,0.18078,0.09,ok
SVM,"{""gamma"": 2.8284271247461903, ""C"": 11.313708498984761}",0.21289,0.23871,0.18706,0.1,ok
SVM,"{""gamma"": 2.8284271247461903, ""C"": 16.0}",0.22383,0.25107,0.19659,0.13,ok
SVM,"{""gamma"": 2.8284271247461903, ""C"": 22.627416997969522}",0.22965,0.25325,0.20604,0.13,ok
SVM,"{""gamma"": 2.8284271247461903, ""C"": 32.0}",0.23773,0.25642,0.21903,0.12,ok
SVM,"{""gamma"": 2.8284271247461903, ""C"": 45.254833995939045}",0.24828,0.26105,0.2355,0.14,ok
SVM,"{""gamma"": 2.8284271247461903, ""C"": 64.0}",0.25705,0.26788,0.24621,0.18,ok
SVM,"{""gamma"": 2.8284271247461903, ""C"": 90.50966799187809}",0.26521,0.27812,0.2523,0.16,ok
SVM,"{""gamma"": 2.8284271247461903, ""C"": 128.0}",0.27553,0.2892,0.26186,0.19,ok
SVM,"{""gamma"": 2.8284271247461903, ""C"": 181.01933598375618}",0.28941,0.30175,0.27706,0.19,ok
SVM,"{""gamma"": 2.8284271247461903, ""C"": 256.0}",0.31208,0.32277,0.30139,0.24,ok
SVM,"{""gamma"": 2.8284271247461903, ""C"": 362.03867196751236}",0.349,0.35783,0.34016,0.24,ok
SVM,"{""gamma"": 2.8284271247461903, ""C"": 512.0}",0.4081,0.41518,0.40103,0.26,ok
SVM,"{""gamma"": 2.8284271247461903, ""C"": 724.0773439350247}",0.49823,0.50294,0.49352,0.29,ok
SVM,"{""gamma"": 2.8284271247461903, ""C"": 1024.0}",0.59204,0.54963,0.63445,0.37,ok
SVM,"{""gamma"": 4.0, ""C"": 0.0009765625}",0.99875,0.93551,1.06199,0.01,ok
SVM,"{""gamma"": 4.0, ""C"": 0.0013810679320049757}",0.99694,0.93366,1.06021,0.01,ok
SVM,"{""gamma"": 4.0, ""C"": 0.001953125}",0.99437,0.93105,1.0577,0.01,ok
SVM,"{""gamma"": 4.0, ""C"": 0.0027621358640099515}",0.99075,0.92736,1.05415,0.01,ok
SVM,"{""gamma"": 4.0, ""C"": 0.00390625}",0.98563,0.92214,1.04912,0.01,ok
SVM,"{""gamma"": 4.0, ""C"": 0.005524271728019903}",0.9784,0.91477,1.04202,0.01,ok
SVM,"{""gamma"": 4.0, ""C"": 0.0078125}",0.96926,0.90438,1.03415,0.01,ok
SVM,"{""gamma"": 4.0, ""C"": 0.011048543456039806}",0.95613,0.88973,1.02252,0.01,ok
SVM,"{""gamma"": 4.0, ""C"": 0.015625}",0.93793,0.8691,1.00676,0.01,ok
SVM,"{""gamma"": 4.0, ""C"": 0.02209708691207961}",0.91117,0.84015,0.98219,0.01,ok
SVM,"{""gamma"": 4.0, ""C"": 0.03125}",0.8788,0.80501,0.95259,0.02,ok
SVM,"{""gamma"": 4.0, ""C"": 0.04419417382415922}",0.8466,0.77954,0.91367,0.02,ok
SVM,"{""gamma"": 4.0, ""C"": 0.0625}",0.79324,0.73571,0.85078,0.02,ok
SVM,"{""gamma"": 4.0, ""C"": 0.08838834764831845}",0.7448,0.70063,0.78897,0.02,ok
SVM,"{""gamma"": 4.0, ""C"": 0.125}",0.66486,0.62197,0.70775,0.03,ok
SVM,"{""gamma"": 4.0, ""C"": 0.1767766952966369}",0.60749,0.59047,0.62451,0.03,ok
SVM,"{""gamma"": 4.0, ""C"": 0.25}",0.50543,0.48935,0.52151,0.03,ok
SVM,"{""gamma"": 4.0, ""C"": 0.3535533905932738}",0.39223,0.3793,0.40517,0.04,ok
SVM,"{""gamma"": 4.0, ""C"": 0.5}",0.31817,0.34683,0.28952,0.05,ok
SVM,"{""gamma"": 4.0, ""C"": 0.7071067811865476}",0.29377,0.32559,0.26195,0.06,ok
SVM,"{""gamma"": 4.0, ""C"": 1.0}",0.27476,0.30379,0.24573,0.07,ok
SVM,"{""gamma"": 4.0, ""C"": 1.4142135623730951}",0.22152,0.22967,0.21336,0.06,ok
SVM,"{""gamma"": 4.0, ""C"": 2.0}",0.20419,0.21928,0.1891,0.07,ok
SVM,"{""gamma"": 4.0, ""C"": 2.8284271247461903}",0.20632,0.22895,0.18368,0.08,ok
SVM,"{""gamma"": 4.0, ""C"": 4.0}",0.21459,0.23876,0.19043,0.09,ok
SVM,"{""gamma"": 4.0, ""C"": 5.656854249492381}",0.22284,0.24489,0.20079,0.09,ok
SVM,"{""gamma"": 4.0, ""C"": 8.0}",0.23147,0.24734,0.21561,0.09,ok
SVM,"{""gamma"": 4.0, ""C"": 11.313708498984761}",0.23969,0.25111,0.22827,0.1,ok
SVM,"{""gamma"": 4.0, ""C"": 16.0}",0.24218,0.25455,0.22981,0.12,ok
SVM,"{""gamma"": 4.0, ""C"": 22.627416997969522}",0.24611,0.25992,0.2323,0.11,ok
SVM,"{""gamma"": 4.0, ""C"": 32.0}",0.25265,0.26887,0.23643,0.12,ok
SVM,"{""gamma"": 4.0, ""C"": 45.254833995939045}",0.26353,0.28362,0.24344,0.14,ok
SVM,"{""gamma"": 4.0, ""C"": 64.0}",0.28134,0.30803,0.25465,0.15,ok
SVM,"{""gamma"": 4.0, ""C"": 90.50966799187809}",0.31119,0.34806,0.27433,0.17,ok
SVM,"{""gamma"": 4.0, ""C"": 128.0}",0.3604,0.41225,0.30855,0.17,ok
SVM,"{""gamma"": 4.0, ""C"": 181.01933598375618}",0.43223,0.49884,0.36562,0.18,ok
SVM,"{""gamma"": 4.0, ""C"": 256.0}",0.49126,0.5265,0.45601,0.25,ok
SVM,"{""gamma"": 4.0, ""C"": 362.03867196751236}",0.53889,0.52756,0.55022,0.23,ok
SVM,"{""gamma"": 4.0, ""C"": 512.0}",0.54597,0.53033,0.56161,0.25,ok
SVM,"{""gamma"": 4.0, ""C"": 724.0773439350247}",0.55027,0.52452,0.57603,0.24,ok
SVM,"{""gamma"": 4.0, ""C"": 1024.0}",0.55393,0.5151,0.59276,0.3,ok
SVM,"{""gamma"": 5.656854249492381, ""C"": 0.0009765625}",0.99932,0.93604,1.0626,0.01,ok
SVM,"{""gamma"": 5.656854249492381, ""C"": 0.0013810679320049757}",0.99774,0.93441,1.06108,0.01,ok
SVM,"{""gamma"": 5.656854249492381, ""C"": 0.001953125}",0.99551,0.9321,1.05893,0.01,ok
SVM,"{""gamma"": 5.656854249492381, ""C"": 0.0027621358640099515}",0.99236,0.92885,1.05588,0.01,ok
SVM,"{""gamma"": 5.656854249492381, ""C"": 0.00390625}",0.98791,0.92425,1.05158,0.01,ok
SVM,"{""gamma"": 5.656854249492381, ""C"": 0.005524271728019903}",0.98162,0.91775,1.04549,0.01,ok
SVM,"{""gamma"": 5.656854249492381, ""C"": 0.0078125}",0.97336,0.90858,1.03815,0.01,ok
SVM,"{""gamma"": 5.656854249492381, ""C"": 0.011048543456039806}",0.96154,0.89565,1.02744,0.01,ok
SVM,"{""gamma"": 5.656854249492381, ""C"": 0.015625}",0.94649,0.87744,1.01555,0.01,ok
SVM,"{""gamma"": 5.656854249492381, ""C"": 0.02209708691207961}",0.92322,0.85185,0.99459,0.01,ok
SVM,"{""gamma"": 5.656854249492381, ""C"": 0.03125}",0.89109,0.81604,0.96614,0.02,ok
SVM,"{""gamma"": 5.656854249492381, ""C"": 0.04419417382415922}",0.86454,0.79532,0.93377,0.02,ok
SVM,"{""gamma"": 5.656854249492381, ""C"": 0.0625}",0.81724,0.75271,0.88176,0.02,ok
SVM,"{""gamma"": 5.656854249492381, ""C"": 0.08838834764831845}",0.7682,0.70778,0.82862,0.02,ok
SVM,"{""gamma"": 5.656854249492381, ""C"": 0.125}",0.69749,0.65739,0.7376,0.03,ok
SVM,"{""gamma"": 5.656854249492381, ""C"": 0.1767766952966369}",0.64435,0.61752,0.67117,0.03,ok
SVM,"{""gamma"": 5.656854249492381, ""C"": 0.25}",0.55172,0.54191,0.56154,0.03,ok
SVM,"{""gamma"": 5.656854249492381, ""C"": 0.3535533905932738}",0.45171,0.4277,0.47572,0.03,ok
SVM,"{""gamma"": 5.656854249492381, ""C"": 0.5}",0.34951,0.38896,0.31006,0.04,ok
SVM,"{""gamma"": 5.656854249492381, ""C"": 0.7071067811865476}",0.30978,0.35811,0.26145,0.05,ok
SVM,"{""gamma"": 5.656854249492381, ""C"": 1.0}",0.28584,0.32811,0.24357,0.05,ok
SVM,"{""gamma"": 5.656854249492381, ""C"": 1.4142135623730951}",0.24312,0.27062,0.21562,0.05,ok
SVM,"{""gamma"": 5.656854249492381, ""C"": 2.0}",0.23036,0.24829,0.21243,0.07,ok
SVM,"{""gamma"": 5.656854249492381, ""C"": 2.8284271247461903}",0.23723,0.25411,0.22035,0.08,ok
SVM,"{""gamma"": 5.656854249492381, ""C"": 4.0}",0.2421,0.25692,0.22729,0.09,ok
SVM,"{""gamma"": 5.656854249492381, ""C"": 5.656854249492381}",0.24482,0.26128,0.22836,0.09,ok
SVM,"{""gamma"": 5.656854249492381, ""C"": 8.0}",0.24848,0.2682,0.22876,0.11,ok
SVM,"{""gamma"": 5.656854249492381, ""C"": 11.313708498984761}",0.25456,0.27934,0.22978,0.12,ok
SVM,"{""gamma"": 5.656854249492381, ""C"": 16.0}",0.26481,0.29749,0.23212,0.11,ok
SVM,"{""gamma"": 5.656854249492381, ""C"": 22.627416997969522}",0.28214,0.32712,0.23717,0.11,ok
SVM,"{""gamma"": 5.656854249492381, ""C"": 32.0}",0.31123,0.37492,0.24755,0.11,ok
SVM,"{""gamma"": 5.656854249492381, ""C"": 45.254833995939045}",0.3591,0.45032,0.26787,0.12,ok
SVM,"{""gamma"": 5.656854249492381, ""C"": 64.0}",0.3957,0.48596,0.30544,0.13,ok
SVM,"{""gamma"": 5.656854249492381, ""C"": 90.50966799187809}",0.43427,0.49895,0.36958,0.14,ok
SVM,"{""gamma"": 5.656854249492381, ""C"": 128.0}",0.48514,0.49784,0.47243,0.14,ok
SVM,"{""gamma"": 5.656854249492381, ""C"": 181.01933598375618}",0.49439,0.49735,0.49142,0.19,ok
SVM,"{""gamma"": 5.656854249492381, ""C"": 256.0}",0.49697,0.49275,0.50118,0.17,ok
SVM,"{""gamma"": 5.656854249492381, ""C"": 362.03867196751236}",0.50661,0.49679,0.51642,0.19,ok
SVM,"{""gamma"": 5.656854249492381, ""C"": 512.0}",0.52523,0.51024,0.54023,0.21,ok
SVM,"{""gamma"": 5.656854249492381, ""C"": 724.0773439350247}",0.5554,0.5329,0.5779,0.24,ok
SVM,"{""gamma"": 5.656854249492381, ""C"": 1024.0}",0.59401,0.5713,0.61672,0.23,ok
SVM,"{""gamma"": 8.0, ""C"": 0.0009765625}",0.99984,0.93654,1.06314,0.01,ok
SVM,"{""gamma"": 8.0, ""C"": 0.0013810679320049757}",0.99848,0.93512,1.06184,0.01,ok
SVM,"{""gamma"": 8.0, ""C"": 0.001953125}",0.99656,0.93311,1.06,0.01,ok
SVM,"{""gamma"": 8.0, ""C"": 0.0027621358640099515}",0.99384,0.93028,1.05741,0.01,ok
SVM,"{""gamma"": 8.0, ""C"": 0.00390625}",0.99,0.92626,1.05373,0.01,ok
SVM,"{""gamma"": 8.0, ""C"": 0.005524271728019903}",0.98457,0.9206,1.04854,0.01,ok
SVM,"{""gamma"": 8.0, ""C"": 0.0078125}",0.9769,0.9126,1.0412,0.01,ok
SVM,"{""gamma"": 8.0, ""C"": 0.011048543456039806}",0.96728,0.90133,1.03323,0.01,ok
SVM,"{""gamma"": 8.0, ""C"": 0.015625}",0.95432,0.88544,1.02321,0.01,ok
SVM,"{""gamma"": 8.0, ""C"": 0.02209708691207961}",0.93426,0.8631,1.00542,0.01,ok
SVM,"{""gamma"": 8.0, ""C"": 0.03125}",0.90605,0.8318,0.9803,0.01,ok
SVM,"{""gamma"": 8.0, ""C"": 0.04419417382415922}",0.87596,0.80325,0.94867,0.02,ok
SVM,"{""gamma"": 8.0, ""C"": 0.0625}",0.84073,0.77249,0.90897,0.01,ok
SVM,"{""gamma"": 8.0, ""C"": 0.08838834764831845}",0.78653,0.72389,0.84916,0.02,ok
SVM,"{""gamma"": 8.0, ""C"": 0.125}",0.73146,0.67943,0.7835,0.02,ok
SVM,"{""gamma"": 8.0, ""C"": 0.1767766952966369}",0.68165,0.64334,0.71997,0.03,ok
SVM,"{""gamma"": 8.0, ""C"": 0.25}",0.60563,0.59476,0.61649,0.03,ok
SVM,"{""gamma"": 8.0, ""C"": 0.3535533905932738}",0.51048,0.48921,0.53175,0.03,ok
SVM,"{""gamma"": 8.0, ""C"": 0.5}",0.41001,0.43725,0.38277,0.04,ok
SVM,"{""gamma"": 8.0, ""C"": 0.7071067811865476}",0.33885,0.40387,0.27383,0.04,ok
SVM,"{""gamma"": 8.0, ""C"": 1.0}",0.30973,0.36507,0.25438,0.05,ok
SVM,"{""gamma"": 8.0, ""C"": 1.4142135623730951}",0.27728,0.31842,0.23614,0.06,ok
SVM,"{""gamma"": 8.0, ""C"": 2.0}",0.2576,0.28191,0.23329,0.06,ok
SVM,"{""gamma"": 8.0, ""C"": 2.8284271247461903}",0.25989,0.28823,0.23155,0.07,ok
SVM,"{""gamma"": 8.0, ""C"": 4.0}",0.265,0.29785,0.23215,0.07,ok
SVM,"{""gamma"": 8.0, ""C"": 5.656854249492381}",0.27309,0.31269,0.23349,0.08,ok
SVM,"{""gamma"": 8.0, ""C"": 8.0}",0.28607,0.33582,0.23633,0.08,ok
SVM,"{""gamma"": 8.0, ""C"": 11.313708498984761}",0.30675,0.37194,0.24156,0.08,ok
SVM,"{""gamma"": 8.0, ""C"": 16.0}",0.33858,0.42803,0.24913,0.08,ok
SVM,"{""gamma"": 8.0, ""C"": 22.627416997969522}",0.36762,0.46988,0.26536,0.09,ok
SVM,"{""gamma"": 8.0, ""C"": 32.0}",0.38889,0.48321,0.29456,0.1,ok
SVM,"{""gamma"": 8.0, ""C"": 45.254833995939045}",0.41636,0.48385,0.34887,0.11,ok
SVM,"{""gamma"": 8.0, ""C"": 64.0}",0.45746,0.48837,0.42655,0.13,ok
SVM,"{""gamma"": 8.0, ""C"": 90.50966799187809}",0.46499,0.49735,0.43264,0.12,ok
SVM,"{""gamma"": 8.0, ""C"": 128.0}",0.4825,0.5208,0.4442,0.12,ok
SVM,"{""gamma"": 8.0, ""C"": 181.01933598375618}",0.51336,0.56074,0.46597,0.12,ok
SVM,"{""gamma"": 8.0, ""C"": 256.0}",0.54303,0.60374,0.48232,0.14,ok
SVM,"{""gamma"": 8.0, ""C"": 362.03867196751236}",0.56618,0.63915,0.49321,0.15,ok
SVM,"{""gamma"": 8.0, ""C"": 512.0}",0.59138,0.67012,0.51264,0.17,ok
SVM,"{""gamma"": 8.0, ""C"": 724.0773439350247}",0.61447,0.71192,0.51703,0.19,ok
SVM,"{""gamma"": 8.0, ""C"": 1024.0}",0.64588,0.78027,0.5115,0.21,ok
SVM,"{""gamma"": 11.313708498984761, ""C"": 0.0009765625}",1.00031,0.93701,1.06361,0.01,ok
SVM,"{""gamma"": 11.313708498984761, ""C"": 0.0013810679320049757}",0.99915,0.93579,1.06251,0.01,ok
SVM,"{""gamma"": 11.313708498984761, ""C"": 0.001953125}",0.9975,0.93406,1.06095,0.01,ok
SVM,"{""gamma"": 11.313708498984761, ""C"": 0.0027621358640099515}",0.99518,0.93161,1.05874,0.01,ok
SVM,"{""gamma"": 11.313708498984761, ""C"": 0.00390625}",0.99189,0.92815,1.05562,0.01,ok
SVM,"{""gamma"": 11.313708498984761, ""C"": 0.005524271728019903}",0.98724,0.92326,1.05121,0.01,ok
SVM,"{""gamma"": 11.313708498984761, ""C"": 0.0078125}",0.98067,0.91636,1.04498,0.01,ok
SVM,"{""gamma"": 11.313708498984761, ""C"": 0.011048543456039806}",0.97186,0.90662,1.0371,0.01,ok
SVM,"{""gamma"": 11.313708498984761, ""C"": 0.015625}",0.96092,0.8929,1.02894,0.02,ok
SVM,"{""gamma"": 11.313708498984761, ""C"": 0.02209708691207961}",0.94422,0.87361,1.01484,0.01,ok
SVM,"{""gamma"": 11.313708498984761, ""C"": 0.03125}",0.92007,0.84653,0.99361,0.01,ok
SVM,"{""gamma"": 11.313708498984761, ""C"": 0.04419417382415922}",0.88818,0.81102,0.96534,0.02,ok
SVM,"{""gamma"": 11.313708498984761, ""C"": 0.0625}",0.85978,0.79009,0.92948,0.02,ok
SVM,"{""gamma"": 11.313708498984761, ""C"": 0.08838834764831845}",0.81108,0.7443,0.87786,0.02,ok
SVM,"{""gamma"": 11.313708498984761, ""C"": 0.125}",0.7632,0.69906,0.82734,0.03,ok
SVM,"{""gamma"": 11.313708498984761, ""C"": 0.1767766952966369}",0.7058,0.65894,0.75266,0.03,ok
SVM,"{""gamma"": 11.313708498984761, ""C"": 0.25}",0.65308,0.63651,0.66965,0.03,ok
SVM,"{""gamma"": 11.313708498984761, ""C"": 0.3535533905932738}",0.56639,0.55056,0.58221,0.04,ok
SVM,"{""gamma"": 11.313708498984761, ""C"": 0.5}",0.47178,0.48416,0.45939,0.04,ok
SVM,"{""gamma"": 11.313708498984761, ""C"": 0.7071067811865476}",0.38537,0.45708,0.31367,0.05,ok
SVM,"{""gamma"": 11.313708498984761, ""C"": 1.0}",0.33918,0.41073,0.26763,0.07,ok
SVM,"{""gamma"": 11.313708498984761, ""C"": 1.4142135623730951}",0.30472,0.36714,0.2423,0.07,ok
SVM,"{""gamma"": 11.313708498984761, ""C"": 2.0}",0.29001,0.33794,0.24209,0.07,ok
SVM,"{""gamma"": 11.313708498984761, ""C"": 2.8284271247461903}",0.29694,0.35182,0.24207,0.07,ok
SVM,"{""gamma"": 11.313708498984761, ""C"": 4.0}",0.30792,0.37257,0.24327,0.07,ok
SVM,"{""gamma"": 11.313708498984761, ""C"": 5.656854249492381}",0.3243,0.40379,0.2448,0.07,ok
SVM,"{""gamma"": 11.313708498984761, ""C"": 8.0}",0.34995,0.4509,0.249,0.07,ok
SVM,"{""gamma"": 11.313708498984761, ""C"": 11.313708498984761}",0.36737,0.47596,0.25879,0.07,ok
SVM,"{""gamma"": 11.313708498984761, ""C"": 16.0}",0.37909,0.47886,0.27933,0.08,ok
SVM,"{""gamma"": 11.313708498984761, ""C"": 22.627416997969522}",0.40212,0.48536,0.31889,0.08,ok
SVM,"{""gamma"": 11.313708498984761, ""C"": 32.0}",0.44167,0.50137,0.38197,0.09,ok
SVM,"{""gamma"": 11.313708498984761, ""C"": 45.254833995939045}",0.46147,0.53273,0.39021,0.1,ok
SVM,"{""gamma"": 11.313708498984761, ""C"": 64.0}",0.48939,0.5766,0.40219,0.1,ok
SVM,"{""gamma"": 11.313708498984761, ""C"": 90.50966799187809}",0.51194,0.61466,0.40923,0.12,ok
SVM,"{""gamma"": 11.313708498984761, ""C"": 128.0}",0.52899,0.63991,0.41808,0.14,ok
SVM,"{""gamma"": 11.313708498984761, ""C"": 181.01933598375618}",0.54816,0.67052,0.4258,0.13,ok
SVM,"{""gamma"": 11.313708498984761, ""C"": 256.0}",0.58367,0.72778,0.43956,0.14,ok
SVM,"{""gamma"": 11.313708498984761, ""C"": 362.03867196751236}",0.62263,0.79432,0.45093,0.17,ok
SVM,"{""gamma"": 11.313708498984761, ""C"": 512.0}",0.6717,0.85994,0.48346,0.21,ok
SVM,"{""gamma"": 11.313708498984761, ""C"": 724.0773439350247}",0.71878,0.8664,0.57115,0.23,ok
SVM,"{""gamma"": 11.313708498984761, ""C"": 1024.0}",0.74156,0.81364,0.66948,0.22,ok
SVM,"{""gamma"": 16.0, ""C"": 0.0009765625}",1.00073,0.93744,1.06403,0.01,ok
SVM,"{""gamma"": 16.0, ""C"": 0.0013810679320049757}",0.99974,0.93639,1.06309,0.01,ok
SVM,"{""gamma"": 16.0, ""C"": 0.001953125}",0.99834,0.93491,1.06178,0.01,ok
SVM,"{""gamma"": 16.0, ""C"": 0.0027621358640099515}",0.99636,0.93282,1.05991,0.01,ok
SVM,"{""gamma"": 16.0, ""C"": 0.00390625}",0.99357,0.92986,1.05727,0.01,ok
SVM,"{""gamma"": 16.0, ""C"": 0.005524271728019903}",0.98961,0.92568,1.05354,0.01,ok
SVM,"{""gamma"": 16.0, ""C"": 0.0078125}",0.98402,0.91977,1.04827,0.01,ok
SVM,"{""gamma"": 16.0, ""C"": 0.011048543456039806}",0.97613,0.91144,1.04082,0.01,ok
SVM,"{""gamma"": 16.0, ""C"": 0.015625}",0.96638,0.8997,1.03306,0.01,ok
SVM,"{""gamma"": 16.0, ""C"": 0.02209708691207961}",0.95308,0.88318,1.02299,0.01,ok
SVM,"{""gamma"": 16.0, ""C"": 0.03125}",0.93255,0.85998,1.00511,0.01,ok
SVM,"{""gamma"": 16.0, ""C"": 0.04419417382415922}",0.90394,0.82754,0.98034,0.01,ok
SVM,"{""gamma"": 16.0, ""C"": 0.0625}",0.87673,0.80465,0.94882,0.03,ok
SVM,"{""gamma"": 16.0, ""C"": 0.08838834764831845}",0.83916,0.77199,0.90633,0.02,ok
SVM,"{""gamma"": 16.0, ""C"": 0.125}",0.78549,0.72142,0.84956,0.03,ok
SVM,"{""gamma"": 16.0, ""C"": 0.1767766952966369}",0.73263,0.67818,0.78708,0.03,ok
SVM,"{""gamma"": 16.0, ""C"": 0.25}",0.6872,0.65278,0.72161,0.03,ok
SVM,"{""gamma"": 16.0, ""C"": 0.3535533905932738}",0.61496,0.60072,0.6292,0.04,ok
SVM,"{""gamma"": 16.0, ""C"": 0.5}",0.53366,0.52785,0.53948,0.05,ok
SVM,"{""gamma"": 16.0, ""C"": 0.7071067811865476}",0.43901,0.49986,0.37817,0.04,ok
SVM,"{""gamma"": 16.0, ""C"": 1.0}",0.37608,0.4551,0.29706,0.05,ok
SVM,"{""gamma"": 16.0, ""C"": 1.4142135623730951}",0.33151,0.40929,0.25372,0.07,ok
SVM,"{""gamma"": 16.0, ""C"": 2.0}",0.33195,0.40902,0.25489,0.06,ok
SVM,"{""gamma"": 16.0, ""C"": 2.8284271247461903}",0.34372,0.43047,0.25697,0.06,ok
SVM,"{""gamma"": 16.0, ""C"": 4.0}",0.36175,0.46233,0.26118,0.06,ok
SVM,"{""gamma"": 16.0, ""C"": 5.656854249492381}",0.3732,0.47697,0.26943,0.06,ok
SVM,"{""gamma"": 16.0, ""C"": 8.0}",0.38547,0.48566,0.28528,0.07,ok
SVM,"{""gamma"": 16.0, ""C"": 11.313708498984761}",0.408,0.50133,0.31466,0.07,ok
SVM,"{""gamma"": 16.0, ""C"": 16.0}",0.44541,0.52432,0.36651,0.08,ok
SVM,"{""gamma"": 16.0, ""C"": 22.627416997969522}",0.469,0.55339,0.38462,0.09,ok
SVM,"{""gamma"": 16.0, ""C"": 32.0}",0.49762,0.59866,0.39659,0.1,ok
SVM,"{""gamma"": 16.0, ""C"": 45.254833995939045}",0.52846,0.64471,0.41222,0.11,ok
SVM,"{""gamma"": 16.0, ""C"": 64.0}",0.55197,0.67395,0.42999,0.11,ok
SVM,"{""gamma"": 16.0, ""C"": 90.50966799187809}",0.58093,0.7072,0.45465,0.13,ok
SVM,"{""gamma"": 16.0, ""C"": 128.0}",0.62498,0.7372,0.51277,0.12,ok
SVM,"{""gamma"": 16.0, ""C"": 181.01933598375618}",0.67717,0.76189,0.59245,0.13,ok
SVM,"{""gamma"": 16.0, ""C"": 256.0}",0.71081,0.75743,0.66419,0.13,ok
SVM,"{""gamma"": 16.0, ""C"": 362.03867196751236}",0.73226,0.73533,0.72919,0.14,ok
SVM,"{""gamma"": 16.0, ""C"": 512.0}",0.74427,0.72884,0.75971,0.16,ok
SVM,"{""gamma"": 16.0, ""C"": 724.0773439350247}",0.75341,0.72571,0.78112,0.17,ok
SVM,"{""gamma"": 16.0, ""C"": 1024.0}",0.76436,0.72849,0.80023,0.19,ok
SVM,"{""gamma"": 22.627416997969522, ""C"": 0.0009765625}",1.0011,0.93782,1.06438,0.01,ok
SVM,"{""gamma"": 22.627416997969522, ""C"": 0.0013810679320049757}",1.00027,0.93693,1.0636,0.01,ok
SVM,"{""gamma"": 22.627416997969522, ""C"": 0.001953125}",0.99908,0.93568,1.06249,0.01,ok
SVM,"{""gamma"": 22.627416997969522, ""C"": 0.0027621358640099515}",0.99741,0.9339,1.06092,0.01,ok
SVM,"{""gamma"": 22.627416997969522, ""C"": 0.00390625}",0.99504,0.93138,1.0587,0.01,ok
SVM,"{""gamma"": 22.627416997969522, ""C"": 0.005524271728019903}",0.99169,0.92783,1.05556,0.01,ok
SVM,"{""gamma"": 22.627416997969522, ""C"": 0.0078125}",0.98697,0.92282,1.05112,0.01,ok
SVM,"{""gamma"": 22.627416997969522, ""C"": 0.011048543456039806}",0.98029,0.91574,1.04484,0.01,ok
SVM,"{""gamma"": 22.627416997969522, ""C"": 0.015625}",0.97095,0.90576,1.03614,0.01,ok
SVM,"{""gamma"": 22.627416997969522, ""C"": 0.02209708691207961}",0.96065,0.89171,1.0296,0.01,ok
SVM,"{""gamma"": 22.627416997969522, ""C"": 0.03125}",0.94345,0.87197,1.01494,0.01,ok
SVM,"{""gamma"": 22.627416997969522, ""C"": 0.04419417382415922}",0.91906,0.84434,0.99378,0.01,ok
SVM,"{""gamma"": 22.627416997969522, ""C"": 0.0625}",0.89096,0.81552,0.96639,0.02,ok
SVM,"{""gamma"": 22.627416997969522, ""C"": 0.08838834764831845}",0.86118,0.79232,0.93004,0.02,ok
SVM,"{""gamma"": 22.627416997969522, ""C"": 0.125}",0.81222,0.74731,0.87713,0.02,ok
SVM,"{""gamma"": 22.627416997969522, ""C"": 0.1767766952966369}",0.76277,0.70259,0.82295,0.02,ok
SVM,"{""gamma"": 22.627416997969522, ""C"": 0.25}",0.71999,0.6729,0.76708,0.03,ok
SVM,"{""gamma"": 22.627416997969522, ""C"": 0.3535533905932738}",0.65841,0.64029,0.67653,0.04,ok
SVM,"{""gamma"": 22.627416997969522, ""C"": 0.5}",0.59104,0.56752,0.61457,0.04,ok
SVM,"{""gamma"": 22.627416997969522, ""C"": 0.7071067811865476}",0.50442,0.53789,0.47094,0.04,ok
SVM,"{""gamma"": 22.627416997969522, ""C"": 1.0}",0.43479,0.5056,0.36397,0.05,ok
SVM,"{""gamma"": 22.627416997969522, ""C"": 1.4142135623730951}",0.37744,0.45845,0.29643,0.06,ok
SVM,"{""gamma"": 22.627416997969522, ""C"": 2.0}",0.38494,0.47815,0.29174,0.06,ok
SVM,"{""gamma"": 22.627416997969522, ""C"": 2.8284271247461903}",0.39503,0.48979,0.30026,0.07,ok
SVM,"{""gamma"": 22.627416997969522, ""C"": 4.0}",0.40748,0.50045,0.31452,0.06,ok
SVM,"{""gamma"": 22.627416997969522, ""C"": 5.656854249492381}",0.42775,0.51702,0.33847,0.06,ok
SVM,"{""gamma"": 22.627416997969522, ""C"": 8.0}",0.45714,0.53648,0.3778,0.07,ok
SVM,"{""gamma"": 22.627416997969522, ""C"": 11.313708498984761}",0.48918,0.56596,0.4124,0.06,ok
SVM,"{""gamma"": 22.627416997969522, ""C"": 16.0}",0.5216,0.61623,0.42697,0.07,ok
SVM,"{""gamma"": 22.627416997969522, ""C"": 22.627416997969522}",0.55224,0.65555,0.44892,0.07,ok
SVM,"{""gamma"": 22.627416997969522, ""C"": 32.0}",0.586,0.68912,0.48287,0.08,ok
SVM,"{""gamma"": 22.627416997969522, ""C"": 45.254833995939045}",0.62334,0.70114,0.54555,0.1,ok
SVM,"{""gamma"": 22.627416997969522, ""C"": 64.0}",0.66936,0.71848,0.62023,0.1,ok
SVM,"{""gamma"": 22.627416997969522, ""C"": 90.50966799187809}",0.71257,0.73505,0.69009,0.1,ok
SVM,"{""gamma"": 22.627416997969522, ""C"": 128.0}",0.74987,0.75444,0.74529,0.11,ok
SVM,"{""gamma"": 22.627416997969522, ""C"": 181.01933598375618}",0.77405,0.77174,0.77635,0.12,ok
SVM,"{""gamma"": 22.627416997969522, ""C"": 256.0}",0.77553,0.77789,0.77318,0.14,ok
SVM,"{""gamma"": 22.627416997969522, ""C"": 362.03867196751236}",0.78974,0.76903,0.81045,0.16,ok
SVM,"{""gamma"": 22.627416997969522, ""C"": 512.0}",0.79754,0.75997,0.83511,0.17,ok
SVM,"{""gamma"": 22.627416997969522, ""C"": 724.0773439350247}",0.7897,0.75469,0.82471,0.17,ok
SVM,"{""gamma"": 22.627416997969522, ""C"": 1024.0}",0.79267,0.7707,0.81464,0.18,ok
SVM,"{""gamma"": 32.0, ""C"": 0.0009765625}",1.00142,0.93816,1.06469,0.01,ok
SVM,"{""gamma"": 32.0, ""C"": 0.0013810679320049757}",1.00072,0.9374,1.06403,0.01,ok
SVM,"{""gamma"": 32.0, ""C"": 0.001953125}",0.99972,0.93634,1.06309,0.01,ok
SVM,"{""gamma"": 32.0, ""C"": 0.0027621358640099515}",0.9983,0.93484,1.06177,0.01,ok
SVM,"{""gamma"": 32.0, ""C"": 0.00390625}",0.99631,0.93271,1.05991,0.01,ok
SVM,"{""gamma"": 32.0, ""C"": 0.005524271728019903}",0.99349,0.92971,1.05727,0.01,ok
SVM,"{""gamma"": 32.0, ""C"": 0.0078125}",0.9895,0.92547,1.05354,0.01,ok
SVM,"{""gamma"": 32.0, ""C"": 0.011048543456039806}",0.98388,0.91948,1.04827,0.01,ok
SVM,"{""gamma"": 32.0, ""C"": 0.015625}",0.97593,0.91104,1.04082,0.01,ok
SVM,"{""gamma"": 32.0, ""C"": 0.02209708691207961}",0.966,0.89915,1.03286,0.01,ok
SVM,"{""gamma"": 32.0, ""C"": 0.03125}",0.95274,0.88244,1.02303,0.01,ok
SVM,"{""gamma"": 32.0, ""C"": 0.04419417382415922}",0.93226,0.85903,1.00548,0.01,ok
SVM,"{""gamma"": 32.0, ""C"": 0.0625}",0.90597,0.82991,0.98202,0.02,ok
SVM,"{""gamma"": 32.0, ""C"": 0.08838834764831845}",0.87845,0.80583,0.95106,0.02,ok
SVM,"{""gamma"": 32.0, ""C"": 0.125}",0.83992,0.77276,0.90708,0.02,ok
SVM,"{""gamma"": 32.0, ""C"": 0.1767766952966369}",0.79016,0.72996,0.85035,0.03,ok
SVM,"{""gamma"": 32.0, ""C"": 0.25}",0.7465,0.6971,0.7959,0.03,ok
SVM,"{""gamma"": 32.0, ""C"": 0.3535533905932738}",0.70212,0.67653,0.72771,0.03,ok
SVM,"{""gamma"": 32.0, ""C"": 0.5}",0.63664,0.61046,0.66282,0.04,ok
SVM,"{""gamma"": 32.0, ""C"": 0.7071067811865476}",0.55925,0.56315,0.55535,0.05,ok
SVM,"{""gamma"": 32.0, ""C"": 1.0}",0.49306,0.53593,0.45019,0.04,ok
SVM,"{""gamma"": 32.0, ""C"": 1.4142135623730951}",0.4388,0.50827,0.36933,0.05,ok
SVM,"{""gamma"": 32.0, ""C"": 2.0}",0.43754,0.51429,0.36079,0.05,ok
SVM,"{""gamma"": 32.0, ""C"": 2.8284271247461903}",0.45317,0.52758,0.37877,0.05,ok
SVM,"{""gamma"": 32.0, ""C"": 4.0}",0.47456,0.54498,0.40414,0.06,ok
SVM,"{""gamma"": 32.0, ""C"": 5.656854249492381}",0.5019,0.56705,0.43675,0.06,ok
SVM,"{""gamma"": 32.0, ""C"": 8.0}",0.53346,0.60386,0.46306,0.06,ok
SVM,"{""gamma"": 32.0, ""C"": 11.313708498984761}",0.57106,0.65313,0.48899,0.06,ok
SVM,"{""gamma"": 32.0, ""C"": 16.0}",0.6041,0.68062,0.52759,0.08,ok
SVM,"{""gamma"": 32.0, ""C"": 22.627416997969522}",0.64442,0.70235,0.58648,0.07,ok
SVM,"{""gamma"": 32.0, ""C"": 32.0}",0.68978,0.72705,0.65252,0.08,ok
SVM,"{""gamma"": 32.0, ""C"": 45.254833995939045}",0.73873,0.75918,0.71829,0.09,ok
SVM,"{""gamma"": 32.0, ""C"": 64.0}",0.77551,0.79325,0.75778,0.1,ok
SVM,"{""gamma"": 32.0, ""C"": 90.50966799187809}",0.79506,0.81044,0.77968,0.11,ok
SVM,"{""gamma"": 32.0, ""C"": 128.0}",0.79988,0.81064,0.78913,0.11,ok
SVM,"{""gamma"": 32.0, ""C"": 181.01933598375618}",0.79875,0.80464,0.79286,0.1,ok
SVM,"{""gamma"": 32.0, ""C"": 256.0}",0.80019,0.80254,0.79785,0.11,ok
SVM,"{""gamma"": 32.0, ""C"": 362.03867196751236}",0.80397,0.80053,0.8074,0.12,ok
SVM,"{""gamma"": 32.0, ""C"": 512.0}",0.81144,0.79262,0.83026,0.14,ok
SVM,"{""gamma"": 32.0, ""C"": 724.0773439350247}",0.82993,0.79034,0.86953,0.14,ok
SVM,"{""gamma"": 32.0, ""C"": 1024.0}",0.88398,0.84539,0.92256,0.15,ok
SVM,"{""gamma"": 45.254833995939045, ""C"": 0.0009765625}",1.00169,0.93844,1.06494,0.01,ok
SVM,"{""gamma"": 45.254833995939045, ""C"": 0.0013810679320049757}",1.0011,0.93781,1.06439,0.01,ok
SVM,"{""gamma"": 45.254833995939045, ""C"": 0.001953125}",1.00026,0.93691,1.06361,0.01,ok
SVM,"{""gamma"": 45.254833995939045, ""C"": 0.0027621358640099515}",0.99907,0.93564,1.0625,0.01,ok
SVM,"{""gamma"": 45.254833995939045, ""C"": 0.00390625}",0.99739,0.93385,1.06093,0.01,ok
SVM,"{""gamma"": 45.254833995939045, ""C"": 0.005524271728019903}",0.99502,0.93132,1.05872,0.01,ok
SVM,"{""gamma"": 45.254833995939045, ""C"": 0.0078125}",0.99167,0.92774,1.05559,0.01,ok
SVM,"{""gamma"": 45.254833995939045, ""C"": 0.011048543456039806}",0.98693,0.9227,1.05116,0.01,ok
SVM,"{""gamma"": 45.254833995939045, ""C"": 0.015625}",0.98024,0.91558,1.04491,0.01,ok
SVM,"{""gamma"": 45.254833995939045, ""C"": 0.02209708691207961}",0.97093,0.90555,1.0363,0.01,ok
SVM,"{""gamma"": 45.254833995939045, ""C"": 0.03125}",0.9596,0.89145,1.02776,0.01,ok
SVM,"{""gamma"": 45.254833995939045, ""C"": 0.04419417382415922}",0.94319,0.87168,1.0147,0.01,ok
SVM,"{""gamma"": 45.254833995939045, ""C"": 0.0625}",0.9199,0.84446,0.99534,0.02,ok
SVM,"{""gamma"": 45.254833995939045, ""C"": 0.08838834764831845}",0.89439,0.81957,0.9692,0.02,ok
SVM,"{""gamma"": 45.254833995939045, ""C"": 0.125}",0.86234,0.79271,0.93197,0.02,ok
SVM,"{""gamma"": 45.254833995939045, ""C"": 0.1767766952966369}",0.81609,0.7538,0.87839,0.03,ok
SVM,"{""gamma"": 45.254833995939045, ""C"": 0.25}",0.77336,0.72126,0.82546,0.03,ok
SVM,"{""gamma"": 45.254833995939045, ""C"": 0.3535533905932738}",0.73434,0.70015,0.76853,0.04,ok
SVM,"{""gamma"": 45.254833995939045, ""C"": 0.5}",0.68164,0.65414,0.70914,0.04,ok
SVM,"{""gamma"": 45.254833995939045, ""C"": 0.7071067811865476}",0.61174,0.59548,0.62799,0.04,ok
SVM,"{""gamma"": 45.254833995939045, ""C"": 1.0}",0.55082,0.56947,0.53217,0.05,ok
SVM,"{""gamma"": 45.254833995939045, ""C"": 1.4142135623730951}",0.5059,0.54777,0.46403,0.05,ok
SVM,"{""gamma"": 45.254833995939045, ""C"": 2.0}",0.49766,0.55388,0.44143,0.06,ok
SVM,"{""gamma"": 45.254833995939045, ""C"": 2.8284271247461903}",0.51546,0.56984,0.46107,0.06,ok
SVM,"{""gamma"": 45.254833995939045, ""C"": 4.0}",0.54075,0.59039,0.49111,0.07,ok
SVM,"{""gamma"": 45.254833995939045, ""C"": 5.656854249492381}",0.57142,0.62127,0.52158,0.07,ok
SVM,"{""gamma"": 45.254833995939045, ""C"": 8.0}",0.60707,0.65949,0.55465,0.07,ok
SVM,"{""gamma"": 45.254833995939045, ""C"": 11.313708498984761}",0.64964,0.69713,0.60215,0.06,ok
SVM,"{""gamma"": 45.254833995939045, ""C"": 16.0}",0.6913,0.73236,0.65024,0.06,ok
SVM,"{""gamma"": 45.254833995939045, ""C"": 22.627416997969522}",0.73655,0.76264,0.71047,0.07,ok
SVM,"{""gamma"": 45.254833995939045, ""C"": 32.0}",0.77532,0.7988,0.75184,0.07,ok
SVM,"{""gamma"": 45.254833995939045, ""C"": 45.254833995939045}",0.79679,0.82848,0.76511,0.07,ok
SVM,"{""gamma"": 45.254833995939045, ""C"": 64.0}",0.81291,0.83625,0.78957,0.08,ok
SVM,"{""gamma"": 45.254833995939045, ""C"": 90.50966799187809}",0.82253,0.84238,0.80268,0.08,ok
SVM,"{""gamma"": 45.254833995939045, ""C"": 128.0}",0.83216,0.8413,0.82301,0.09,ok
SVM,"{""gamma"": 45.254833995939045, ""C"": 181.01933598375618}",0.84348,0.8356,0.85136,0.1,ok
SVM,"{""gamma"": 45.254833995939045, ""C"": 256.0}",0.8714,0.84057,0.90223,0.11,ok
SVM,"{""gamma"": 45.254833995939045, ""C"": 362.03867196751236}",0.89972,0.86066,0.93879,0.12,ok
SVM,"{""gamma"": 45.254833995939045, ""C"": 512.0}",0.93778,0.89337,0.98218,0.13,ok
SVM,"{""gamma"": 45.254833995939045, ""C"": 724.0773439350247}",1.00764,0.97183,1.04344,0.12,ok
SVM,"{""gamma"": 45.254833995939045, ""C"": 1024.0}",1.13296,1.14638,1.11954,0.14,ok
SVM,"{""gamma"": 64.0, ""C"": 0.0009765625}",1.00192,0.93869,1.06516,0.01,ok
SVM,"{""gamma"": 64.0, ""C"": 0.0013810679320049757}",1.00142,0.93815,1.06469,0.01,ok
SVM,"{""gamma"": 64.0, ""C"": 0.001953125}",1.00072,0.9374,1.06404,0.01,ok
SVM,"{""gamma"": 64.0, ""C"": 0.0027621358640099515}",0.99972,0.93633,1.06311,0.01,ok
SVM,"{""gamma"": 64.0, ""C"": 0.00390625}",0.99831,0.93482,1.0618,0.01,ok
SVM,"{""gamma"": 64.0, ""C"": 0.005524271728019903}",0.99632,0.93269,1.05994,0.02,ok
SVM,"{""gamma"": 64.0, ""C"": 0.0078125}",0.9935,0.92968,1.05732,0.02,ok
SVM,"{""gamma"": 64.0, ""C"": 0.011048543456039806}",0.98952,0.92543,1.05361,0.01,ok
SVM,"{""gamma"": 64.0, ""C"": 0.015625}",0.98391,0.91944,1.04837,0.01,ok
SVM,"{""gamma"": 64.0, ""C"": 0.02209708691207961}",0.97598,0.911,1.04097,0.01,ok
SVM,"{""gamma"": 64.0, ""C"": 0.03125}",0.96553,0.89913,1.03192,0.02,ok
SVM,"{""gamma"": 64.0, ""C"": 0.04419417382415922}",0.95161,0.88248,1.02074,0.01,ok
SVM,"{""gamma"": 64.0, ""C"": 0.0625}",0.93216,0.85922,1.0051,0.01,ok
SVM,"{""gamma"": 64.0, ""C"": 0.08838834764831845}",0.90932,0.83424,0.9844,0.03,ok
SVM,"{""gamma"": 64.0, ""C"": 0.125}",0.88183,0.81029,0.95338,0.02,ok
SVM,"{""gamma"": 64.0, ""C"": 0.1767766952966369}",0.84216,0.7752,0.90911,0.04,ok
SVM,"{""gamma"": 64.0, ""C"": 0.25}",0.79965,0.74154,0.85775,0.03,ok
SVM,"{""gamma"": 64.0, ""C"": 0.3535533905932738}",0.76199,0.71933,0.80465,0.04,ok
SVM,"{""gamma"": 64.0, ""C"": 0.5}",0.71978,0.6888,0.75075,0.05,ok
SVM,"{""gamma"": 64.0, ""C"": 0.7071067811865476}",0.66418,0.634,0.69437,0.04,ok
SVM,"{""gamma"": 64.0, ""C"": 1.0}",0.60675,0.60468,0.60883,0.05,ok
SVM,"{""gamma"": 64.0, ""C"": 1.4142135623730951}",0.57076,0.58791,0.55361,0.06,ok
SVM,"{""gamma"": 64.0, ""C"": 2.0}",0.56107,0.59783,0.52431,0.05,ok
SVM,"{""gamma"": 64.0, ""C"": 2.8284271247461903}",0.57942,0.61133,0.54752,0.05,ok
SVM,"{""gamma"": 64.0, ""C"": 4.0}",0.60567,0.63283,0.57852,0.06,ok
SVM,"{""gamma"": 64.0, ""C"": 5.656854249492381}",0.63595,0.66126,0.61063,0.06,ok
SVM,"{""gamma"": 64.0, ""C"": 8.0}",0.67805,0.70353,0.65258,0.06,ok
SVM,"{""gamma"": 64.0, ""C"": 11.313708498984761}",0.71943,0.742,0.69685,0.05,ok
SVM,"{""gamma"": 64.0, ""C"": 16.0}",0.75729,0.78091,0.73368,0.06,ok
SVM,"{""gamma"": 64.0, ""C"": 22.627416997969522}",0.78857,0.81564,0.7615,0.06,ok
SVM,"{""gamma"": 64.0, ""C"": 32.0}",0.81524,0.84403,0.78645,0.07,ok
SVM,"{""gamma"": 64.0, ""C"": 45.254833995939045}",0.84236,0.85962,0.82511,0.07,ok
SVM,"{""gamma"": 64.0, ""C"": 64.0}",0.85409,0.86011,0.84807,0.08,ok
SVM,"{""gamma"": 64.0, ""C"": 90.50966799187809}",0.87292,0.86854,0.8773,0.09,ok
SVM,"{""gamma"": 64.0, ""C"": 128.0}",0.90352,0.87927,0.92776,0.09,ok
SVM,"{""gamma"": 64.0, ""C"": 181.01933598375618}",0.93403,0.9064,0.96165,0.09,ok
SVM,"{""gamma"": 64.0, ""C"": 256.0}",0.99054,0.95275,1.02833,0.1,ok
SVM,"{""gamma"": 64.0, ""C"": 362.03867196751236}",1.06152,1.03871,1.08433,0.11,ok
SVM,"{""gamma"": 64.0, ""C"": 512.0}",1.15295,1.14933,1.15658,0.11,ok
SVM,"{""gamma"": 64.0, ""C"": 724.0773439350247}",1.30141,1.33102,1.2718,0.12,ok
SVM,"{""gamma"": 64.0, ""C"": 1024.0}",1.36102,1.35705,1.365,0.13,ok
SVM,"{""gamma"": 90.50966799187809, ""C"": 0.0009765625}",1.00212,0.93889,1.06534,0.01,ok
SVM,"{""gamma"": 90.50966799187809, ""C"": 0.0013810679320049757}",1.0017,0.93844,1.06495,0.01,ok
SVM,"{""gamma"": 90.50966799187809, ""C"": 0.001953125}",1.00111,0.93781,1.0644,0.01,ok
SVM,"{""gamma"": 90.50966799187809, ""C"": 0.0027621358640099515}",1.00027,0.93692,1.06363,0.01,ok
SVM,"{""gamma"": 90.50966799187809, ""C"": 0.00390625}",0.99909,0.93565,1.06253,0.01,ok
SVM,"{""gamma"": 90.50966799187809, ""C"": 0.005524271728019903}",0.99742,0.93386,1.06097,0.01,ok
SVM,"{""gamma"": 90.50966799187809, ""C"": 0.0078125}",0.99506,0.93134,1.05878,0.01,ok
SVM,"{""gamma"": 90.50966799187809, ""C"": 0.011048543456039806}",0.99172,0.92777,1.05567,0.01,ok
SVM,"{""gamma"": 90.50966799187809, ""C"": 0.015625}",0.98701,0.92274,1.05128,0.01,ok
SVM,"{""gamma"": 90.50966799187809, ""C"": 0.02209708691207961}",0.98037,0.91565,1.04509,0.01,ok
SVM,"{""gamma"": 90.50966799187809, ""C"": 0.03125}",0.97122,0.90568,1.03677,0.02,ok
SVM,"{""gamma"": 90.50966799187809, ""C"": 0.04419417382415922}",0.95913,0.89169,1.02657,0.02,ok
SVM,"{""gamma"": 90.50966799187809, ""C"": 0.0625}",0.94243,0.87213,1.01274,0.01,ok
SVM,"{""gamma"": 90.50966799187809, ""C"": 0.08838834764831845}",0.92107,0.84761,0.99453,0.03,ok
SVM,"{""gamma"": 90.50966799187809, ""C"": 0.125}",0.89683,0.82362,0.97004,0.02,ok
SVM,"{""gamma"": 90.50966799187809, ""C"": 0.1767766952966369}",0.86611,0.79696,0.93527,0.03,ok
SVM,"{""gamma"": 90.50966799187809, ""C"": 0.25}",0.82524,0.7617,0.88878,0.03,ok
SVM,"{""gamma"": 90.50966799187809, ""C"": 0.3535533905932738}",0.78835,0.73739,0.83932,0.03,ok
SVM,"{""gamma"": 90.50966799187809, ""C"": 0.5}",0.75318,0.71795,0.7884,0.04,ok
SVM,"{""gamma"": 90.50966799187809, ""C"": 0.7071067811865476}",0.70694,0.67083,0.74306,0.04,ok
SVM,"{""gamma"": 90.50966799187809, ""C"": 1.0}",0.65909,0.63879,0.6794,0.05,ok
SVM,"{""gamma"": 90.50966799187809, ""C"": 1.4142135623730951}",0.63136,0.62353,0.63918,0.05,ok
SVM,"{""gamma"": 90.50966799187809, ""C"": 2.0}",0.62329,0.63136,0.61522,0.06,ok
SVM,"{""gamma"": 90.50966799187809, ""C"": 2.8284271247461903}",0.64052,0.6452,0.63583,0.06,ok
SVM,"{""gamma"": 90.50966799187809, ""C"": 4.0}",0.66511,0.66692,0.6633,0.06,ok
SVM,"{""gamma"": 90.50966799187809, ""C"": 5.656854249492381}",0.70016,0.69902,0.7013,0.05,ok
SVM,"{""gamma"": 90.50966799187809, ""C"": 8.0}",0.73393,0.74023,0.72763,0.05,ok
SVM,"{""gamma"": 90.50966799187809, ""C"": 11.313708498984761}",0.76769,0.78236,0.75301,0.05,ok
SVM,"{""gamma"": 90.50966799187809, ""C"": 16.0}",0.79819,0.81627,0.78011,0.05,ok
SVM,"{""gamma"": 90.50966799187809, ""C"": 22.627416997969522}",0.83888,0.85581,0.82194,0.05,ok
SVM,"{""gamma"": 90.50966799187809, ""C"": 32.0}",0.85837,0.86213,0.85461,0.06,ok
SVM,"{""gamma"": 90.50966799187809, ""C"": 45.254833995939045}",0.87687,0.87238,0.88136,0.06,ok
SVM,"{""gamma"": 90.50966799187809, ""C"": 64.0}",0.9048,0.88753,0.92208,0.07,ok
SVM,"{""gamma"": 90.50966799187809, ""C"": 90.50966799187809}",0.9365,0.91984,0.95316,0.07,ok
SVM,"{""gamma"": 90.50966799187809, ""C"": 128.0}",0.9715,0.94678,0.99622,0.08,ok
SVM,"{""gamma"": 90.50966799187809, ""C"": 181.01933598375618}",1.02076,1.00112,1.0404,0.08,ok
SVM,"{""gamma"": 90.50966799187809, ""C"": 256.0}",1.1026,1.0877,1.11749,0.09,ok
SVM,"{""gamma"": 90.50966799187809, ""C"": 362.03867196751236}",1.16918,1.16301,1.17536,0.09,ok
SVM,"{""gamma"": 90.50966799187809, ""C"": 512.0}",1.19934,1.19573,1.20295,0.1,ok
SVM,"{""gamma"": 90.50966799187809, ""C"": 724.0773439350247}",1.21172,1.21504,1.20839,0.1,ok
SVM,"{""gamma"": 90.50966799187809, ""C"": 1024.0}",1.22997,1.24107,1.21887,0.1,ok
SVM,"{""gamma"": 128.0, ""C"": 0.0009765625}",1.00228,0.93907,1.06549,0.01,ok
SVM,"{""gamma"": 128.0, ""C"": 0.0013810679320049757}",1.00193,0.93869,1.06517,0.01,ok
SVM,"{""gamma"": 128.0, ""C"": 0.001953125}",1.00144,0.93816,1.06471,0.01,ok
SVM,"{""gamma"": 128.0, ""C"": 0.0027621358640099515}",1.00074,0.93741,1.06406,0.01,ok
SVM,"{""gamma"": 128.0, ""C"": 0.00390625}",0.99975,0.93636,1.06314,0.01,ok
SVM,"{""gamma"": 128.0, ""C"": 0.005524271728019903}",0.99835,0.93486,1.06183,0.01,ok
SVM,"{""gamma"": 128.0, ""C"": 0.0078125}",0.99637,0.93275,1.06,0.01,ok
SVM,"{""gamma"": 128.0, ""C"": 0.011048543456039806}",0.99358,0.92976,1.0574,0.01,ok
SVM,"{""gamma"": 128.0, ""C"": 0.015625}",0.98964,0.92555,1.05372,0.01,ok
SVM,"{""gamma"": 128.0, ""C"": 0.02209708691207961}",0.98407,0.91962,1.04853,0.01,ok
SVM,"{""gamma"": 128.0, ""C"": 0.03125}",0.97624,0.91127,1.0412,0.01,ok
SVM,"{""gamma"": 128.0, ""C"": 0.04419417382415922}",0.96581,0.89955,1.03207,0.01,ok
SVM,"{""gamma"": 128.0, ""C"": 0.0625}",0.95164,0.88316,1.02012,0.01,ok
SVM,"{""gamma"": 128.0, ""C"": 0.08838834764831845}",0.93241,0.86061,1.00422,0.02,ok
SVM,"{""gamma"": 128.0, ""C"": 0.125}",0.91031,0.83745,0.98317,0.03,ok
SVM,"{""gamma"": 128.0, ""C"": 0.1767766952966369}",0.88416,0.81511,0.95322,0.03,ok
SVM,"{""gamma"": 128.0, ""C"": 0.25}",0.84852,0.78345,0.9136,0.04,ok
SVM,"{""gamma"": 128.0, ""C"": 0.3535533905932738}",0.81409,0.75829,0.86989,0.03,ok
SVM,"{""gamma"": 128.0, ""C"": 0.5}",0.78451,0.74385,0.82516,0.04,ok
SVM,"{""gamma"": 128.0, ""C"": 0.7071067811865476}",0.74746,0.71172,0.78321,0.04,ok
SVM,"{""gamma"": 128.0, ""C"": 1.0}",0.7103,0.67968,0.74092,0.05,ok
SVM,"{""gamma"": 128.0, ""C"": 1.4142135623730951}",0.68843,0.6642,0.71265,0.05,ok
SVM,"{""gamma"": 128.0, ""C"": 2.0}",0.6838,0.66968,0.69793,0.06,ok
SVM,"{""gamma"": 128.0, ""C"": 2.8284271247461903}",0.6987,0.68461,0.71279,0.06,ok
SVM,"{""gamma"": 128.0, ""C"": 4.0}",0.71921,0.70735,0.73107,0.06,ok
SVM,"{""gamma"": 128.0, ""C"": 5.656854249492381}",0.74538,0.73584,0.75492,0.05,ok
SVM,"{""gamma"": 128.0, ""C"": 8.0}",0.77389,0.77084,0.77694,0.06,ok
SVM,"{""gamma"": 128.0, ""C"": 11.313708498984761}",0.81432,0.81693,0.8117,0.06,ok
SVM,"{""gamma"": 128.0, ""C"": 16.0}",0.84781,0.84553,0.8501,0.06,ok
SVM,"{""gamma"": 128.0, ""C"": 22.627416997969522}",0.87182,0.8671,0.87655,0.07,ok
SVM,"{""gamma"": 128.0, ""C"": 32.0}",0.89538,0.88468,0.90608,0.07,ok
SVM,"{""gamma"": 128.0, ""C"": 45.254833995939045}",0.91742,0.90485,0.92999,0.07,ok
SVM,"{""gamma"": 128.0, ""C"": 64.0}",0.93668,0.92409,0.94928,0.07,ok
SVM,"{""gamma"": 128.0, ""C"": 90.50966799187809}",0.97174,0.95357,0.98991,0.06,ok
SVM,"{""gamma"": 128.0, ""C"": 128.0}",1.01755,1.00142,1.03368,0.07,ok
SVM,"{""gamma"": 128.0, ""C"": 181.01933598375618}",1.05952,1.05377,1.06528,0.07,ok
SVM,"{""gamma"": 128.0, ""C"": 256.0}",1.10809,1.12415,1.09203,0.08,ok
SVM,"{""gamma"": 128.0, ""C"": 362.03867196751236}",1.12006,1.14204,1.09808,0.07,ok
SVM,"{""gamma"": 128.0, ""C"": 512.0}",1.13938,1.16698,1.11178,0.08,ok
SVM,"{""gamma"": 128.0, ""C"": 724.0773439350247}",1.17136,1.20484,1.13788,0.08,ok
SVM,"{""gamma"": 128.0, ""C"": 1024.0}",1.20323,1.25068,1.15579,0.09,ok
SVM,"{""gamma"": 181.01933598375618, ""C"": 0.0009765625}",1.00242,0.93922,1.06562,0.01,ok
SVM,"{""gamma"": 181.01933598375618, ""C"": 0.0013810679320049757}",1.00213,0.93891,1.06535,0.01,ok
SVM,"{""gamma"": 181.01933598375618, ""C"": 0.001953125}",1.00171,0.93847,1.06496,0.01,ok
SVM,"{""gamma"": 181.01933598375618, ""C"": 0.0027621358640099515}",1.00113,0.93784,1.06441,0.02,ok
SVM,"{""gamma"": 181.01933598375618, ""C"": 0.00390625}",1.0003,0.93696,1.06364,0.01,ok
SVM,"{""gamma"": 181.01933598375618, ""C"": 0.005524271728019903}",0.99913,0.93571,1.06255,0.01,ok
SVM,"{""gamma"": 181.01933598375618, ""C"": 0.0078125}",0.99747,0.93395,1.061,0.01,ok
SVM,"{""gamma"": 181.01933598375618, ""C"": 0.011048543456039806}",0.99514,0.93146,1.05882,0.01,ok
SVM,"{""gamma"": 181.01933598375618, ""C"": 0.015625}",0.99184,0.92795,1.05573,0.01,ok
SVM,"{""gamma"": 181.01933598375618, ""C"": 0.02209708691207961}",0.98719,0.923,1.05137,0.01,ok
SVM,"{""gamma"": 181.01933598375618, ""C"": 0.03125}",0.98063,0.91604,1.04522,0.01,ok
SVM,"{""gamma"": 181.01933598375618, ""C"": 0.04419417382415922}",0.9717,0.90626,1.03715,0.02,ok
SVM,"{""gamma"": 181.01933598375618, ""C"": 0.0625}",0.95979,0.89257,1.027,0.01,ok
SVM,"{""gamma"": 181.01933598375618, ""C"": 0.08838834764831845}",0.94338,0.87353,1.01324,0.02,ok
SVM,"{""gamma"": 181.01933598375618, ""C"": 0.125}",0.92301,0.85109,0.99494,0.02,ok
SVM,"{""gamma"": 181.01933598375618, ""C"": 0.1767766952966369}",0.89945,0.82913,0.96977,0.02,ok
SVM,"{""gamma"": 181.01933598375618, ""C"": 0.25}",0.86979,0.80408,0.93551,0.03,ok
SVM,"{""gamma"": 181.01933598375618, ""C"": 0.3535533905932738}",0.83659,0.77578,0.89741,0.03,ok
SVM,"{""gamma"": 181.01933598375618, ""C"": 0.5}",0.80992,0.76353,0.85632,0.04,ok
SVM,"{""gamma"": 181.01933598375618, ""C"": 0.7071067811865476}",0.77915,0.74763,0.81067,0.04,ok
SVM,"{""gamma"": 181.01933598375618, ""C"": 1.0}",0.75277,0.7266,0.77893,0.04,ok
SVM,"{""gamma"": 181.01933598375618, ""C"": 1.4142135623730951}",0.73398,0.7112,0.75677,0.05,ok
SVM,"{""gamma"": 181.01933598375618, ""C"": 2.0}",0.72936,0.71398,0.74475,0.05,ok
SVM,"{""gamma"": 181.01933598375618, ""C"": 2.8284271247461903}",0.74259,0.72796,0.75723,0.05,ok
SVM,"{""gamma"": 181.01933598375618, ""C"": 4.0}",0.75984,0.74763,0.77204,0.04,ok
SVM,"{""gamma"": 181.01933598375618, ""C"": 5.656854249492381}",0.7843,0.77089,0.79772,0.04,ok
SVM,"{""gamma"": 181.01933598375618, ""C"": 8.0}",0.81271,0.79869,0.82673,0.05,ok
SVM,"{""gamma"": 181.01933598375618, ""C"": 11.313708498984761}",0.8528,0.83978,0.86582,0.05,ok
SVM,"{""gamma"": 181.01933598375618, ""C"": 16.0}",0.88192,0.87145,0.89238,0.05,ok
SVM,"{""gamma"": 181.01933598375618, ""C"": 22.627416997969522}",0.90496,0.89328,0.91665,0.05,ok
SVM,"{""gamma"": 181.01933598375618, ""C"": 32.0}",0.92007,0.90748,0.93267,0.05,ok
SVM,"{""gamma"": 181.01933598375618, ""C"": 45.254833995939045}",0.94265,0.93206,0.95324,0.06,ok
SVM,"{""gamma"": 181.01933598375618, ""C"": 64.0}",0.97591,0.96145,0.99037,0.06,ok
SVM,"{""gamma"": 181.01933598375618, ""C"": 90.50966799187809}",0.99771,0.98703,1.00838,0.07,ok
SVM,"{""gamma"": 181.01933598375618, ""C"": 128.0}",1.0245,1.02753,1.02148,0.06,ok
SVM,"{""gamma"": 181.01933598375618, ""C"": 181.01933598375618}",1.06287,1.08323,1.04251,0.07,ok
SVM,"{""gamma"": 181.01933598375618, ""C"": 256.0}",1.07362,1.09897,1.04826,0.07,ok
SVM,"{""gamma"": 181.01933598375618, ""C"": 362.03867196751236}",1.09243,1.12406,1.0608,0.06,ok
SVM,"{""gamma"": 181.01933598375618, ""C"": 512.0}",1.09767,1.14726,1.04807,0.07,ok
SVM,"{""gamma"": 181.01933598375618, ""C"": 724.0773439350247}",1.10016,1.16957,1.03074,0.08,ok
SVM,"{""gamma"": 181.01933598375618, ""C"": 1024.0}",1.11552,1.19624,1.03481,0.08,ok
SVM,"{""gamma"": 256.0, ""C"": 0.0009765625}",1.00253,0.93935,1.06572,0.01,ok
SVM,"{""gamma"": 256.0, ""C"": 0.0013810679320049757}",1.00229,0.93909,1.06549,0.01,ok
SVM,"{""gamma"": 256.0, ""C"": 0.001953125}",1.00194,0.93872,1.06517,0.01,ok
SVM,"{""gamma"": 256.0, ""C"": 0.0027621358640099515}",1.00145,0.9382,1.0647,0.01,ok
SVM,"{""gamma"": 256.0, ""C"": 0.00390625}",1.00076,0.93747,1.06405,0.01,ok
SVM,"{""gamma"": 256.0, ""C"": 0.005524271728019903}",0.99978,0.93643,1.06313,0.01,ok
SVM,"{""gamma"": 256.0, ""C"": 0.0078125}",0.9984,0.93497,1.06183,0.01,ok
SVM,"{""gamma"": 256.0, ""C"": 0.011048543456039806}",0.99644,0.9329,1.05999,0.01,ok
SVM,"{""gamma"": 256.0, ""C"": 0.015625}",0.99368,0.92998,1.05738,0.01,ok
SVM,"{""gamma"": 256.0, ""C"": 0.02209708691207961}",0.98979,0.92587,1.05371,0.01,ok
SVM,"{""gamma"": 256.0, ""C"": 0.03125}",0.9843,0.92008,1.04852,0.01,ok
SVM,"{""gamma"": 256.0, ""C"": 0.04419417382415922}",0.9767,0.91194,1.04146,0.01,ok
SVM,"{""gamma"": 256.0, ""C"": 0.0625}",0.96664,0.90055,1.03274,0.02,ok
SVM,"{""gamma"": 256.0, ""C"": 0.08838834764831845}",0.95294,0.88467,1.02121,0.02,ok
SVM,"{""gamma"": 256.0, ""C"": 0.125}",0.93439,0.86336,1.00542,0.03,ok
SVM,"{""gamma"": 256.0, ""C"": 0.1767766952966369}",0.91329,0.84239,0.98419,0.03,ok
SVM,"{""gamma"": 256.0, ""C"": 0.25}",0.88754,0.82028,0.95481,0.04,ok
SVM,"{""gamma"": 256.0, ""C"": 0.3535533905932738}",0.85918,0.79582,0.92255,0.03,ok
SVM,"{""gamma"": 256.0, ""C"": 0.5}",0.83302,0.78033,0.8857,0.04,ok
SVM,"{""gamma"": 256.0, ""C"": 0.7071067811865476}",0.80641,0.77062,0.8422,0.04,ok
SVM,"{""gamma"": 256.0, ""C"": 1.0}",0.78657,0.76336,0.80978,0.04,ok
SVM,"{""gamma"": 256.0, ""C"": 1.4142135623730951}",0.77109,0.75081,0.79138,0.05,ok
SVM,"{""gamma"": 256.0, ""C"": 2.0}",0.76966,0.75497,0.78434,0.05,ok
SVM,"{""gamma"": 256.0, ""C"": 2.8284271247461903}",0.77962,0.76427,0.79497,0.05,ok
SVM,"{""gamma"": 256.0, ""C"": 4.0}",0.79384,0.77627,0.81141,0.05,ok
SVM,"{""gamma"": 256.0, ""C"": 5.656854249492381}",0.81463,0.79318,0.83608,0.05,ok
SVM,"{""gamma"": 256.0, ""C"": 8.0}",0.84239,0.81644,0.86833,0.06,ok
SVM,"{""gamma"": 256.0, ""C"": 11.313708498984761}",0.87817,0.85072,0.90562,0.05,ok
SVM,"{""gamma"": 256.0, ""C"": 16.0}",0.90776,0.89118,0.92434,0.05,ok
SVM,"{""gamma"": 256.0, ""C"": 22.627416997969522}",0.92481,0.90898,0.94064,0.05,ok
SVM,"{""gamma"": 256.0, ""C"": 32.0}",0.94716,0.93533,0.95898,0.05,ok
SVM,"{""gamma"": 256.0, ""C"": 45.254833995939045}",0.9749,0.96364,0.98616,0.05,ok
SVM,"{""gamma"": 256.0, ""C"": 64.0}",0.98807,0.98096,0.99518,0.05,ok
SVM,"{""gamma"": 256.0, ""C"": 90.50966799187809}",1.00759,1.0108,1.00439,0.06,ok
SVM,"{""gamma"": 256.0, ""C"": 128.0}",1.03828,1.05652,1.02004,0.06,ok
SVM,"{""gamma"": 256.0, ""C"": 181.01933598375618}",1.0453,1.06802,1.02258,0.05,ok
SVM,"{""gamma"": 256.0, ""C"": 256.0}",1.05551,1.08462,1.0264,0.06,ok
SVM,"{""gamma"": 256.0, ""C"": 362.03867196751236}",1.05381,1.09644,1.01118,0.06,ok
SVM,"{""gamma"": 256.0, ""C"": 512.0}",1.06347,1.10585,1.02109,0.07,ok
SVM,"{""gamma"": 256.0, ""C"": 724.0773439350247}",1.06956,1.10968,1.02944,0.06,ok
SVM,"{""gamma"": 256.0, ""C"": 1024.0}",1.08179,1.11267,1.0509,0.06,ok
SVM,"{""gamma"": 362.03867196751236, ""C"": 0.0009765625}",1.00263,0.93945,1.06581,0.01,ok
SVM,"{""gamma"": 362.03867196751236, ""C"": 0.0013810679320049757}",1.00243,0.93924,1.06561,0.01,ok
SVM,"{""gamma"": 362.03867196751236, ""C"": 0.001953125}",1.00214,0.93893,1.06534,0.01,ok
SVM,"{""gamma"": 362.03867196751236, ""C"": 0.0027621358640099515}",1.00173,0.9385,1.06495,0.01,ok
SVM,"{""gamma"": 362.03867196751236, ""C"": 0.00390625}",1.00115,0.9379,1.0644,0.01,ok
SVM,"{""gamma"": 362.03867196751236, ""C"": 0.005524271728019903}",1.00033,0.93704,1.06362,0.01,ok
SVM,"{""gamma"": 362.03867196751236, ""C"": 0.0078125}",0.99917,0.93582,1.06252,0.01,ok
SVM,"{""gamma"": 362.03867196751236, ""C"": 0.011048543456039806}",0.99753,0.9341,1.06096,0.01,ok
SVM,"{""gamma"": 362.03867196751236, ""C"": 0.015625}",0.99522,0.93168,1.05876,0.01,ok
SVM,"{""gamma"": 362.03867196751236, ""C"": 0.02209708691207961}",0.99196,0.92827,1.05565,0.01,ok
SVM,"{""gamma"": 362.03867196751236, ""C"": 0.03125}",0.98737,0.92346,1.05127,0.01,ok
SVM,"{""gamma"": 362.03867196751236, ""C"": 0.04419417382415922}",0.98091,0.91671,1.04512,0.01,ok
SVM,"{""gamma"": 362.03867196751236, ""C"": 0.0625}",0.97244,0.90724,1.03763,0.02,ok
SVM,"{""gamma"": 362.03867196751236, ""C"": 0.08838834764831845}",0.96106,0.89403,1.02808,0.01,ok
SVM,"{""gamma"": 362.03867196751236, ""C"": 0.125}",0.94513,0.87574,1.01451,0.01,ok
SVM,"{""gamma"": 362.03867196751236, ""C"": 0.1767766952966369}",0.92611,0.85572,0.99649,0.02,ok
SVM,"{""gamma"": 362.03867196751236, ""C"": 0.25}",0.90359,0.8355,0.97169,0.03,ok
SVM,"{""gamma"": 362.03867196751236, ""C"": 0.3535533905932738}",0.87828,0.81291,0.94365,0.03,ok
SVM,"{""gamma"": 362.03867196751236, ""C"": 0.5}",0.85306,0.79473,0.9114,0.04,ok
SVM,"{""gamma"": 362.03867196751236, ""C"": 0.7071067811865476}",0.82992,0.78704,0.8728,0.04,ok
SVM,"{""gamma"": 362.03867196751236, ""C"": 1.0}",0.80903,0.78275,0.83532,0.04,ok
SVM,"{""gamma"": 362.03867196751236, ""C"": 1.4142135623730951}",0.79621,0.77233,0.82009,0.04,ok
SVM,"{""gamma"": 362.03867196751236, ""C"": 2.0}",0.79465,0.77389,0.81541,0.05,ok
SVM,"{""gamma"": 362.03867196751236, ""C"": 2.8284271247461903}",0.80466,0.78192,0.82741,0.04,ok
SVM,"{""gamma"": 362.03867196751236, ""C"": 4.0}",0.81852,0.79412,0.84293,0.04,ok
SVM,"{""gamma"": 362.03867196751236, ""C"": 5.656854249492381}",0.83897,0.81174,0.86621,0.04,ok
SVM,"{""gamma"": 362.03867196751236, ""C"": 8.0}",0.86357,0.83081,0.89632,0.05,ok
SVM,"{""gamma"": 362.03867196751236, ""C"": 11.313708498984761}",0.89356,0.86082,0.9263,0.05,ok
SVM,"{""gamma"": 362.03867196751236, ""C"": 16.0}",0.9238,0.90397,0.94363,0.05,ok
SVM,"{""gamma"": 362.03867196751236, ""C"": 22.627416997969522}",0.94555,0.93298,0.95812,0.04,ok
SVM,"{""gamma"": 362.03867196751236, ""C"": 32.0}",0.96794,0.96065,0.97523,0.04,ok
SVM,"{""gamma"": 362.03867196751236, ""C"": 45.254833995939045}",0.98188,0.97547,0.98829,0.04,ok
SVM,"{""gamma"": 362.03867196751236, ""C"": 64.0}",0.99501,0.99652,0.99349,0.04,ok
SVM,"{""gamma"": 362.03867196751236, ""C"": 90.50966799187809}",1.01725,1.03143,1.00307,0.04,ok
SVM,"{""gamma"": 362.03867196751236, ""C"": 128.0}",1.02571,1.04373,1.00769,0.05,ok
SVM,"{""gamma"": 362.03867196751236, ""C"": 181.01933598375618}",1.0386,1.05832,1.01888,0.05,ok
SVM,"{""gamma"": 362.03867196751236, ""C"": 256.0}",1.04401,1.06793,1.02009,0.05,ok
SVM,"{""gamma"": 362.03867196751236, ""C"": 362.03867196751236}",1.0458,1.06471,1.02689,0.05,ok
SVM,"{""gamma"": 362.03867196751236, ""C"": 512.0}",1.04877,1.05936,1.03818,0.05,ok
SVM,"{""gamma"": 362.03867196751236, ""C"": 724.0773439350247}",1.06101,1.06569,1.05633,0.05,ok
SVM,"{""gamma"": 362.03867196751236, ""C"": 1024.0}",1.07954,1.0835,1.07558,0.06,ok
SVM,"{""gamma"": 512.0, ""C"": 0.0009765625}",1.00271,0.93954,1.06588,0.01,ok
SVM,"{""gamma"": 512.0, ""C"": 0.0013810679320049757}",1.00254,0.93936,1.06572,0.01,ok
SVM,"{""gamma"": 512.0, ""C"": 0.001953125}",1.0023,0.93911,1.06549,0.01,ok
SVM,"{""gamma"": 512.0, ""C"": 0.0027621358640099515}",1.00196,0.93875,1.06516,0.01,ok
SVM,"{""gamma"": 512.0, ""C"": 0.00390625}",1.00147,0.93825,1.06469,0.01,ok
SVM,"{""gamma"": 512.0, ""C"": 0.005524271728019903}",1.00078,0.93754,1.06403,0.01,ok
SVM,"{""gamma"": 512.0, ""C"": 0.0078125}",0.99982,0.93653,1.0631,0.01,ok
SVM,"{""gamma"": 512.0, ""C"": 0.011048543456039806}",0.99845,0.9351,1.06179,0.01,ok
SVM,"{""gamma"": 512.0, ""C"": 0.015625}",0.99651,0.93309,1.05993,0.01,ok
SVM,"{""gamma"": 512.0, ""C"": 0.02209708691207961}",0.99379,0.93026,1.05731,0.01,ok
SVM,"{""gamma"": 512.0, ""C"": 0.03125}",0.98994,0.92627,1.05361,0.01,ok
SVM,"{""gamma"": 512.0, ""C"": 0.04419417382415922}",0.98452,0.92065,1.04839,0.01,ok
SVM,"{""gamma"": 512.0, ""C"": 0.0625}",0.97733,0.91278,1.04189,0.02,ok
SVM,"{""gamma"": 512.0, ""C"": 0.08838834764831845}",0.9678,0.90179,1.03381,0.01,ok
SVM,"{""gamma"": 512.0, ""C"": 0.125}",0.95449,0.88654,1.02244,0.01,ok
SVM,"{""gamma"": 512.0, ""C"": 0.1767766952966369}",0.93759,0.86802,1.00716,0.03,ok
SVM,"{""gamma"": 512.0, ""C"": 0.25}",0.9179,0.84959,0.98621,0.03,ok
SVM,"{""gamma"": 512.0, ""C"": 0.3535533905932738}",0.89579,0.83015,0.96144,0.04,ok
SVM,"{""gamma"": 512.0, ""C"": 0.5}",0.87188,0.8105,0.93326,0.04,ok
SVM,"{""gamma"": 512.0, ""C"": 0.7071067811865476}",0.85154,0.80374,0.89934,0.04,ok
SVM,"{""gamma"": 512.0, ""C"": 1.0}",0.82995,0.80085,0.85906,0.04,ok
SVM,"{""gamma"": 512.0, ""C"": 1.4142135623730951}",0.81783,0.79239,0.84327,0.04,ok
SVM,"{""gamma"": 512.0, ""C"": 2.0}",0.81614,0.7922,0.84009,0.04,ok
SVM,"{""gamma"": 512.0, ""C"": 2.8284271247461903}",0.8256,0.80038,0.85083,0.04,ok
SVM,"{""gamma"": 512.0, ""C"": 4.0}",0.8383,0.81219,0.8644,0.04,ok
SVM,"{""gamma"": 512.0, ""C"": 5.656854249492381}",0.85356,0.82603,0.88109,0.04,ok
SVM,"{""gamma"": 512.0, ""C"": 8.0}",0.87753,0.84648,0.90857,0.04,ok
SVM,"{""gamma"": 512.0, ""C"": 11.313708498984761}",0.90454,0.873,0.93607,0.04,ok
SVM,"{""gamma"": 512.0, ""C"": 16.0}",0.93128,0.91021,0.95235,0.04,ok
SVM,"{""gamma"": 512.0, ""C"": 22.627416997969522}",0.95458,0.94472,0.96444,0.04,ok
SVM,"{""gamma"": 512.0, ""C"": 32.0}",0.97068,0.9643,0.97705,0.04,ok
SVM,"{""gamma"": 512.0, ""C"": 45.254833995939045}",0.98257,0.97861,0.98654,0.04,ok
SVM,"{""gamma"": 512.0, ""C"": 64.0}",0.99773,1.00256,0.99289,0.04,ok
SVM,"{""gamma"": 512.0, ""C"": 90.50966799187809}",1.01028,1.01972,1.00084,0.05,ok
SVM,"{""gamma"": 512.0, ""C"": 128.0}",1.02208,1.03075,1.01341,0.05,ok
SVM,"{""gamma"": 512.0, ""C"": 181.01933598375618}",1.02779,1.03546,1.02012,0.05,ok
SVM,"{""gamma"": 512.0, ""C"": 256.0}",1.02983,1.03123,1.02843,0.04,ok
SVM,"{""gamma"": 512.0, ""C"": 362.03867196751236}",1.0315,1.0304,1.03259,0.04,ok
SVM,"{""gamma"": 512.0, ""C"": 512.0}",1.03769,1.03598,1.0394,0.04,ok
SVM,"{""gamma"": 512.0, ""C"": 724.0773439350247}",1.04961,1.04882,1.05041,0.05,ok
SVM,"{""gamma"": 512.0, ""C"": 1024.0}",1.06362,1.0645,1.06274,0.04,ok
SVM,"{""gamma"": 724.0773439350247, ""C"": 0.0009765625}",1.00278,0.93962,1.06595,0.01,ok
SVM,"{""gamma"": 724.0773439350247, ""C"": 0.0013810679320049757}",1.00264,0.93947,1.06581,0.01,ok
SVM,"{""gamma"": 724.0773439350247, ""C"": 0.001953125}",1.00243,0.93926,1.06561,0.01,ok
SVM,"{""gamma"": 724.0773439350247, ""C"": 0.0027621358640099515}",1.00215,0.93896,1.06534,0.01,ok
SVM,"{""gamma"": 724.0773439350247, ""C"": 0.00390625}",1.00174,0.93854,1.06494,0.01,ok
SVM,"{""gamma"": 724.0773439350247, ""C"": 0.005524271728019903}",1.00117,0.93794,1.06439,0.01,ok
SVM,"{""gamma"": 724.0773439350247, ""C"": 0.0078125}",1.00036,0.9371,1.06361,0.01,ok
SVM,"{""gamma"": 724.0773439350247, ""C"": 0.011048543456039806}",0.99921,0.93592,1.06251,0.01,ok
SVM,"{""gamma"": 724.0773439350247, ""C"": 0.015625}",0.9976,0.93424,1.06095,0.01,ok
SVM,"{""gamma"": 724.0773439350247, ""C"": 0.02209708691207961}",0.99531,0.93188,1.05874,0.01,ok
SVM,"{""gamma"": 724.0773439350247, ""C"": 0.03125}",0.9921,0.92856,1.05563,0.01,ok
SVM,"{""gamma"": 724.0773439350247, ""C"": 0.04419417382415922}",0.98756,0.92388,1.05125,0.01,ok
SVM,"{""gamma"": 724.0773439350247, ""C"": 0.0625}",0.98148,0.91732,1.04564,0.01,ok
SVM,"{""gamma"": 724.0773439350247, ""C"": 0.08838834764831845}",0.97348,0.90814,1.03881,0.02,ok
SVM,"{""gamma"": 724.0773439350247, ""C"": 0.125}",0.96236,0.89541,1.0293,0.02,ok
SVM,"{""gamma"": 724.0773439350247, ""C"": 0.1767766952966369}",0.94779,0.87911,1.01646,0.02,ok
SVM,"{""gamma"": 724.0773439350247, ""C"": 0.25}",0.93072,0.86252,0.99892,0.04,ok
SVM,"{""gamma"": 724.0773439350247, ""C"": 0.3535533905932738}",0.91134,0.84549,0.97718,0.04,ok
SVM,"{""gamma"": 724.0773439350247, ""C"": 0.5}",0.88954,0.82701,0.95208,0.04,ok
SVM,"{""gamma"": 724.0773439350247, ""C"": 0.7071067811865476}",0.87111,0.81999,0.92223,0.03,ok
SVM,"{""gamma"": 724.0773439350247, ""C"": 1.0}",0.8522,0.8179,0.88651,0.03,ok
SVM,"{""gamma"": 724.0773439350247, ""C"": 1.4142135623730951}",0.83867,0.81137,0.86597,0.04,ok
SVM,"{""gamma"": 724.0773439350247, ""C"": 2.0}",0.83635,0.81055,0.86216,0.04,ok
SVM,"{""gamma"": 724.0773439350247, ""C"": 2.8284271247461903}",0.84354,0.81722,0.86987,0.03,ok
SVM,"{""gamma"": 724.0773439350247, ""C"": 4.0}",0.85345,0.82662,0.88029,0.03,ok
SVM,"{""gamma"": 724.0773439350247, ""C"": 5.656854249492381}",0.86827,0.8416,0.89495,0.03,ok
SVM,"{""gamma"": 724.0773439350247, ""C"": 8.0}",0.88938,0.86075,0.91801,0.04,ok
SVM,"{""gamma"": 724.0773439350247, ""C"": 11.313708498984761}",0.9122,0.88031,0.94409,0.05,ok
SVM,"{""gamma"": 724.0773439350247, ""C"": 16.0}",0.93354,0.90889,0.9582,0.04,ok
SVM,"{""gamma"": 724.0773439350247, ""C"": 22.627416997969522}",0.95637,0.94537,0.96737,0.04,ok
SVM,"{""gamma"": 724.0773439350247, ""C"": 32.0}",0.97002,0.95908,0.98096,0.04,ok
SVM,"{""gamma"": 724.0773439350247, ""C"": 45.254833995939045}",0.98189,0.97394,0.98984,0.04,ok
SVM,"{""gamma"": 724.0773439350247, ""C"": 64.0}",0.99544,0.99228,0.99861,0.05,ok
SVM,"{""gamma"": 724.0773439350247, ""C"": 90.50966799187809}",1.00633,0.99788,1.01478,0.04,ok
SVM,"{""gamma"": 724.0773439350247, ""C"": 128.0}",1.01354,1.00189,1.02519,0.04,ok
SVM,"{""gamma"": 724.0773439350247, ""C"": 181.01933598375618}",1.01352,1.00003,1.027,0.04,ok
SVM,"{""gamma"": 724.0773439350247, ""C"": 256.0}",1.01512,1.0002,1.03004,0.04,ok
SVM,"{""gamma"": 724.0773439350247, ""C"": 362.03867196751236}",1.01945,1.00372,1.03518,0.04,ok
SVM,"{""gamma"": 724.0773439350247, ""C"": 512.0}",1.02409,1.00804,1.04014,0.04,ok
SVM,"{""gamma"": 724.0773439350247, ""C"": 724.0773439350247}",1.03195,1.01563,1.04828,0.04,ok
SVM,"{""gamma"": 724.0773439350247, ""C"": 1024.0}",1.03578,1.02234,1.04922,0.04,ok
SVM,"{""gamma"": 1024.0, ""C"": 0.0009765625}",1.00284,0.93967,1.066,0.01,ok
SVM,"{""gamma"": 1024.0, ""C"": 0.0013810679320049757}",1.00272,0.93955,1.06588,0.01,ok
SVM,"{""gamma"": 1024.0, ""C"": 0.001953125}",1.00255,0.93937,1.06572,0.01,ok
SVM,"{""gamma"": 1024.0, ""C"": 0.0027621358640099515}",1.00231,0.93913,1.06549,0.01,ok
SVM,"{""gamma"": 1024.0, ""C"": 0.00390625}",1.00197,0.93878,1.06516,0.01,ok
SVM,"{""gamma"": 1024.0, ""C"": 0.005524271728019903}",1.00149,0.93828,1.0647,0.01,ok
SVM,"{""gamma"": 1024.0, ""C"": 0.0078125}",1.00081,0.93758,1.06405,0.01,ok
SVM,"{""gamma"": 1024.0, ""C"": 0.011048543456039806}",0.99986,0.93659,1.06312,0.01,ok
SVM,"{""gamma"": 1024.0, ""C"": 0.015625}",0.99851,0.93519,1.06182,0.01,ok
SVM,"{""gamma"": 1024.0, ""C"": 0.02209708691207961}",0.9966,0.93322,1.05998,0.01,ok
SVM,"{""gamma"": 1024.0, ""C"": 0.03125}",0.99391,0.93044,1.05738,0.01,ok
SVM,"{""gamma"": 1024.0, ""C"": 0.04419417382415922}",0.99012,0.92654,1.05371,0.01,ok
SVM,"{""gamma"": 1024.0, ""C"": 0.0625}",0.98501,0.92105,1.04897,0.01,ok
SVM,"{""gamma"": 1024.0, ""C"": 0.08838834764831845}",0.97832,0.91339,1.04325,0.01,ok
SVM,"{""gamma"": 1024.0, ""C"": 0.125}",0.96901,0.90274,1.03528,0.01,ok
SVM,"{""gamma"": 1024.0, ""C"": 0.1767766952966369}",0.95678,0.88906,1.0245,0.02,ok
SVM,"{""gamma"": 1024.0, ""C"": 0.25}",0.94177,0.87355,1.00999,0.03,ok
SVM,"{""gamma"": 1024.0, ""C"": 0.3535533905932738}",0.92432,0.85754,0.9911,0.03,ok
SVM,"{""gamma"": 1024.0, ""C"": 0.5}",0.90581,0.84239,0.96923,0.04,ok
SVM,"{""gamma"": 1024.0, ""C"": 0.7071067811865476}",0.88849,0.83409,0.94288,0.04,ok
SVM,"{""gamma"": 1024.0, ""C"": 1.0}",0.87219,0.83256,0.91182,0.04,ok
SVM,"{""gamma"": 1024.0, ""C"": 1.4142135623730951}",0.85872,0.82842,0.88901,0.04,ok
SVM,"{""gamma"": 1024.0, ""C"": 2.0}",0.8559,0.82734,0.88445,0.04,ok
SVM,"{""gamma"": 1024.0, ""C"": 2.8284271247461903}",0.86148,0.83267,0.89029,0.04,ok
SVM,"{""gamma"": 1024.0, ""C"": 4.0}",0.86929,0.83993,0.89866,0.04,ok
SVM,"{""gamma"": 1024.0, ""C"": 5.656854249492381}",0.88254,0.85355,0.91154,0.04,ok
SVM,"{""gamma"": 1024.0, ""C"": 8.0}",0.90063,0.86978,0.93148,0.04,ok
SVM,"{""gamma"": 1024.0, ""C"": 11.313708498984761}",0.91999,0.88369,0.95628,0.04,ok
SVM,"{""gamma"": 1024.0, ""C"": 16.0}",0.93662,0.90601,0.96724,0.04,ok
SVM,"{""gamma"": 1024.0, ""C"": 22.627416997969522}",0.95711,0.93766,0.97657,0.04,ok
SVM,"{""gamma"": 1024.0, ""C"": 32.0}",0.97058,0.94987,0.9913,0.03,ok
SVM,"{""gamma"": 1024.0, ""C"": 45.254833995939045}",0.9833,0.96414,1.00247,0.03,ok
SVM,"{""gamma"": 1024.0, ""C"": 64.0}",0.99346,0.96868,1.01825,0.03,ok
SVM,"{""gamma"": 1024.0, ""C"": 90.50966799187809}",1.00008,0.97251,1.02766,0.04,ok
SVM,"{""gamma"": 1024.0, ""C"": 128.0}",1.00014,0.97151,1.02878,0.04,ok
SVM,"{""gamma"": 1024.0, ""C"": 181.01933598375618}",1.00129,0.97205,1.03053,0.04,ok
SVM,"{""gamma"": 1024.0, ""C"": 256.0}",1.00248,0.97246,1.0325,0.04,ok
SVM,"{""gamma"": 1024.0, ""C"": 362.03867196751236}",1.00444,0.97388,1.035,0.03,ok
SVM,"{""gamma"": 1024.0, ""C"": 512.0}",1.00527,0.97592,1.03463,0.03,ok
SVM,"{""gamma"": 1024.0, ""C"": 724.0773439350247}",1.00655,0.9789,1.0342,0.03,ok
SVM,"{""gamma"": 1024.0, ""C"": 1024.0}",1.00855,0.98331,1.03378,0.03,ok
XGB,"{""max_depth"": 1, ""n_estimators"": 50, ""learning_rate"": 0.02, ""subsample"": 0.7}",0.54741,0.49589,0.59893,0.26,ok
XGB,"{""max_depth"": 1, ""n_estimators"": 50, ""learning_rate"": 0.02, ""subsample"": 0.8}",0.54936,0.49523,0.6035,0.13,ok
XGB,"{""max_depth"": 1, ""n_estimators"": 50, ""learning_rate"": 0.05, ""subsample"": 0.7}",0.49455,0.43971,0.54939,0.13,ok
XGB,"{""max_depth"": 1, ""n_estimators"": 50, ""learning_rate"": 0.05, ""subsample"": 0.8}",0.50185,0.44223,0.56148,0.13,ok
XGB,"{""max_depth"": 1, ""n_estimators"": 100, ""learning_rate"": 0.02, ""subsample"": 0.7}",0.50578,0.44833,0.56322,0.27,ok
XGB,"{""max_depth"": 1, ""n_estimators"": 100, ""learning_rate"": 0.02, ""subsample"": 0.8}",0.51224,0.45036,0.57412,0.25,ok
XGB,"{""max_depth"": 1, ""n_estimators"": 100, ""learning_rate"": 0.05, ""subsample"": 0.7}",0.45991,0.40621,0.5136,0.26,ok
XGB,"{""max_depth"": 1, ""n_estimators"": 100, ""learning_rate"": 0.05, ""subsample"": 0.8}",0.46731,0.41895,0.51566,0.25,ok
XGB,"{""max_depth"": 1, ""n_estimators"": 200, ""learning_rate"": 0.02, ""subsample"": 0.7}",0.46435,0.41934,0.50937,0.48,ok
XGB,"{""max_depth"": 1, ""n_estimators"": 200, ""learning_rate"": 0.02, ""subsample"": 0.8}",0.47757,0.42841,0.52674,0.39,ok
XGB,"{""max_depth"": 1, ""n_estimators"": 200, ""learning_rate"": 0.05, ""subsample"": 0.7}",0.41916,0.35852,0.4798,0.4,ok
XGB,"{""max_depth"": 1, ""n_estimators"": 200, ""learning_rate"": 0.05, ""subsample"": 0.8}",0.43741,0.39163,0.48318,0.4,ok
XGB,"{""max_depth"": 1, ""n_estimators"": 300, ""learning_rate"": 0.02, ""subsample"": 0.7}",0.45,0.40188,0.49812,0.67,ok
XGB,"{""max_depth"": 1, ""n_estimators"": 300, ""learning_rate"": 0.02, ""subsample"": 0.8}",0.45918,0.41354,0.50482,0.66,ok
XGB,"{""max_depth"": 1, ""n_estimators"": 300, ""learning_rate"": 0.05, ""subsample"": 0.7}",0.37192,0.31762,0.42621,0.54,ok
XGB,"{""max_depth"": 1, ""n_estimators"": 300, ""learning_rate"": 0.05, ""subsample"": 0.8}",0.40148,0.36474,0.43821,0.56,ok
XGB,"{""max_depth"": 1, ""n_estimators"": 500, ""learning_rate"": 0.02, ""subsample"": 0.7}",0.4236,0.36987,0.47733,1.07,ok
XGB,"{""max_depth"": 1, ""n_estimators"": 500, ""learning_rate"": 0.02, ""subsample"": 0.8}",0.43553,0.39349,0.47756,0.97,ok
XGB,"{""max_depth"": 1, ""n_estimators"": 500, ""learning_rate"": 0.05, ""subsample"": 0.7}",0.31369,0.2785,0.34887,0.97,ok
XGB,"{""max_depth"": 1, ""n_estimators"": 500, ""learning_rate"": 0.05, ""subsample"": 0.8}",0.34222,0.31332,0.37113,1.11,ok
XGB,"{""max_depth"": 2, ""n_estimators"": 50, ""learning_rate"": 0.02, ""subsample"": 0.7}",0.48978,0.49348,0.48607,0.16,ok
XGB,"{""max_depth"": 2, ""n_estimators"": 50, ""learning_rate"": 0.02, ""subsample"": 0.8}",0.50637,0.49242,0.52032,0.14,ok
XGB,"{""max_depth"": 2, ""n_estimators"": 50, ""learning_rate"": 0.05, ""subsample"": 0.7}",0.38264,0.43189,0.33338,0.16,ok
XGB,"{""max_depth"": 2, ""n_estimators"": 50, ""learning_rate"": 0.05, ""subsample"": 0.8}",0.42712,0.43628,0.41796,0.16,ok
XGB,"{""max_depth"": 2, ""n_estimators"": 100, ""learning_rate"": 0.02, ""subsample"": 0.7}",0.42157,0.44566,0.39747,0.27,ok
XGB,"{""max_depth"": 2, ""n_estimators"": 100, ""learning_rate"": 0.02, ""subsample"": 0.8}",0.44616,0.44775,0.44458,0.26,ok
XGB,"{""max_depth"": 2, ""n_estimators"": 100, ""learning_rate"": 0.05, ""subsample"": 0.7}",0.27371,0.30985,0.23757,0.29,ok
XGB,"{""max_depth"": 2, ""n_estimators"": 100, ""learning_rate"": 0.05, ""subsample"": 0.8}",0.29504,0.31837,0.27171,0.32,ok
XGB,"{""max_depth"": 2, ""n_estimators"": 200, ""learning_rate"": 0.02, ""subsample"": 0.7}",0.30159,0.35617,0.24701,0.56,ok
XGB,"{""max_depth"": 2, ""n_estimators"": 200, ""learning_rate"": 0.02, ""subsample"": 0.8}",0.33614,0.36307,0.30922,0.51,ok
XGB,"{""max_depth"": 2, ""n_estimators"": 200, ""learning_rate"": 0.05, ""subsample"": 0.7}",0.2455,0.27906,0.21195,0.43,ok
XGB,"{""max_depth"": 2, ""n_estimators"": 200, ""learning_rate"": 0.05, ""subsample"": 0.8}",0.23565,0.27787,0.19342,0.48,ok
XGB,"{""max_depth"": 2, ""n_estimators"": 300, ""learning_rate"": 0.02, ""subsample"": 0.7}",0.26442,0.29723,0.23161,0.84,ok
XGB,"{""max_depth"": 2, ""n_estimators"": 300, ""learning_rate"": 0.02, ""subsample"": 0.8}",0.27143,0.30287,0.23999,0.77,ok
XGB,"{""max_depth"": 2, ""n_estimators"": 300, ""learning_rate"": 0.05, ""subsample"": 0.7}",0.24553,0.26336,0.22769,0.65,ok
XGB,"{""max_depth"": 2, ""n_estimators"": 300, ""learning_rate"": 0.05, ""subsample"": 0.8}",0.23909,0.26348,0.2147,0.8,ok
XGB,"{""max_depth"": 2, ""n_estimators"": 500, ""learning_rate"": 0.02, ""subsample"": 0.7}",0.24364,0.27898,0.20831,1.26,ok
XGB,"{""max_depth"": 2, ""n_estimators"": 500, ""learning_rate"": 0.02, ""subsample"": 0.8}",0.24496,0.27731,0.21261,1.15,ok
XGB,"{""max_depth"": 2, ""n_estimators"": 500, ""learning_rate"": 0.05, ""subsample"": 0.7}",0.26917,0.28632,0.25202,1.29,ok
XGB,"{""max_depth"": 2, ""n_estimators"": 500, ""learning_rate"": 0.05, ""subsample"": 0.8}",0.25919,0.27647,0.24192,1.13,ok
XGB,"{""max_depth"": 3, ""n_estimators"": 50, ""learning_rate"": 0.02, ""subsample"": 0.7}",0.48945,0.49319,0.48571,0.2,ok
XGB,"{""max_depth"": 3, ""n_estimators"": 50, ""learning_rate"": 0.02, ""subsample"": 0.8}",0.50641,0.49251,0.52032,0.21,ok
XGB,"{""max_depth"": 3, ""n_estimators"": 50, ""learning_rate"": 0.05, ""subsample"": 0.7}",0.3763,0.43212,0.32048,0.2,ok
XGB,"{""max_depth"": 3, ""n_estimators"": 50, ""learning_rate"": 0.05, ""subsample"": 0.8}",0.42723,0.43685,0.41762,0.2,ok
XGB,"{""max_depth"": 3, ""n_estimators"": 100, ""learning_rate"": 0.02, ""subsample"": 0.7}",0.42059,0.44566,0.39551,0.35,ok
XGB,"{""max_depth"": 3, ""n_estimators"": 100, ""learning_rate"": 0.02, ""subsample"": 0.8}",0.44551,0.44735,0.44366,0.29,ok
XGB,"{""max_depth"": 3, ""n_estimators"": 100, ""learning_rate"": 0.05, ""subsample"": 0.7}",0.274,0.3237,0.22429,0.29,ok
XGB,"{""max_depth"": 3, ""n_estimators"": 100, ""learning_rate"": 0.05, ""subsample"": 0.8}",0.29333,0.32746,0.2592,0.27,ok
XGB,"{""max_depth"": 3, ""n_estimators"": 200, ""learning_rate"": 0.02, ""subsample"": 0.7}",0.30079,0.35858,0.243,0.6,ok
XGB,"{""max_depth"": 3, ""n_estimators"": 200, ""learning_rate"": 0.02, ""subsample"": 0.8}",0.33108,0.36765,0.2945,0.64,ok
XGB,"{""max_depth"": 3, ""n_estimators"": 200, ""learning_rate"": 0.05, ""subsample"": 0.7}",0.30912,0.35634,0.26191,0.64,ok
XGB,"{""max_depth"": 3, ""n_estimators"": 200, ""learning_rate"": 0.05, ""subsample"": 0.8}",0.29085,0.36312,0.21859,0.53,ok
XGB,"{""max_depth"": 3, ""n_estimators"": 300, ""learning_rate"": 0.02, ""subsample"": 0.7}",0.26261,0.31584,0.20937,0.85,ok
XGB,"{""max_depth"": 3, ""n_estimators"": 300, ""learning_rate"": 0.02, ""subsample"": 0.8}",0.27047,0.32506,0.21589,0.96,ok
XGB,"{""max_depth"": 3, ""n_estimators"": 300, ""learning_rate"": 0.05, ""subsample"": 0.7}",0.35387,0.40842,0.29932,0.77,ok
XGB,"{""max_depth"": 3, ""n_estimators"": 300, ""learning_rate"": 0.05, ""subsample"": 0.8}",0.33917,0.41174,0.2666,0.91,ok
XGB,"{""max_depth"": 3, ""n_estimators"": 500, ""learning_rate"": 0.02, ""subsample"": 0.7}",0.32052,0.37612,0.26492,1.45,ok
XGB,"{""max_depth"": 3, ""n_estimators"": 500, ""learning_rate"": 0.02, ""subsample"": 0.8}",0.3024,0.37485,0.22995,1.41,ok
XGB,"{""max_depth"": 3, ""n_estimators"": 500, ""learning_rate"": 0.05, ""subsample"": 0.7}",0.41036,0.4721,0.34862,1.33,ok
XGB,"{""max_depth"": 3, ""n_estimators"": 500, ""learning_rate"": 0.05, ""subsample"": 0.8}",0.37977,0.45391,0.30564,1.47,ok
XGB,"{""max_depth"": 4, ""n_estimators"": 50, ""learning_rate"": 0.02, ""subsample"": 0.7}",0.48945,0.49319,0.48571,0.2,ok
XGB,"{""max_depth"": 4, ""n_estimators"": 50, ""learning_rate"": 0.02, ""subsample"": 0.8}",0.50641,0.49251,0.52032,0.2,ok
XGB,"{""max_depth"": 4, ""n_estimators"": 50, ""learning_rate"": 0.05, ""subsample"": 0.7}",0.37734,0.43213,0.32256,0.17,ok
XGB,"{""max_depth"": 4, ""n_estimators"": 50, ""learning_rate"": 0.05, ""subsample"": 0.8}",0.42724,0.43686,0.41762,0.17,ok
XGB,"{""max_depth"": 4, ""n_estimators"": 100, ""learning_rate"": 0.02, ""subsample"": 0.7}",0.42067,0.44568,0.39567,0.29,ok
XGB,"{""max_depth"": 4, ""n_estimators"": 100, ""learning_rate"": 0.02, ""subsample"": 0.8}",0.44551,0.44735,0.44366,0.27,ok
XGB,"{""max_depth"": 4, ""n_estimators"": 100, ""learning_rate"": 0.05, ""subsample"": 0.7}",0.2879,0.33047,0.24533,0.34,ok
XGB,"{""max_depth"": 4, ""n_estimators"": 100, ""learning_rate"": 0.05, ""subsample"": 0.8}",0.30132,0.33973,0.26291,0.39,ok
XGB,"{""max_depth"": 4, ""n_estimators"": 200, ""learning_rate"": 0.02, ""subsample"": 0.7}",0.30873,0.35967,0.2578,0.62,ok
XGB,"{""max_depth"": 4, ""n_estimators"": 200, ""learning_rate"": 0.02, ""subsample"": 0.8}",0.33678,0.37285,0.30071,0.63,ok
XGB,"{""max_depth"": 4, ""n_estimators"": 200, ""learning_rate"": 0.05, ""subsample"": 0.7}",0.32925,0.3769,0.2816,0.56,ok
XGB,"{""max_depth"": 4, ""n_estimators"": 200, ""learning_rate"": 0.05, ""subsample"": 0.8}",0.30951,0.38136,0.23765,0.68,ok
XGB,"{""max_depth"": 4, ""n_estimators"": 300, ""learning_rate"": 0.02, ""subsample"": 0.7}",0.28801,0.32903,0.24699,0.96,ok
XGB,"{""max_depth"": 4, ""n_estimators"": 300, ""learning_rate"": 0.02, ""subsample"": 0.8}",0.29186,0.34209,0.24164,0.79,ok
XGB,"{""max_depth"": 4, ""n_estimators"": 300, ""learning_rate"": 0.05, ""subsample"": 0.7}",0.38403,0.43822,0.32984,0.96,ok
XGB,"{""max_depth"": 4, ""n_estimators"": 300, ""learning_rate"": 0.05, ""subsample"": 0.8}",0.35941,0.43369,0.28512,1.0,ok
XGB,"{""max_depth"": 4, ""n_estimators"": 500, ""learning_rate"": 0.02, ""subsample"": 0.7}",0.33917,0.40245,0.27589,1.45,ok
XGB,"{""max_depth"": 4, ""n_estimators"": 500, ""learning_rate"": 0.02, ""subsample"": 0.8}",0.3198,0.39013,0.24946,1.53,ok
XGB,"{""max_depth"": 4, ""n_estimators"": 500, ""learning_rate"": 0.05, ""subsample"": 0.7}",0.4314,0.48566,0.37714,1.54,ok
XGB,"{""max_depth"": 4, ""n_estimators"": 500, ""learning_rate"": 0.05, ""subsample"": 0.8}",0.41191,0.47301,0.3508,1.47,ok
XGB,"{""max_depth"": 5, ""n_estimators"": 50, ""learning_rate"": 0.02, ""subsample"": 0.7}",0.48945,0.49319,0.48571,0.2,ok
XGB,"{""max_depth"": 5, ""n_estimators"": 50, ""learning_rate"": 0.02, ""subsample"": 0.8}",0.50641,0.49251,0.52032,0.21,ok
XGB,"{""max_depth"": 5, ""n_estimators"": 50, ""learning_rate"": 0.05, ""subsample"": 0.7}",0.37734,0.43213,0.32256,0.21,ok
XGB,"{""max_depth"": 5, ""n_estimators"": 50, ""learning_rate"": 0.05, ""subsample"": 0.8}",0.42724,0.43686,0.41762,0.21,ok
XGB,"{""max_depth"": 5, ""n_estimators"": 100, ""learning_rate"": 0.02, ""subsample"": 0.7}",0.42067,0.44568,0.39567,0.33,ok
XGB,"{""max_depth"": 5, ""n_estimators"": 100, ""learning_rate"": 0.02, ""subsample"": 0.8}",0.44551,0.44735,0.44366,0.35,ok
XGB,"{""max_depth"": 5, ""n_estimators"": 100, ""learning_rate"": 0.05, ""subsample"": 0.7}",0.28849,0.33131,0.24567,0.29,ok
XGB,"{""max_depth"": 5, ""n_estimators"": 100, ""learning_rate"": 0.05, ""subsample"": 0.8}",0.3033,0.34369,0.26291,0.32,ok
XGB,"{""max_depth"": 5, ""n_estimators"": 200, ""learning_rate"": 0.02, ""subsample"": 0.7}",0.30905,0.36031,0.2578,0.56,ok
XGB,"{""max_depth"": 5, ""n_estimators"": 200, ""learning_rate"": 0.02, ""subsample"": 0.8}",0.33678,0.37285,0.30071,0.66,ok
XGB,"{""max_depth"": 5, ""n_estimators"": 200, ""learning_rate"": 0.05, ""subsample"": 0.7}",0.34276,0.39333,0.29218,0.76,ok
XGB,"{""max_depth"": 5, ""n_estimators"": 200, ""learning_rate"": 0.05, ""subsample"": 0.8}",0.31463,0.38634,0.24293,0.6,ok
XGB,"{""max_depth"": 5, ""n_estimators"": 300, ""learning_rate"": 0.02, ""subsample"": 0.7}",0.28862,0.32998,0.24727,0.92,ok
XGB,"{""max_depth"": 5, ""n_estimators"": 300, ""learning_rate"": 0.02, ""subsample"": 0.8}",0.2935,0.34537,0.24164,1.04,ok
XGB,"{""max_depth"": 5, ""n_estimators"": 300, ""learning_rate"": 0.05, ""subsample"": 0.7}",0.39819,0.45429,0.34209,0.85,ok
XGB,"{""max_depth"": 5, ""n_estimators"": 300, ""learning_rate"": 0.05, ""subsample"": 0.8}",0.36561,0.43688,0.29434,1.08,ok
XGB,"{""max_depth"": 5, ""n_estimators"": 500, ""learning_rate"": 0.02, ""subsample"": 0.7}",0.34531,0.41091,0.2797,1.51,ok
XGB,"{""max_depth"": 5, ""n_estimators"": 500, ""learning_rate"": 0.02, ""subsample"": 0.8}",0.3287,0.40493,0.25246,1.76,ok
XGB,"{""max_depth"": 5, ""n_estimators"": 500, ""learning_rate"": 0.05, ""subsample"": 0.7}",0.44333,0.49641,0.39024,1.68,ok
XGB,"{""max_depth"": 5, ""n_estimators"": 500, ""learning_rate"": 0.05, ""subsample"": 0.8}",0.41197,0.47357,0.35036,1.61,ok
XGB,"{""max_depth"": 7, ""n_estimators"": 50, ""learning_rate"": 0.02, ""subsample"": 0.7}",0.48945,0.49319,0.48571,0.17,ok
XGB,"{""max_depth"": 7, ""n_estimators"": 50, ""learning_rate"": 0.02, ""subsample"": 0.8}",0.50641,0.49251,0.52032,0.2,ok
XGB,"{""max_depth"": 7, ""n_estimators"": 50, ""learning_rate"": 0.05, ""subsample"": 0.7}",0.37734,0.43213,0.32256,0.19,ok
XGB,"{""max_depth"": 7, ""n_estimators"": 50, ""learning_rate"": 0.05, ""subsample"": 0.8}",0.42724,0.43686,0.41762,0.18,ok
XGB,"{""max_depth"": 7, ""n_estimators"": 100, ""learning_rate"": 0.02, ""subsample"": 0.7}",0.42067,0.44568,0.39567,0.32,ok
XGB,"{""max_depth"": 7, ""n_estimators"": 100, ""learning_rate"": 0.02, ""subsample"": 0.8}",0.44551,0.44735,0.44366,0.35,ok
XGB,"{""max_depth"": 7, ""n_estimators"": 100, ""learning_rate"": 0.05, ""subsample"": 0.7}",0.28849,0.33131,0.24567,0.36,ok
XGB,"{""max_depth"": 7, ""n_estimators"": 100, ""learning_rate"": 0.05, ""subsample"": 0.8}",0.3033,0.34369,0.26291,0.3,ok
XGB,"{""max_depth"": 7, ""n_estimators"": 200, ""learning_rate"": 0.02, ""subsample"": 0.7}",0.30905,0.36031,0.2578,0.51,ok
XGB,"{""max_depth"": 7, ""n_estimators"": 200, ""learning_rate"": 0.02, ""subsample"": 0.8}",0.33678,0.37285,0.30071,0.63,ok
XGB,"{""max_depth"": 7, ""n_estimators"": 200, ""learning_rate"": 0.05, ""subsample"": 0.7}",0.34383,0.39499,0.29268,0.72,ok
XGB,"{""max_depth"": 7, ""n_estimators"": 200, ""learning_rate"": 0.05, ""subsample"": 0.8}",0.3156,0.38797,0.24324,0.74,ok
XGB,"{""max_depth"": 7, ""n_estimators"": 300, ""learning_rate"": 0.02, ""subsample"": 0.7}",0.28863,0.33,0.24727,0.83,ok
XGB,"{""max_depth"": 7, ""n_estimators"": 300, ""learning_rate"": 0.02, ""subsample"": 0.8}",0.2935,0.34537,0.24164,1.03,ok
XGB,"{""max_depth"": 7, ""n_estimators"": 300, ""learning_rate"": 0.05, ""subsample"": 0.7}",0.39613,0.45515,0.33712,0.93,ok
XGB,"{""max_depth"": 7, ""n_estimators"": 300, ""learning_rate"": 0.05, ""subsample"": 0.8}",0.37473,0.44106,0.3084,1.0,ok
XGB,"{""max_depth"": 7, ""n_estimators"": 500, ""learning_rate"": 0.02, ""subsample"": 0.7}",0.34478,0.41047,0.27908,1.59,ok
XGB,"{""max_depth"": 7, ""n_estimators"": 500, ""learning_rate"": 0.02, ""subsample"": 0.8}",0.33003,0.40681,0.25324,1.67,ok
XGB,"{""max_depth"": 7, ""n_estimators"": 500, ""learning_rate"": 0.05, ""subsample"": 0.7}",0.44282,0.49135,0.39428,1.48,ok
XGB,"{""max_depth"": 7, ""n_estimators"": 500, ""learning_rate"": 0.05, ""subsample"": 0.8}",0.41909,0.4782,0.35998,1.75,ok
XGB,"{""max_depth"": 10, ""n_estimators"": 50, ""learning_rate"": 0.02, ""subsample"": 0.7}",0.48945,0.49319,0.48571,0.16,ok
XGB,"{""max_depth"": 10, ""n_estimators"": 50, ""learning_rate"": 0.02, ""subsample"": 0.8}",0.50641,0.49251,0.52032,0.16,ok
XGB,"{""max_depth"": 10, ""n_estimators"": 50, ""learning_rate"": 0.05, ""subsample"": 0.7}",0.37734,0.43213,0.32256,0.17,ok
XGB,"{""max_depth"": 10, ""n_estimators"": 50, ""learning_rate"": 0.05, ""subsample"": 0.8}",0.42724,0.43686,0.41762,0.21,ok
XGB,"{""max_depth"": 10, ""n_estimators"": 100, ""learning_rate"": 0.02, ""subsample"": 0.7}",0.42067,0.44568,0.39567,0.34,ok
XGB,"{""max_depth"": 10, ""n_estimators"": 100, ""learning_rate"": 0.02, ""subsample"": 0.8}",0.44551,0.44735,0.44366,0.36,ok
XGB,"{""max_depth"": 10, ""n_estimators"": 100, ""learning_rate"": 0.05, ""subsample"": 0.7}",0.28849,0.33131,0.24567,0.34,ok
XGB,"{""max_depth"": 10, ""n_estimators"": 100, ""learning_rate"": 0.05, ""subsample"": 0.8}",0.3033,0.34369,0.26291,0.37,ok
XGB,"{""max_depth"": 10, ""n_estimators"": 200, ""learning_rate"": 0.02, ""subsample"": 0.7}",0.30905,0.36031,0.2578,0.52,ok
XGB,"{""max_depth"": 10, ""n_estimators"": 200, ""learning_rate"": 0.02, ""subsample"": 0.8}",0.33678,0.37285,0.30071,0.54,ok
XGB,"{""max_depth"": 10, ""n_estimators"": 200, ""learning_rate"": 0.05, ""subsample"": 0.7}",0.34383,0.39499,0.29268,0.71,ok
XGB,"{""max_depth"": 10, ""n_estimators"": 200, ""learning_rate"": 0.05, ""subsample"": 0.8}",0.3156,0.38797,0.24324,0.71,ok
XGB,"{""max_depth"": 10, ""n_estimators"": 300, ""learning_rate"": 0.02, ""subsample"": 0.7}",0.28863,0.33,0.24727,0.8,ok
XGB,"{""max_depth"": 10, ""n_estimators"": 300, ""learning_rate"": 0.02, ""subsample"": 0.8}",0.2935,0.34537,0.24164,0.91,ok
XGB,"{""max_depth"": 10, ""n_estimators"": 300, ""learning_rate"": 0.05, ""subsample"": 0.7}",0.39613,0.45515,0.33712,1.06,ok
XGB,"{""max_depth"": 10, ""n_estimators"": 300, ""learning_rate"": 0.05, ""subsample"": 0.8}",0.37484,0.44129,0.3084,0.85,ok
XGB,"{""max_depth"": 10, ""n_estimators"": 500, ""learning_rate"": 0.02, ""subsample"": 0.7}",0.34478,0.41047,0.27908,1.7,ok
XGB,"{""max_depth"": 10, ""n_estimators"": 500, ""learning_rate"": 0.02, ""subsample"": 0.8}",0.33003,0.40681,0.25324,1.49,ok
XGB,"{""max_depth"": 10, ""n_estimators"": 500, ""learning_rate"": 0.05, ""subsample"": 0.7}",0.44286,0.49135,0.39437,1.59,ok
XGB,"{""max_depth"": 10, ""n_estimators"": 500, ""learning_rate"": 0.05, ""subsample"": 0.8}",0.41855,0.47851,0.3586,1.71,ok
XGB-1sub,"{""max_depth"": 1, ""n_estimators"": 50, ""learning_rate"": 0.02, ""subsample"": 1.0}",0.55476,0.50237,0.60715,0.16,ok
XGB-1sub,"{""max_depth"": 1, ""n_estimators"": 50, ""learning_rate"": 0.05, ""subsample"": 1.0}",0.52467,0.45876,0.59059,0.15,ok
XGB-1sub,"{""max_depth"": 1, ""n_estimators"": 100, ""learning_rate"": 0.02, ""subsample"": 1.0}",0.53399,0.47018,0.5978,0.19,ok
XGB-1sub,"{""max_depth"": 1, ""n_estimators"": 100, ""learning_rate"": 0.05, ""subsample"": 1.0}",0.50905,0.44477,0.57332,0.22,ok
XGB-1sub,"{""max_depth"": 1, ""n_estimators"": 200, ""learning_rate"": 0.02, ""subsample"": 1.0}",0.51191,0.44573,0.57809,0.37,ok
XGB-1sub,"{""max_depth"": 1, ""n_estimators"": 200, ""learning_rate"": 0.05, ""subsample"": 1.0}",0.50416,0.44467,0.56365,0.42,ok
XGB-1sub,"{""max_depth"": 1, ""n_estimators"": 300, ""learning_rate"": 0.02, ""subsample"": 1.0}",0.50791,0.44504,0.57077,0.62,ok
XGB-1sub,"{""max_depth"": 1, ""n_estimators"": 300, ""learning_rate"": 0.05, ""subsample"": 1.0}",0.50262,0.44467,0.56056,0.62,ok
XGB-1sub,"{""max_depth"": 1, ""n_estimators"": 500, ""learning_rate"": 0.02, ""subsample"": 1.0}",0.50492,0.44502,0.56481,0.85,ok
XGB-1sub,"{""max_depth"": 1, ""n_estimators"": 500, ""learning_rate"": 0.05, ""subsample"": 1.0}",0.50081,0.44467,0.55696,1.0,ok
XGB-1sub,"{""max_depth"": 2, ""n_estimators"": 50, ""learning_rate"": 0.02, ""subsample"": 1.0}",0.53183,0.49912,0.56454,0.17,ok
XGB-1sub,"{""max_depth"": 2, ""n_estimators"": 50, ""learning_rate"": 0.05, ""subsample"": 1.0}",0.47214,0.45488,0.48941,0.17,ok
XGB-1sub,"{""max_depth"": 2, ""n_estimators"": 100, ""learning_rate"": 0.02, ""subsample"": 1.0}",0.494,0.46638,0.52163,0.32,ok
XGB-1sub,"{""max_depth"": 2, ""n_estimators"": 100, ""learning_rate"": 0.05, ""subsample"": 1.0}",0.40261,0.39592,0.40931,0.27,ok
XGB-1sub,"{""max_depth"": 2, ""n_estimators"": 200, ""learning_rate"": 0.02, ""subsample"": 1.0}",0.43509,0.44176,0.42842,0.46,ok
XGB-1sub,"{""max_depth"": 2, ""n_estimators"": 200, ""learning_rate"": 0.05, ""subsample"": 1.0}",0.30872,0.2491,0.36833,0.43,ok
XGB-1sub,"{""max_depth"": 2, ""n_estimators"": 300, ""learning_rate"": 0.02, ""subsample"": 1.0}",0.39118,0.37828,0.40407,0.79,ok
XGB-1sub,"{""max_depth"": 2, ""n_estimators"": 300, ""learning_rate"": 0.05, ""subsample"": 1.0}",0.30819,0.24847,0.3679,0.76,ok
XGB-1sub,"{""max_depth"": 2, ""n_estimators"": 500, ""learning_rate"": 0.02, ""subsample"": 1.0}",0.31946,0.25009,0.38882,1.1,ok
XGB-1sub,"{""max_depth"": 2, ""n_estimators"": 500, ""learning_rate"": 0.05, ""subsample"": 1.0}",0.30819,0.24848,0.3679,1.32,ok
XGB-1sub,"{""max_depth"": 3, ""n_estimators"": 50, ""learning_rate"": 0.02, ""subsample"": 1.0}",0.53062,0.4967,0.56454,0.2,ok
XGB-1sub,"{""max_depth"": 3, ""n_estimators"": 50, ""learning_rate"": 0.05, ""subsample"": 1.0}",0.47238,0.45535,0.48941,0.16,ok
XGB-1sub,"{""max_depth"": 3, ""n_estimators"": 100, ""learning_rate"": 0.02, ""subsample"": 1.0}",0.49382,0.46601,0.52163,0.28,ok
XGB-1sub,"{""max_depth"": 3, ""n_estimators"": 100, ""learning_rate"": 0.05, ""subsample"": 1.0}",0.42294,0.43657,0.40931,0.28,ok
XGB-1sub,"{""max_depth"": 3, ""n_estimators"": 200, ""learning_rate"": 0.02, ""subsample"": 1.0}",0.43531,0.44219,0.42842,0.6,ok
XGB-1sub,"{""max_depth"": 3, ""n_estimators"": 200, ""learning_rate"": 0.05, ""subsample"": 1.0}",0.38812,0.41192,0.36431,0.66,ok
XGB-1sub,"{""max_depth"": 3, ""n_estimators"": 300, ""learning_rate"": 0.02, ""subsample"": 1.0}",0.42837,0.45267,0.40407,0.82,ok
XGB-1sub,"{""max_depth"": 3, ""n_estimators"": 300, ""learning_rate"": 0.05, ""subsample"": 1.0}",0.3874,0.41097,0.36383,0.85,ok
XGB-1sub,"{""max_depth"": 3, ""n_estimators"": 500, ""learning_rate"": 0.02, ""subsample"": 1.0}",0.40037,0.41192,0.38882,1.48,ok
XGB-1sub,"{""max_depth"": 3, ""n_estimators"": 500, ""learning_rate"": 0.05, ""subsample"": 1.0}",0.3874,0.41097,0.36383,1.34,ok
XGB-1sub,"{""max_depth"": 4, ""n_estimators"": 50, ""learning_rate"": 0.02, ""subsample"": 1.0}",0.53062,0.4967,0.56454,0.22,ok
XGB-1sub,"{""max_depth"": 4, ""n_estimators"": 50, ""learning_rate"": 0.05, ""subsample"": 1.0}",0.47238,0.45535,0.48941,0.2,ok
XGB-1sub,"{""max_depth"": 4, ""n_estimators"": 100, ""learning_rate"": 0.02, ""subsample"": 1.0}",0.49382,0.46601,0.52163,0.36,ok
XGB-1sub,"{""max_depth"": 4, ""n_estimators"": 100, ""learning_rate"": 0.05, ""subsample"": 1.0}",0.42294,0.43657,0.40931,0.35,ok
XGB-1sub,"{""max_depth"": 4, ""n_estimators"": 200, ""learning_rate"": 0.02, ""subsample"": 1.0}",0.43531,0.44219,0.42842,0.49,ok
XGB-1sub,"{""max_depth"": 4, ""n_estimators"": 200, ""learning_rate"": 0.05, ""subsample"": 1.0}",0.38813,0.41193,0.36433,0.57,ok
XGB-1sub,"{""max_depth"": 4, ""n_estimators"": 300, ""learning_rate"": 0.02, ""subsample"": 1.0}",0.42837,0.45267,0.40407,0.93,ok
XGB-1sub,"{""max_depth"": 4, ""n_estimators"": 300, ""learning_rate"": 0.05, ""subsample"": 1.0}",0.38729,0.41072,0.36385,0.94,ok
XGB-1sub,"{""max_depth"": 4, ""n_estimators"": 500, ""learning_rate"": 0.02, ""subsample"": 1.0}",0.40038,0.41193,0.38882,1.36,ok
XGB-1sub,"{""max_depth"": 4, ""n_estimators"": 500, ""learning_rate"": 0.05, ""subsample"": 1.0}",0.38723,0.41061,0.36385,1.55,ok
XGB-1sub,"{""max_depth"": 5, ""n_estimators"": 50, ""learning_rate"": 0.02, ""subsample"": 1.0}",0.53062,0.4967,0.56454,0.18,ok
XGB-1sub,"{""max_depth"": 5, ""n_estimators"": 50, ""learning_rate"": 0.05, ""subsample"": 1.0}",0.47238,0.45535,0.48941,0.18,ok
XGB-1sub,"{""max_depth"": 5, ""n_estimators"": 100, ""learning_rate"": 0.02, ""subsample"": 1.0}",0.49382,0.46601,0.52163,0.35,ok
XGB-1sub,"{""max_depth"": 5, ""n_estimators"": 100, ""learning_rate"": 0.05, ""subsample"": 1.0}",0.42294,0.43657,0.40931,0.35,ok
XGB-1sub,"{""max_depth"": 5, ""n_estimators"": 200, ""learning_rate"": 0.02, ""subsample"": 1.0}",0.43531,0.44219,0.42842,0.6,ok
XGB-1sub,"{""max_depth"": 5, ""n_estimators"": 200, ""learning_rate"": 0.05, ""subsample"": 1.0}",0.38813,0.41194,0.36433,0.62,ok
XGB-1sub,"{""max_depth"": 5, ""n_estimators"": 300, ""learning_rate"": 0.02, ""subsample"": 1.0}",0.42837,0.45267,0.40407,0.81,ok
XGB-1sub,"{""max_depth"": 5, ""n_estimators"": 300, ""learning_rate"": 0.05, ""subsample"": 1.0}",0.38729,0.41072,0.36385,1.14,ok
XGB-1sub,"{""max_depth"": 5, ""n_estimators"": 500, ""learning_rate"": 0.02, ""subsample"": 1.0}",0.40036,0.4119,0.38882,1.37,ok
XGB-1sub,"{""max_depth"": 5, ""n_estimators"": 500, ""learning_rate"": 0.05, ""subsample"": 1.0}",0.38723,0.41062,0.36385,1.84,ok
XGB-1sub,"{""max_depth"": 7, ""n_estimators"": 50, ""learning_rate"": 0.02, ""subsample"": 1.0}",0.53062,0.4967,0.56454,0.19,ok
XGB-1sub,"{""max_depth"": 7, ""n_estimators"": 50, ""learning_rate"": 0.05, ""subsample"": 1.0}",0.47238,0.45535,0.48941,0.18,ok
XGB-1sub,"{""max_depth"": 7, ""n_estimators"": 100, ""learning_rate"": 0.02, ""subsample"": 1.0}",0.49382,0.46601,0.52163,0.3,ok
XGB-1sub,"{""max_depth"": 7, ""n_estimators"": 100, ""learning_rate"": 0.05, ""subsample"": 1.0}",0.42294,0.43657,0.40931,0.35,ok
XGB-1sub,"{""max_depth"": 7, ""n_estimators"": 200, ""learning_rate"": 0.02, ""subsample"": 1.0}",0.43531,0.44219,0.42842,0.62,ok
XGB-1sub,"{""max_depth"": 7, ""n_estimators"": 200, ""learning_rate"": 0.05, ""subsample"": 1.0}",0.38813,0.41194,0.36433,0.74,ok
XGB-1sub,"{""max_depth"": 7, ""n_estimators"": 300, ""learning_rate"": 0.02, ""subsample"": 1.0}",0.42837,0.45267,0.40407,0.73,ok
XGB-1sub,"{""max_depth"": 7, ""n_estimators"": 300, ""learning_rate"": 0.05, ""subsample"": 1.0}",0.38729,0.41072,0.36385,1.16,ok
XGB-1sub,"{""max_depth"": 7, ""n_estimators"": 500, ""learning_rate"": 0.02, ""subsample"": 1.0}",0.40036,0.4119,0.38882,1.46,ok
XGB-1sub,"{""max_depth"": 7, ""n_estimators"": 500, ""learning_rate"": 0.05, ""subsample"": 1.0}",0.38723,0.41062,0.36385,1.87,ok
XGB-1sub,"{""max_depth"": 10, ""n_estimators"": 50, ""learning_rate"": 0.02, ""subsample"": 1.0}",0.53062,0.4967,0.56454,0.15,ok
XGB-1sub,"{""max_depth"": 10, ""n_estimators"": 50, ""learning_rate"": 0.05, ""subsample"": 1.0}",0.47238,0.45535,0.48941,0.17,ok
XGB-1sub,"{""max_depth"": 10, ""n_estimators"": 100, ""learning_rate"": 0.02, ""subsample"": 1.0}",0.49382,0.46601,0.52163,0.28,ok
XGB-1sub,"{""max_depth"": 10, ""n_estimators"": 100, ""learning_rate"": 0.05, ""subsample"": 1.0}",0.42294,0.43657,0.40931,0.33,ok
XGB-1sub,"{""max_depth"": 10, ""n_estimators"": 200, ""learning_rate"": 0.02, ""subsample"": 1.0}",0.43531,0.44219,0.42842,0.61,ok
XGB-1sub,"{""max_depth"": 10, ""n_estimators"": 200, ""learning_rate"": 0.05, ""subsample"": 1.0}",0.38813,0.41194,0.36433,0.72,ok
XGB-1sub,"{""max_depth"": 10, ""n_estimators"": 300, ""learning_rate"": 0.02, ""subsample"": 1.0}",0.42837,0.45267,0.40407,0.74,ok
XGB-1sub,"{""max_depth"": 10, ""n_estimators"": 300, ""learning_rate"": 0.05, ""subsample"": 1.0}",0.38729,0.41072,0.36385,1.13,ok
XGB-1sub,"{""max_depth"": 10, ""n_estimators"": 500, ""learning_rate"": 0.02, ""subsample"": 1.0}",0.40036,0.4119,0.38882,1.49,ok
XGB-1sub,"{""max_depth"": 10, ""n_estimators"": 500, ""learning_rate"": 0.05, ""subsample"": 1.0}",0.38723,0.41062,0.36385,1.94,ok
GPR,"{""length_scale"": 0.5, ""alpha"": 0.1}",0.50347,0.50442,0.50252,0.03,ok
GPR,"{""length_scale"": 0.5, ""alpha"": 0.25}",0.28249,0.27254,0.29243,0.01,ok
GPR,"{""length_scale"": 0.5, ""alpha"": 0.5}",0.17957,0.1745,0.18464,0.01,ok
GPR,"{""length_scale"": 0.5, ""alpha"": 0.75}",0.31232,0.3214,0.30325,0.01,ok
GPR,"{""length_scale"": 0.5, ""alpha"": 1.0}",0.46893,0.48408,0.45377,0.01,ok
GPR,"{""length_scale"": 0.707, ""alpha"": 0.1}",0.50263,0.49478,0.51047,0.01,ok
GPR,"{""length_scale"": 0.707, ""alpha"": 0.25}",0.27771,0.26313,0.2923,0.01,ok
GPR,"{""length_scale"": 0.707, ""alpha"": 0.5}",0.15798,0.16095,0.15502,0.01,ok
GPR,"{""length_scale"": 0.707, ""alpha"": 0.75}",0.2926,0.31282,0.27238,0.01,ok
GPR,"{""length_scale"": 0.707, ""alpha"": 1.0}",0.45159,0.47661,0.42657,0.01,ok
GPR,"{""length_scale"": 1.0, ""alpha"": 0.1}",0.4983,0.4771,0.51949,0.01,ok
GPR,"{""length_scale"": 1.0, ""alpha"": 0.25}",0.28647,0.2614,0.31154,0.0,ok
GPR,"{""length_scale"": 1.0, ""alpha"": 0.5}",0.18684,0.19704,0.17665,0.0,ok
GPR,"{""length_scale"": 1.0, ""alpha"": 0.75}",0.30814,0.33962,0.27666,0.01,ok
GPR,"{""length_scale"": 1.0, ""alpha"": 1.0}",0.45994,0.49482,0.42507,0.0,ok
GPR,"{""length_scale"": 1.5, ""alpha"": 0.1}",0.53806,0.49626,0.57986,0.0,ok
GPR,"{""length_scale"": 1.5, ""alpha"": 0.25}",0.35333,0.32293,0.38372,0.0,ok
GPR,"{""length_scale"": 1.5, ""alpha"": 0.5}",0.26907,0.27539,0.26274,0.0,ok
GPR,"{""length_scale"": 1.5, ""alpha"": 0.75}",0.35952,0.38588,0.33315,0.0,ok
GPR,"{""length_scale"": 1.5, ""alpha"": 1.0}",0.49379,0.52391,0.46366,0.01,ok
NGB,"{""n_estimators"": 100, ""learning_rate"": 0.01, ""max_depth"": 2, ""min_samples_leaf"": 5}",0.32332,0.4359,0.21074,3.06,ok
NGB,"{""n_estimators"": 100, ""learning_rate"": 0.01, ""max_depth"": 2, ""min_samples_leaf"": 10}",0.31867,0.4199,0.21745,2.57,ok
NGB,"{""n_estimators"": 100, ""learning_rate"": 0.01, ""max_depth"": 3, ""min_samples_leaf"": 5}",0.27124,0.35237,0.1901,2.6,ok
NGB,"{""n_estimators"": 100, ""learning_rate"": 0.01, ""max_depth"": 3, ""min_samples_leaf"": 10}",0.31484,0.42052,0.20917,2.6,ok
NGB,"{""n_estimators"": 100, ""learning_rate"": 0.01, ""max_depth"": 4, ""min_samples_leaf"": 5}",0.28252,0.36329,0.20176,2.67,ok
NGB,"{""n_estimators"": 100, ""learning_rate"": 0.01, ""max_depth"": 4, ""min_samples_leaf"": 10}",0.31484,0.42052,0.20917,2.64,ok
NGB,"{""n_estimators"": 100, ""learning_rate"": 0.05, ""max_depth"": 2, ""min_samples_leaf"": 5}",0.32877,0.34215,0.31539,2.71,ok
NGB,"{""n_estimators"": 100, ""learning_rate"": 0.05, ""max_depth"": 2, ""min_samples_leaf"": 10}",0.23738,0.24213,0.23264,2.65,ok
NGB,"{""n_estimators"": 100, ""learning_rate"": 0.05, ""max_depth"": 3, ""min_samples_leaf"": 5}",0.37362,0.36743,0.37981,2.69,ok
NGB,"{""n_estimators"": 100, ""learning_rate"": 0.05, ""max_depth"": 3, ""min_samples_leaf"": 10}",0.24945,0.25098,0.24791,2.64,ok
NGB,"{""n_estimators"": 100, ""learning_rate"": 0.05, ""max_depth"": 4, ""min_samples_leaf"": 5}",0.39823,0.39324,0.40322,2.65,ok
NGB,"{""n_estimators"": 100, ""learning_rate"": 0.05, ""max_depth"": 4, ""min_samples_leaf"": 10}",0.24945,0.25098,0.24791,2.63,ok
NGB,"{""n_estimators"": 200, ""learning_rate"": 0.01, ""max_depth"": 2, ""min_samples_leaf"": 5}",0.2402,0.30975,0.17064,5.32,ok
NGB,"{""n_estimators"": 200, ""learning_rate"": 0.01, ""max_depth"": 2, ""min_samples_leaf"": 10}",0.20912,0.26037,0.15786,5.23,ok
NGB,"{""n_estimators"": 200, ""learning_rate"": 0.01, ""max_depth"": 3, ""min_samples_leaf"": 5}",0.24833,0.26836,0.22831,5.43,ok
NGB,"{""n_estimators"": 200, ""learning_rate"": 0.01, ""max_depth"": 3, ""min_samples_leaf"": 10}",0.21444,0.27641,0.15248,5.2,ok
NGB,"{""n_estimators"": 200, ""learning_rate"": 0.01, ""max_depth"": 4, ""min_samples_leaf"": 5}",0.26515,0.30083,0.22947,5.34,ok
NGB,"{""n_estimators"": 200, ""learning_rate"": 0.01, ""max_depth"": 4, ""min_samples_leaf"": 10}",0.21444,0.27641,0.15248,5.2,ok
NGB,"{""n_estimators"": 200, ""learning_rate"": 0.05, ""max_depth"": 2, ""min_samples_leaf"": 5}",0.41283,0.41534,0.41032,5.35,ok
NGB,"{""n_estimators"": 200, ""learning_rate"": 0.05, ""max_depth"": 2, ""min_samples_leaf"": 10}",0.29818,0.29279,0.30357,5.18,ok
NGB,"{""n_estimators"": 200, ""learning_rate"": 0.05, ""max_depth"": 3, ""min_samples_leaf"": 5}",0.46772,0.45175,0.48369,5.26,ok
NGB,"{""n_estimators"": 200, ""learning_rate"": 0.05, ""max_depth"": 3, ""min_samples_leaf"": 10}",0.30219,0.29225,0.31212,5.19,ok
NGB,"{""n_estimators"": 200, ""learning_rate"": 0.05, ""max_depth"": 4, ""min_samples_leaf"": 5}",0.50721,0.4913,0.52312,5.19,ok
NGB,"{""n_estimators"": 200, ""learning_rate"": 0.05, ""max_depth"": 4, ""min_samples_leaf"": 10}",0.30219,0.29225,0.31212,5.24,ok
NGB,"{""n_estimators"": 300, ""learning_rate"": 0.01, ""max_depth"": 2, ""min_samples_leaf"": 5}",0.26882,0.31035,0.22728,7.99,ok
NGB,"{""n_estimators"": 300, ""learning_rate"": 0.01, ""max_depth"": 2, ""min_samples_leaf"": 10}",0.20889,0.23309,0.18469,8.49,ok
NGB,"{""n_estimators"": 300, ""learning_rate"": 0.01, ""max_depth"": 3, ""min_samples_leaf"": 5}",0.29917,0.29847,0.29987,13.6,ok
NGB,"{""n_estimators"": 300, ""learning_rate"": 0.01, ""max_depth"": 3, ""min_samples_leaf"": 10}",0.21041,0.24074,0.18009,13.07,ok
NGB,"{""n_estimators"": 300, ""learning_rate"": 0.01, ""max_depth"": 4, ""min_samples_leaf"": 5}",0.32514,0.34043,0.30986,13.53,ok
NGB,"{""n_estimators"": 300, ""learning_rate"": 0.01, ""max_depth"": 4, ""min_samples_leaf"": 10}",0.21041,0.24074,0.18009,13.11,ok
NGB,"{""n_estimators"": 300, ""learning_rate"": 0.05, ""max_depth"": 2, ""min_samples_leaf"": 5}",0.46656,0.46357,0.46955,13.02,ok
NGB,"{""n_estimators"": 300, ""learning_rate"": 0.05, ""max_depth"": 2, ""min_samples_leaf"": 10}",0.33289,0.3301,0.33568,13.14,ok
NGB,"{""n_estimators"": 300, ""learning_rate"": 0.05, ""max_depth"": 3, ""min_samples_leaf"": 5}",0.52364,0.50012,0.54715,13.06,ok
NGB,"{""n_estimators"": 300, ""learning_rate"": 0.05, ""max_depth"": 3, ""min_samples_leaf"": 10}",0.33886,0.32707,0.35066,13.11,ok
NGB,"{""n_estimators"": 300, ""learning_rate"": 0.05, ""max_depth"": 4, ""min_samples_leaf"": 5}",0.56175,0.53549,0.58801,11.17,ok
NGB,"{""n_estimators"": 300, ""learning_rate"": 0.05, ""max_depth"": 4, ""min_samples_leaf"": 10}",0.33886,0.32707,0.35066,7.93,ok
NGB,"{""n_estimators"": 500, ""learning_rate"": 0.01, ""max_depth"": 2, ""min_samples_leaf"": 5}",0.32414,0.34189,0.30639,13.34,ok
NGB,"{""n_estimators"": 500, ""learning_rate"": 0.01, ""max_depth"": 2, ""min_samples_leaf"": 10}",0.23555,0.24189,0.22921,13.12,ok
NGB,"{""n_estimators"": 500, ""learning_rate"": 0.01, ""max_depth"": 3, ""min_samples_leaf"": 5}",0.36723,0.35944,0.37501,13.34,ok
NGB,"{""n_estimators"": 500, ""learning_rate"": 0.01, ""max_depth"": 3, ""min_samples_leaf"": 10}",0.24344,0.24766,0.23921,13.04,ok
NGB,"{""n_estimators"": 500, ""learning_rate"": 0.01, ""max_depth"": 4, ""min_samples_leaf"": 5}",0.39464,0.39143,0.39786,13.25,ok
NGB,"{""n_estimators"": 500, ""learning_rate"": 0.01, ""max_depth"": 4, ""min_samples_leaf"": 10}",0.24344,0.24766,0.23921,13.17,ok
NGB,"{""n_estimators"": 500, ""learning_rate"": 0.05, ""max_depth"": 2, ""min_samples_leaf"": 5}",0.52798,0.5143,0.54166,12.79,ok
NGB,"{""n_estimators"": 500, ""learning_rate"": 0.05, ""max_depth"": 2, ""min_samples_leaf"": 10}",0.37596,0.36695,0.38498,12.97,ok
NGB,"{""n_estimators"": 500, ""learning_rate"": 0.05, ""max_depth"": 3, ""min_samples_leaf"": 5}",0.5848,0.55315,0.61645,12.95,ok
NGB,"{""n_estimators"": 500, ""learning_rate"": 0.05, ""max_depth"": 3, ""min_samples_leaf"": 10}",0.38591,0.36947,0.40235,12.91,ok
NGB,"{""n_estimators"": 500, ""learning_rate"": 0.05, ""max_depth"": 4, ""min_samples_leaf"": 5}",0.62135,0.58419,0.65852,12.83,ok
NGB,"{""n_estimators"": 500, ""learning_rate"": 0.05, ""max_depth"": 4, ""min_samples_leaf"": 10}",0.38591,0.36947,0.40235,12.93,ok
