model,n_train,data_seed,init_seed,picp,mpiw,sum_rmse,interval_score,time_s
ANN,50,0,0,0.941667,1.9017,0.099,1.9866,1.5
ANN,50,0,1,0.868333,1.7359,0.1135,2.0393,0.23
ANN,50,0,2,0.861667,1.7703,0.1589,2.1977,0.21
ANN,50,0,3,0.888333,1.7498,0.102,1.9825,0.19
ANN,50,0,4,0.85,1.7037,0.1248,2.0747,0.19
ANN,50,0,5,0.878333,1.8048,0.2007,2.324,0.19
ANN,50,0,6,0.98,2.0583,0.1464,2.0931,0.18
ANN,50,0,7,0.855,1.7114,0.1564,2.1758,0.19
ANN,50,0,8,0.841667,1.6825,0.1373,2.1031,0.22
ANN,50,0,9,0.913333,1.8291,0.1051,2.021,0.2
ANN,50,0,-1,0.886667,1.7947,0.1015,2.0196,0.0
ANN,50,1,0,0.75,1.4847,0.2725,2.6118,0.2
ANN,50,1,1,0.721667,1.4642,0.3343,2.8247,0.2
ANN,50,1,2,0.828333,1.7173,0.2796,2.5047,0.18
ANN,50,1,3,0.773333,1.5679,0.2535,2.402,0.2
ANN,50,1,4,0.76,1.5487,0.2556,2.4842,0.21
ANN,50,1,5,0.678333,1.3311,0.3417,2.9935,0.22
ANN,50,1,6,0.626667,1.2025,0.3596,3.1315,0.19
ANN,50,1,7,0.686667,1.3462,0.3283,2.8552,0.19
ANN,50,1,8,0.83,1.777,0.2782,2.3115,0.21
ANN,50,1,9,0.705,1.3887,0.3245,2.8365,0.21
ANN,50,1,-1,0.745,1.4828,0.2722,2.5686,0.0
ANN,50,2,0,0.813333,1.5962,0.2225,2.251,0.19
ANN,50,2,1,0.78,1.5298,0.2887,2.503,0.2
ANN,50,2,2,0.775,1.5326,0.3028,2.5682,0.33
ANN,50,2,3,0.808333,1.5833,0.2657,2.3435,0.43
ANN,50,2,4,0.781667,1.5352,0.2398,2.2965,0.42
ANN,50,2,5,0.753333,1.6126,0.3649,2.7408,0.41
ANN,50,2,6,0.783333,1.5359,0.2047,2.2195,0.41
ANN,50,2,7,0.805,1.5932,0.3025,2.5153,0.4
ANN,50,2,8,0.776667,1.5001,0.251,2.3425,0.4
ANN,50,2,9,0.83,1.6983,0.265,2.3113,0.41
ANN,50,2,-1,0.816667,1.5717,0.2324,2.2739,0.0
ANN,50,3,0,0.716667,1.4404,0.2683,2.5051,0.4
ANN,50,3,1,0.69,1.3429,0.2924,2.6133,0.39
ANN,50,3,2,0.756667,1.517,0.2328,2.2916,0.4
ANN,50,3,3,0.758333,1.5293,0.2317,2.3039,0.39
ANN,50,3,4,0.738333,1.4778,0.2385,2.3518,0.4
ANN,50,3,5,0.75,1.487,0.2516,2.3899,0.4
ANN,50,3,6,0.773333,1.593,0.2354,2.3108,0.39
ANN,50,3,7,0.725,1.4233,0.2641,2.4696,0.41
ANN,50,3,8,0.673333,1.3286,0.3091,2.7304,0.39
ANN,50,3,9,0.75,1.4943,0.2475,2.3476,0.41
ANN,50,3,-1,0.743333,1.4634,0.2505,2.4009,0.0
ANN,50,4,0,0.806667,1.5849,0.2566,2.41,0.4
ANN,50,4,1,0.823333,1.6599,0.2485,2.3763,0.41
ANN,50,4,2,0.876667,1.8902,0.2724,2.2837,0.4
ANN,50,4,3,0.821667,1.6861,0.267,2.4635,0.41
ANN,50,4,4,0.838333,1.6969,0.2149,2.2632,0.43
ANN,50,4,5,0.821667,1.7033,0.2873,2.4901,0.43
ANN,50,4,6,0.835,1.6731,0.2174,2.2418,0.43
ANN,50,4,7,0.835,1.7044,0.2353,2.3226,0.42
ANN,50,4,8,0.806667,1.5949,0.2272,2.2956,0.42
ANN,50,4,9,0.848333,1.7705,0.2539,2.3355,0.42
ANN,50,4,-1,0.835,1.6964,0.2364,2.3131,0.0
ANN,50,5,0,0.798333,1.5674,0.1806,2.2037,0.41
ANN,50,5,1,0.846667,1.7366,0.2152,2.2215,0.41
ANN,50,5,2,0.813333,1.6436,0.1998,2.3105,0.42
ANN,50,5,3,0.856667,1.745,0.2354,2.1894,0.44
ANN,50,5,4,0.838333,1.7485,0.204,2.2232,0.42
ANN,50,5,5,0.815,1.626,0.1854,2.2493,0.43
ANN,50,5,6,0.928333,1.9436,0.1888,2.0755,0.43
ANN,50,5,7,0.873333,1.7505,0.1712,2.1132,0.42
ANN,50,5,8,0.958333,2.0276,0.1778,2.1163,0.42
ANN,50,5,9,0.805,1.5519,0.1753,2.1412,0.42
ANN,50,5,-1,0.88,1.7341,0.1366,2.0554,0.0
ANN,50,6,0,0.828333,1.647,0.2691,2.3774,0.43
ANN,50,6,1,0.766667,1.4414,0.2827,2.553,0.45
ANN,50,6,2,0.806667,1.5898,0.2575,2.4157,0.42
ANN,50,6,3,0.775,1.5344,0.3085,2.6474,0.42
ANN,50,6,4,0.788333,1.5581,0.2897,2.5458,0.41
ANN,50,6,5,0.83,1.6628,0.2779,2.4362,0.42
ANN,50,6,6,0.811667,1.6705,0.2936,2.4903,0.42
ANN,50,6,7,0.78,1.5121,0.2926,2.5852,0.42
ANN,50,6,8,0.8,1.5246,0.2468,2.3598,0.41
ANN,50,6,9,0.796667,1.5444,0.2866,2.5443,0.41
ANN,50,6,-1,0.808333,1.5685,0.2708,2.4534,0.0
ANN,50,7,0,0.891667,1.8316,0.2213,2.2338,0.42
ANN,50,7,1,0.853333,1.7734,0.2211,2.2798,0.42
ANN,50,7,2,0.861667,1.7149,0.2163,2.2883,0.42
ANN,50,7,3,0.841667,1.7366,0.2059,2.1553,0.42
ANN,50,7,4,0.795,1.5648,0.2771,2.6513,0.41
ANN,50,7,5,0.881667,1.8216,0.2086,2.194,0.43
ANN,50,7,6,0.823333,1.7203,0.2693,2.3946,0.42
ANN,50,7,7,0.888333,1.8194,0.2003,2.2039,0.41
ANN,50,7,8,0.846667,1.7182,0.2398,2.2941,0.39
ANN,50,7,9,0.815,1.6672,0.2215,2.2657,0.38
ANN,50,7,-1,0.863333,1.7368,0.2096,2.211,0.0
ANN,50,8,0,0.698333,1.3528,0.2593,2.4017,0.38
ANN,50,8,1,0.836667,1.6548,0.1982,2.1714,0.39
ANN,50,8,2,0.816667,1.5749,0.1924,2.1522,0.39
ANN,50,8,3,0.821667,1.578,0.1683,2.0791,0.39
ANN,50,8,4,0.791667,1.56,0.2195,2.215,0.39
ANN,50,8,5,0.78,1.4974,0.2328,2.2902,0.39
ANN,50,8,6,0.838333,1.6719,0.2067,2.1235,0.39
ANN,50,8,7,0.841667,1.6486,0.1745,2.0996,0.38
ANN,50,8,8,0.825,1.6414,0.2065,2.1578,0.39
ANN,50,8,9,0.82,1.6282,0.1674,2.0799,0.39
ANN,50,8,-1,0.818333,1.5808,0.1804,2.1056,0.0
ANN,50,9,0,0.835,1.6748,0.1535,2.0619,0.38
ANN,50,9,1,0.855,1.6666,0.129,2.0112,0.38
ANN,50,9,2,0.836667,1.6684,0.1738,2.1601,0.39
ANN,50,9,3,0.855,1.6643,0.1233,1.9783,0.39
ANN,50,9,4,0.843333,1.6557,0.1732,2.2054,0.39
ANN,50,9,5,0.901667,1.8043,0.1031,1.9779,0.41
ANN,50,9,6,0.791667,1.5684,0.1671,2.1025,0.4
ANN,50,9,7,0.79,1.5308,0.1739,2.1533,0.39
ANN,50,9,8,0.801667,1.5453,0.2025,2.2646,0.4
ANN,50,9,9,0.853333,1.6724,0.1588,2.0905,0.41
ANN,50,9,-1,0.838333,1.6451,0.1434,2.0554,0.0
ANN,100,0,0,0.928333,2.1262,0.2713,2.2726,0.8
ANN,100,0,1,0.91,2.4045,0.4843,2.6589,0.78
ANN,100,0,2,0.868333,2.0286,0.339,2.4515,0.76
ANN,100,0,3,0.895,1.8193,0.1501,2.0295,0.76
ANN,100,0,4,0.85,1.7777,0.2018,2.2237,0.76
ANN,100,0,5,0.918333,1.8883,0.1697,2.1136,0.46
ANN,100,0,6,0.993333,2.6728,0.5698,2.6772,0.37
ANN,100,0,7,0.936667,2.171,0.2962,2.2929,0.37
ANN,100,0,8,0.935,1.9039,0.1369,1.9872,0.39
ANN,100,0,9,0.983333,2.9295,0.6634,2.9638,0.38
ANN,100,0,-1,0.968333,2.1722,0.2632,2.2408,0.0
ANN,100,1,0,0.851667,1.7107,0.1373,2.0641,0.38
ANN,100,1,1,0.938333,2.1845,0.3066,2.2926,0.37
ANN,100,1,2,0.835,1.6785,0.1398,2.129,0.38
ANN,100,1,3,0.915,1.912,0.1776,2.0813,0.37
ANN,100,1,4,0.813333,1.7122,0.2315,2.2032,0.36
ANN,100,1,5,0.975,2.3447,0.3247,2.3723,0.43
ANN,100,1,6,0.885,1.8473,0.1884,2.1394,0.4
ANN,100,1,7,0.923333,2.5937,0.5689,2.7726,0.38
ANN,100,1,8,0.873333,2.1942,0.425,2.6089,0.37
ANN,100,1,9,0.808333,1.6481,0.1924,2.2967,0.37
ANN,100,1,-1,0.926667,1.9826,0.1932,2.1232,0.0
ANN,100,2,0,0.921667,1.8509,0.1214,2.0147,0.37
ANN,100,2,1,0.928333,2.1753,0.3384,2.2826,0.35
ANN,100,2,2,0.89,1.9555,0.3323,2.3649,0.35
ANN,100,2,3,0.921667,1.9645,0.1819,2.0978,0.38
ANN,100,2,4,0.92,2.1001,0.342,2.3351,0.36
ANN,100,2,5,0.92,2.1,0.3172,2.2763,0.36
ANN,100,2,6,0.92,2.1069,0.3861,2.5946,0.37
ANN,100,2,7,0.971667,2.4167,0.3995,2.4532,0.36
ANN,100,2,8,0.93,2.0447,0.2137,2.1653,0.36
ANN,100,2,9,0.87,1.8592,0.2538,2.2206,0.37
ANN,100,2,-1,0.968333,2.0574,0.1832,2.105,0.0
ANN,100,3,0,0.885,1.8751,0.2281,2.1997,0.36
ANN,100,3,1,0.778333,1.523,0.2071,2.2755,0.36
ANN,100,3,2,0.803333,1.7394,0.2765,2.3742,0.37
ANN,100,3,3,0.805,1.6347,0.1862,2.2053,0.36
ANN,100,3,4,0.833333,1.6901,0.2081,2.214,0.36
ANN,100,3,5,0.861667,1.7739,0.2053,2.1607,0.37
ANN,100,3,6,0.84,1.6668,0.1559,2.0991,0.36
ANN,100,3,7,0.795,1.6338,0.2235,2.4423,0.37
ANN,100,3,8,0.911667,2.0659,0.3306,2.2628,0.38
ANN,100,3,9,0.905,2.1265,0.3449,2.3839,0.36
ANN,100,3,-1,0.876667,1.7729,0.1737,2.1129,0.0
ANN,100,4,0,0.88,1.786,0.1817,2.2325,0.38
ANN,100,4,1,0.81,1.6159,0.1813,2.1658,0.37
ANN,100,4,2,0.895,1.7699,0.1277,2.0319,0.36
ANN,100,4,3,0.836667,1.7676,0.1924,2.2248,0.36
ANN,100,4,4,0.876667,1.7398,0.1373,2.1016,0.37
ANN,100,4,5,0.855,1.7546,0.1837,2.1884,0.36
ANN,100,4,6,0.84,1.6423,0.1348,2.0932,0.36
ANN,100,4,7,0.776667,1.5387,0.1911,2.2992,0.37
ANN,100,4,8,0.815,1.6772,0.2082,2.2506,0.35
ANN,100,4,9,0.885,1.9843,0.2671,2.3652,0.35
ANN,100,4,-1,0.861667,1.7276,0.1236,2.0646,0.0
ANN,100,5,0,0.843333,1.6646,0.1362,2.0342,0.37
ANN,100,5,1,0.895,2.2417,0.4188,2.6024,0.37
ANN,100,5,2,0.903333,1.7732,0.1151,1.9695,0.36
ANN,100,5,3,0.938333,1.9428,0.1759,2.0666,0.37
ANN,100,5,4,0.865,1.7384,0.1601,2.0605,0.36
ANN,100,5,5,0.866667,2.2494,0.538,2.6557,0.37
ANN,100,5,6,0.841667,1.8167,0.2432,2.3374,0.37
ANN,100,5,7,0.916667,2.3443,0.5098,2.596,0.39
ANN,100,5,8,0.936667,1.9753,0.1978,2.1042,0.36
ANN,100,5,9,0.888333,1.7961,0.1414,2.024,0.37
ANN,100,5,-1,0.936667,1.9543,0.1709,2.0832,0.0
ANN,100,6,0,0.786667,1.7058,0.3286,2.799,0.37
ANN,100,6,1,0.785,1.5487,0.1809,2.187,0.36
ANN,100,6,2,0.875,1.7104,0.1187,2.0244,0.36
ANN,100,6,3,0.763333,1.6111,0.2666,2.4457,0.36
ANN,100,6,4,0.828333,1.6128,0.2141,2.256,0.36
ANN,100,6,5,0.9,1.9468,0.2765,2.2295,0.38
ANN,100,6,6,0.806667,1.7158,0.2292,2.3567,0.37
ANN,100,6,7,0.856667,1.7118,0.1472,2.0495,0.38
ANN,100,6,8,0.88,1.7749,0.1472,2.0538,0.38
ANN,100,6,9,0.871667,1.7366,0.1882,2.1542,0.39
ANN,100,6,-1,0.858333,1.7075,0.1319,2.0364,0.0
ANN,100,7,0,0.916667,2.1138,0.3247,2.3792,0.37
ANN,100,7,1,0.89,2.3914,0.4796,2.716,0.38
ANN,100,7,2,0.853333,1.7131,0.1849,2.2036,0.37
ANN,100,7,3,0.931667,2.1609,0.284,2.3776,0.38
ANN,100,7,4,0.91,1.8952,0.156,2.091,0.38
ANN,100,7,5,0.915,2.0153,0.2519,2.1991,0.38
ANN,100,7,6,0.93,2.0966,0.3177,2.2608,0.36
ANN,100,7,7,0.918333,2.0472,0.2674,2.2474,0.38
ANN,100,7,8,0.856667,2.099,0.4469,2.529,0.37
ANN,100,7,9,0.91,2.1453,0.3669,2.4391,0.38
ANN,100,7,-1,0.955,2.0678,0.1949,2.1644,0.0
ANN,100,8,0,0.893333,1.8481,0.1549,2.0279,0.37
ANN,100,8,1,0.871667,1.7827,0.1489,2.0485,0.36
ANN,100,8,2,0.921667,1.9039,0.1721,2.1223,0.39
ANN,100,8,3,0.931667,1.9357,0.1781,2.0867,0.39
ANN,100,8,4,0.953333,2.3476,0.4009,2.4542,0.39
ANN,100,8,5,0.886667,1.9743,0.2962,2.3191,0.4
ANN,100,8,6,0.998333,2.3563,0.3071,2.3577,0.39
ANN,100,8,7,0.956667,2.0747,0.1783,2.1317,0.39
ANN,100,8,8,0.823333,1.7509,0.2846,2.5285,0.41
ANN,100,8,9,0.923333,1.8181,0.103,1.9803,0.4
ANN,100,8,-1,0.961667,1.9792,0.145,2.0418,0.0
ANN,100,9,0,0.858333,1.9526,0.316,2.5546,0.38
ANN,100,9,1,0.841667,1.7206,0.2033,2.1971,0.4
ANN,100,9,2,0.87,1.8331,0.2094,2.241,0.39
ANN,100,9,3,0.865,1.7681,0.1675,2.1288,0.42
ANN,100,9,4,0.813333,1.6997,0.2205,2.3338,0.48
ANN,100,9,5,0.906667,1.8477,0.1814,2.1108,0.74
ANN,100,9,6,0.905,1.8148,0.1172,2.0469,0.78
ANN,100,9,7,0.793333,1.6002,0.1984,2.3901,0.78
ANN,100,9,8,0.831667,1.6336,0.152,2.1469,0.77
ANN,100,9,9,0.79,1.6584,0.2961,2.4597,0.75
ANN,100,9,-1,0.865,1.7529,0.1624,2.1608,0.0
ANN,200,0,0,0.865,1.7416,0.1781,2.0988,1.32
ANN,200,0,1,0.89,1.7789,0.1807,2.1424,1.33
ANN,200,0,2,0.896667,1.7441,0.142,2.0115,1.32
ANN,200,0,3,0.935,1.8884,0.1172,2.0162,1.33
ANN,200,0,4,0.963333,2.3318,0.3648,2.3718,1.32
ANN,200,0,5,0.905,1.8463,0.1845,2.1303,1.32
ANN,200,0,6,0.838333,1.6662,0.1745,2.1356,1.32
ANN,200,0,7,0.888333,2.0152,0.2691,2.2619,1.32
ANN,200,0,8,0.925,1.8747,0.1223,2.0289,1.35
ANN,200,0,9,0.863333,1.7627,0.2239,2.1977,1.32
ANN,200,0,-1,0.935,1.865,0.1013,1.9717,0.0
ANN,200,1,0,0.835,1.6564,0.1136,1.9663,1.32
ANN,200,1,1,0.92,1.822,0.1081,1.9466,1.32
ANN,200,1,2,0.866667,1.7249,0.1225,1.9794,1.33
ANN,200,1,3,0.856667,1.7032,0.1361,2.0281,1.34
ANN,200,1,4,0.888333,1.7549,0.0958,1.9524,1.34
ANN,200,1,5,0.935,1.8705,0.1022,1.9677,1.33
ANN,200,1,6,0.99,2.2357,0.2598,2.2516,1.35
ANN,200,1,7,0.818333,1.6295,0.1668,2.1335,1.33
ANN,200,1,8,0.848333,1.6783,0.1433,2.0701,1.34
ANN,200,1,9,0.945,1.8848,0.1066,1.9623,1.33
ANN,200,1,-1,0.903333,1.796,0.0925,1.9439,0.0
ANN,200,2,0,0.935,1.8593,0.0761,1.9546,1.38
ANN,200,2,1,0.903333,1.8513,0.1657,2.0839,1.34
ANN,200,2,2,0.943333,2.0097,0.2263,2.0976,1.32
ANN,200,2,3,0.901667,1.8019,0.0995,1.969,1.34
ANN,200,2,4,0.961667,1.9205,0.1046,1.9751,1.32
ANN,200,2,5,0.876667,1.7356,0.0969,1.9343,1.37
ANN,200,2,6,0.888333,1.8548,0.255,2.1965,1.36
ANN,200,2,7,0.838333,1.6648,0.1168,1.9687,1.34
ANN,200,2,8,0.855,1.7233,0.1615,2.0646,1.33
ANN,200,2,9,0.911667,1.8994,0.1758,2.0333,1.4
ANN,200,2,-1,0.93,1.8321,0.083,1.9249,0.0
ANN,200,3,0,0.855,1.6916,0.1492,2.0409,1.38
ANN,200,3,1,0.888333,1.8993,0.198,2.1485,1.37
ANN,200,3,2,0.87,1.7421,0.1336,2.0313,1.4
ANN,200,3,3,0.885,1.7731,0.1078,2.0143,1.41
ANN,200,3,4,0.955,1.9844,0.1587,2.0578,1.35
ANN,200,3,5,0.936667,1.9799,0.1689,2.0715,1.35
ANN,200,3,6,0.93,1.9312,0.1414,2.0469,1.38
ANN,200,3,7,0.861667,1.701,0.1385,2.0339,1.37
ANN,200,3,8,0.886667,1.8565,0.228,2.1933,1.41
ANN,200,3,9,0.876667,1.7388,0.1441,2.0773,1.4
ANN,200,3,-1,0.901667,1.8298,0.1163,1.9977,0.0
ANN,200,4,0,0.871667,1.7255,0.1152,1.987,1.41
ANN,200,4,1,0.94,1.9957,0.2104,2.1449,1.35
ANN,200,4,2,0.925,1.8915,0.1179,1.9974,1.37
ANN,200,4,3,0.935,1.9661,0.1862,2.1009,1.37
ANN,200,4,4,0.856667,1.7377,0.1962,2.1728,1.34
ANN,200,4,5,0.863333,1.7815,0.1771,2.0903,1.37
ANN,200,4,6,0.921667,1.8652,0.1041,1.9784,1.34
ANN,200,4,7,0.93,1.9798,0.1947,2.1049,1.36
ANN,200,4,8,0.85,1.7071,0.1534,2.0704,0.86
ANN,200,4,9,0.84,1.6886,0.1531,2.0738,0.76
ANN,200,4,-1,0.913333,1.8339,0.0938,1.967,0.0
ANN,200,5,0,0.905,1.8464,0.1217,2.001,0.74
ANN,200,5,1,0.923333,1.9633,0.1675,2.0654,0.68
ANN,200,5,2,0.946667,1.9942,0.1789,2.1211,0.66
ANN,200,5,3,0.93,1.9815,0.1976,2.1323,0.73
ANN,200,5,4,0.825,1.6074,0.118,1.9958,0.71
ANN,200,5,5,0.916667,1.8351,0.0955,1.9786,0.72
ANN,200,5,6,0.841667,1.6666,0.1011,1.9651,0.7
ANN,200,5,7,0.965,2.2097,0.2928,2.2453,0.68
ANN,200,5,8,0.931667,1.9093,0.1137,1.9912,0.71
ANN,200,5,9,0.871667,1.7464,0.093,1.9693,0.67
ANN,200,5,-1,0.931667,1.876,0.0805,1.9455,0.0
ANN,200,6,0,0.783333,1.5396,0.1697,2.2424,0.83
ANN,200,6,1,0.87,1.8782,0.202,2.1529,0.87
ANN,200,6,2,0.896667,1.8313,0.1648,2.0455,0.87
ANN,200,6,3,0.896667,2.002,0.2621,2.2512,0.86
ANN,200,6,4,0.878333,1.7559,0.1171,2.0329,0.8
ANN,200,6,5,0.938333,2.2227,0.3219,2.3964,0.87
ANN,200,6,6,0.793333,1.613,0.2147,2.5667,0.86
ANN,200,6,7,0.866667,1.8892,0.2422,2.2582,0.98
ANN,200,6,8,0.908333,1.8781,0.145,2.0389,0.87
ANN,200,6,9,0.795,1.577,0.1959,2.2227,0.91
ANN,200,6,-1,0.901667,1.8187,0.1264,2.0661,0.0
ANN,200,7,0,0.816667,1.6593,0.1678,2.1588,0.88
ANN,200,7,1,0.916667,1.9732,0.2207,2.1689,0.86
ANN,200,7,2,0.916667,1.8697,0.1171,1.9982,1.01
ANN,200,7,3,0.893333,1.7528,0.1555,2.084,1.6
ANN,200,7,4,0.89,1.7835,0.1131,2.0017,0.94
ANN,200,7,5,0.883333,1.7677,0.1383,2.0692,0.85
ANN,200,7,6,0.893333,2.0261,0.2698,2.4449,0.87
ANN,200,7,7,0.975,2.3016,0.2878,2.3459,0.88
ANN,200,7,8,0.94,1.9188,0.128,2.0336,0.88
ANN,200,7,9,0.901667,1.8248,0.1428,2.0492,0.84
ANN,200,7,-1,0.935,1.8878,0.095,1.9947,0.0
ANN,200,8,0,0.863333,1.7464,0.188,2.1015,0.85
ANN,200,8,1,0.936667,1.869,0.1192,1.9746,0.86
ANN,200,8,2,0.908333,1.7956,0.1146,1.9866,0.86
ANN,200,8,3,0.918333,1.8394,0.1041,1.968,0.86
ANN,200,8,4,0.918333,1.8239,0.1004,1.9821,0.87
ANN,200,8,5,0.981667,2.1085,0.1989,2.1559,0.86
ANN,200,8,6,0.903333,1.8266,0.1396,2.0282,0.87
ANN,200,8,7,0.901667,1.8132,0.1304,1.9816,0.86
ANN,200,8,8,0.851667,1.6683,0.1208,2.0403,0.84
ANN,200,8,9,0.895,1.8019,0.1257,1.9987,0.87
ANN,200,8,-1,0.921667,1.8293,0.0889,1.9431,0.0
ANN,200,9,0,0.935,1.8581,0.1074,1.9732,0.89
ANN,200,9,1,0.921667,1.8725,0.1454,2.0212,0.88
ANN,200,9,2,0.891667,1.7567,0.0992,1.9447,0.89
ANN,200,9,3,0.92,1.8716,0.1213,1.9684,0.87
ANN,200,9,4,0.9,1.788,0.1721,2.0582,0.86
ANN,200,9,5,0.903333,1.876,0.1421,2.0401,0.86
ANN,200,9,6,0.916667,2.4545,0.5458,2.6801,0.85
ANN,200,9,7,0.936667,1.9398,0.1646,2.0589,0.87
ANN,200,9,8,0.841667,1.6536,0.2229,2.2011,1.53
ANN,200,9,9,0.92,1.9487,0.2014,2.0881,1.66
ANN,200,9,-1,0.95,1.902,0.1035,1.9663,0.0
ANN,300,0,0,0.958333,1.9673,0.1366,2.0109,2.33
ANN,300,0,1,0.876667,1.7355,0.0736,1.9255,2.32
ANN,300,0,2,0.933333,2.0183,0.2202,2.1694,2.3
ANN,300,0,3,0.855,1.6717,0.0931,1.948,2.31
ANN,300,0,4,0.905,1.997,0.3032,2.3188,2.29
ANN,300,0,5,0.95,1.8884,0.0994,1.9621,2.3
ANN,300,0,6,0.928333,1.8465,0.1248,2.0103,2.3
ANN,300,0,7,0.875,1.7572,0.1357,2.0737,2.32
ANN,300,0,8,0.88,1.7294,0.1224,1.9854,2.32
ANN,300,0,9,0.981667,2.1619,0.2094,2.1732,2.3
ANN,300,0,-1,0.933333,1.8773,0.0979,1.958,0.0
ANN,300,1,0,0.901667,1.784,0.0995,1.9644,2.31
ANN,300,1,1,0.935,1.9121,0.114,1.9901,2.34
ANN,300,1,2,0.921667,1.8551,0.0868,1.941,2.41
ANN,300,1,3,0.896667,1.8737,0.1903,2.0824,2.4
ANN,300,1,4,0.916667,1.9687,0.2306,2.1498,2.41
ANN,300,1,5,0.93,1.9987,0.2176,2.147,2.4
ANN,300,1,6,0.945,1.9052,0.1042,1.9801,2.41
ANN,300,1,7,0.85,1.7368,0.1532,2.0655,2.36
ANN,300,1,8,0.881667,1.7656,0.1084,2.0003,2.3
ANN,300,1,9,0.868333,1.7273,0.087,1.9436,2.33
ANN,300,1,-1,0.923333,1.8527,0.0924,1.9441,0.0
ANN,300,2,0,0.873333,1.8347,0.1783,2.089,2.31
ANN,300,2,1,0.93,1.9208,0.1505,2.0177,2.29
ANN,300,2,2,0.798333,1.5796,0.1564,2.1135,2.25
ANN,300,2,3,0.85,1.6743,0.097,1.9548,2.26
ANN,300,2,4,0.865,1.8294,0.1977,2.2387,2.33
ANN,300,2,5,0.878333,1.8461,0.2077,2.1713,2.27
ANN,300,2,6,0.988333,2.169,0.225,2.1757,2.28
ANN,300,2,7,0.935,1.8899,0.126,1.9968,2.25
ANN,300,2,8,0.935,1.8863,0.1148,1.9968,2.26
ANN,300,2,9,0.878333,1.7507,0.1032,2.011,2.28
ANN,300,2,-1,0.93,1.8381,0.0713,1.9245,0.0
ANN,300,3,0,0.851667,1.6694,0.1211,2.0025,2.33
ANN,300,3,1,0.875,1.7163,0.0901,1.95,2.35
ANN,300,3,2,0.938333,1.8807,0.0975,1.9597,2.29
ANN,300,3,3,0.883333,1.7399,0.0973,1.9594,2.3
ANN,300,3,4,0.97,2.1445,0.216,2.1971,2.3
ANN,300,3,5,0.83,1.6416,0.1296,2.0401,2.25
ANN,300,3,6,0.828333,1.5898,0.1197,1.9966,2.32
ANN,300,3,7,0.858333,1.7253,0.1343,1.9971,2.33
ANN,300,3,8,0.825,1.6636,0.174,2.0961,2.28
ANN,300,3,9,0.865,1.7525,0.1543,2.1341,2.28
ANN,300,3,-1,0.891667,1.7524,0.0584,1.9131,0.0
ANN,300,4,0,0.971667,2.0061,0.1287,2.0302,2.26
ANN,300,4,1,0.938333,1.9832,0.1927,2.1402,2.29
ANN,300,4,2,0.913333,1.7941,0.1238,2.0373,2.27
ANN,300,4,3,0.938333,2.0312,0.1938,2.1633,2.29
ANN,300,4,4,0.943333,1.8878,0.1005,1.9863,2.32
ANN,300,4,5,0.896667,2.1888,0.4347,2.4562,2.25
ANN,300,4,6,0.921667,1.9547,0.1776,2.1273,2.3
ANN,300,4,7,0.926667,1.9556,0.1518,2.0944,2.28
ANN,300,4,8,0.891667,1.7707,0.0632,1.9058,2.28
ANN,300,4,9,0.976667,2.1882,0.2316,2.2373,2.32
ANN,300,4,-1,0.956667,1.976,0.1185,2.0422,0.0
ANN,300,5,0,0.771667,1.5134,0.1753,2.2294,2.27
ANN,300,5,1,0.886667,1.7372,0.1177,2.0189,2.29
ANN,300,5,2,0.865,1.7043,0.1185,2.0168,2.26
ANN,300,5,3,0.805,1.589,0.1518,2.0739,2.35
ANN,300,5,4,0.9,1.8011,0.1257,2.0045,2.3
ANN,300,5,5,0.956667,1.9322,0.1195,2.014,2.29
ANN,300,5,6,0.846667,1.6832,0.147,2.0958,2.33
ANN,300,5,7,0.823333,1.7106,0.2138,2.2263,2.3
ANN,300,5,8,0.896667,1.8373,0.1434,2.0291,2.3
ANN,300,5,9,0.81,1.5963,0.1849,2.2054,2.3
ANN,300,5,-1,0.873333,1.7105,0.1066,1.986,0.0
ANN,300,6,0,0.921667,1.9364,0.1699,2.0848,2.28
ANN,300,6,1,0.963333,1.9454,0.1007,1.9808,2.31
ANN,300,6,2,0.938333,1.9009,0.1011,1.9702,2.29
ANN,300,6,3,0.963333,2.1304,0.2157,2.187,2.29
ANN,300,6,4,0.983333,2.0582,0.1545,2.0798,2.31
ANN,300,6,5,0.943333,1.8696,0.0823,1.937,2.3
ANN,300,6,6,0.943333,1.9049,0.092,1.9766,2.31
ANN,300,6,7,0.946667,1.9209,0.1036,1.9884,2.29
ANN,300,6,8,0.958333,1.9546,0.1156,1.9987,2.29
ANN,300,6,9,0.921667,1.8318,0.0782,1.9392,1.33
ANN,300,6,-1,0.965,1.9453,0.0911,1.9723,0.0
ANN,300,7,0,0.848333,1.6534,0.1426,2.0412,1.22
ANN,300,7,1,0.873333,1.7205,0.0891,1.9624,1.26
ANN,300,7,2,0.82,1.6076,0.1256,2.0615,1.31
ANN,300,7,3,0.9,1.7824,0.1075,2.0212,1.3
ANN,300,7,4,0.965,2.0371,0.1616,2.0696,1.29
ANN,300,7,5,0.866667,1.745,0.1193,2.0176,1.28
ANN,300,7,6,0.876667,1.7328,0.0812,1.9638,1.4
ANN,300,7,7,0.918333,1.9308,0.1629,2.071,2.27
ANN,300,7,8,0.938333,1.9056,0.1206,1.99,2.36
ANN,300,7,9,0.94,1.9023,0.0953,1.9799,2.29
ANN,300,7,-1,0.906667,1.8017,0.0677,1.9401,0.0
ANN,300,8,0,0.898333,2.0046,0.2832,2.2476,2.34
ANN,300,8,1,0.856667,1.7309,0.1157,1.9936,2.32
ANN,300,8,2,0.885,1.7828,0.1288,2.0581,2.3
ANN,300,8,3,0.906667,1.8059,0.0817,1.9298,1.8
ANN,300,8,4,0.86,1.6994,0.1244,1.9818,1.28
ANN,300,8,5,0.895,1.7581,0.0678,1.905,1.26
ANN,300,8,6,0.936667,1.928,0.1173,2.0085,1.28
ANN,300,8,7,0.818333,1.6194,0.1342,1.9892,1.25
ANN,300,8,8,0.926667,1.939,0.1776,2.1196,1.26
ANN,300,8,9,0.903333,1.8249,0.1129,1.9748,1.37
ANN,300,8,-1,0.925,1.8093,0.0666,1.9123,0.0
ANN,300,9,0,0.936667,1.8988,0.1247,2.0252,2.29
ANN,300,9,1,0.901667,1.7982,0.0717,1.9305,2.27
ANN,300,9,2,0.816667,1.5838,0.1513,2.1293,2.28
ANN,300,9,3,0.895,1.8395,0.1576,2.0713,2.34
ANN,300,9,4,0.925,1.9196,0.1657,2.0609,2.3
ANN,300,9,5,0.911667,1.7968,0.0844,1.9406,2.3
ANN,300,9,6,0.981667,2.079,0.1648,2.092,2.27
ANN,300,9,7,0.888333,1.919,0.2193,2.2167,1.48
ANN,300,9,8,0.993333,2.3461,0.3,2.3499,1.22
ANN,300,9,9,0.875,1.7168,0.0764,1.9566,1.22
ANN,300,9,-1,0.936667,1.8898,0.0786,1.9592,0.0
ANN,400,0,0,0.933333,1.8596,0.0896,1.9689,1.61
ANN,400,0,1,0.943333,1.9745,0.1503,2.0848,1.63
ANN,400,0,2,0.865,1.7089,0.0943,1.9642,1.61
ANN,400,0,3,0.835,1.6579,0.1796,2.1187,1.64
ANN,400,0,4,0.936667,1.8887,0.1058,1.9945,2.03
ANN,400,0,5,0.96,1.9695,0.1345,2.0254,3.02
ANN,400,0,6,0.933333,1.8741,0.0993,1.986,1.65
ANN,400,0,7,0.92,1.899,0.1552,2.0353,1.59
ANN,400,0,8,0.99,2.163,0.2003,2.1706,1.66
ANN,400,0,9,0.878333,1.7117,0.1096,1.9769,1.61
ANN,400,0,-1,0.935,1.8707,0.0861,1.9683,0.0
ANN,400,1,0,0.965,2.0005,0.1558,2.0439,1.62
ANN,400,1,1,0.89,1.8126,0.1409,2.082,1.63
ANN,400,1,2,0.851667,1.6879,0.1082,2.0118,1.72
ANN,400,1,3,0.89,1.7928,0.1431,2.0652,1.62
ANN,400,1,4,0.846667,1.6596,0.1363,2.0134,1.63
ANN,400,1,5,0.915,1.8271,0.1253,1.9721,1.6
ANN,400,1,6,0.966667,1.9698,0.1217,2.014,1.6
ANN,400,1,7,0.863333,1.6962,0.1042,1.9725,1.68
ANN,400,1,8,0.915,1.812,0.0688,1.9425,1.62
ANN,400,1,9,0.883333,1.7535,0.1075,1.9894,1.59
ANN,400,1,-1,0.923333,1.8012,0.06,1.931,0.0
ANN,400,2,0,0.908333,1.8923,0.171,2.133,2.17
ANN,400,2,1,0.891667,1.7733,0.1297,2.0238,3.0
ANN,400,2,2,0.963333,1.9533,0.13,2.0126,2.96
ANN,400,2,3,0.808333,1.5883,0.1541,2.0743,2.98
ANN,400,2,4,0.868333,1.7231,0.1323,2.0576,2.94
ANN,400,2,5,0.925,1.9277,0.1679,2.1236,2.97
ANN,400,2,6,0.856667,1.6991,0.1386,2.0637,3.0
ANN,400,2,7,0.856667,1.7262,0.1738,2.1191,2.97
ANN,400,2,8,0.845,1.6886,0.1478,2.0728,3.0
ANN,400,2,9,0.846667,1.7036,0.1556,2.0833,2.99
ANN,400,2,-1,0.891667,1.7675,0.1064,1.9845,0.0
ANN,400,3,0,0.8,1.5948,0.1403,2.0669,2.99
ANN,400,3,1,0.921667,1.858,0.1077,1.9725,2.97
ANN,400,3,2,0.846667,1.6509,0.1318,2.0429,3.04
ANN,400,3,3,0.968333,1.9715,0.1168,2.009,2.98
ANN,400,3,4,0.8,1.5933,0.1729,2.183,2.97
ANN,400,3,5,0.891667,1.7538,0.0936,1.94,3.03
ANN,400,3,6,0.945,1.9018,0.1115,1.9909,3.05
ANN,400,3,7,0.945,1.9604,0.1264,2.0219,3.09
ANN,400,3,8,0.873333,1.722,0.1251,2.0027,3.05
ANN,400,3,9,0.99,2.2455,0.2498,2.2528,3.05
ANN,400,3,-1,0.93,1.8252,0.0586,1.9074,0.0
ANN,400,4,0,0.931667,1.8971,0.1137,1.9898,2.97
ANN,400,4,1,0.94,1.9863,0.1979,2.0805,2.57
ANN,400,4,2,0.893333,1.7592,0.085,1.9537,1.59
ANN,400,4,3,0.891667,1.7599,0.0737,1.9356,1.6
ANN,400,4,4,0.838333,1.6648,0.14,2.0252,1.68
ANN,400,4,5,0.953333,1.983,0.1462,2.0481,1.63
ANN,400,4,6,0.926667,2.0111,0.2283,2.1138,1.67
ANN,400,4,7,0.873333,1.7096,0.0928,1.95,1.58
ANN,400,4,8,0.925,1.8382,0.106,1.9682,1.59
ANN,400,4,9,0.906667,1.8211,0.1058,1.9702,1.68
ANN,400,4,-1,0.925,1.843,0.0926,1.9528,0.0
ANN,400,5,0,0.886667,1.829,0.1206,1.9927,1.6
ANN,400,5,1,0.875,1.8488,0.2064,2.1423,1.64
ANN,400,5,2,0.971667,2.106,0.2126,2.1475,1.58
ANN,400,5,3,0.921667,1.8165,0.0864,1.9247,1.7
ANN,400,5,4,0.983333,2.0167,0.1434,2.0299,1.6
ANN,400,5,5,0.958333,1.9255,0.0958,1.9607,1.67
ANN,400,5,6,0.926667,1.8553,0.0786,1.9542,1.61
ANN,400,5,7,0.965,1.9796,0.121,2.0096,1.57
ANN,400,5,8,0.921667,1.9183,0.1352,2.0677,1.7
ANN,400,5,9,0.92,1.8524,0.084,1.9531,1.59
ANN,400,5,-1,0.955,1.9148,0.0764,1.9486,0.0
ANN,400,6,0,0.948333,2.0028,0.1698,2.0757,1.59
ANN,400,6,1,0.92,1.8356,0.1089,1.9955,2.64
ANN,400,6,2,0.89,1.779,0.1053,1.9689,3.0
ANN,400,6,3,0.873333,1.7168,0.0812,1.9399,2.76
ANN,400,6,4,0.97,2.0058,0.1337,2.0313,2.81
ANN,400,6,5,0.853333,1.7037,0.1747,2.154,2.95
ANN,400,6,6,0.881667,1.754,0.0939,1.9475,3.0
ANN,400,6,7,0.908333,1.8624,0.1275,2.0345,3.0
ANN,400,6,8,0.865,1.6978,0.1002,1.9779,3.03
ANN,400,6,9,0.903333,1.7962,0.0715,1.9418,2.98
ANN,400,6,-1,0.916667,1.8154,0.0706,1.9237,0.0
ANN,400,7,0,0.968333,1.9804,0.1374,2.0074,3.01
ANN,400,7,1,0.96,2.0241,0.178,2.0864,3.03
ANN,400,7,2,0.868333,1.7381,0.1402,2.0185,2.99
ANN,400,7,3,0.916667,1.8365,0.1056,1.9602,2.81
ANN,400,7,4,0.936667,1.9558,0.1341,2.0256,1.62
ANN,400,7,5,0.916667,1.8058,0.093,1.9317,1.6
ANN,400,7,6,0.883333,1.8433,0.2066,2.1405,1.61
ANN,400,7,7,0.895,1.7815,0.1592,2.034,1.58
ANN,400,7,8,0.903333,1.7816,0.0653,1.921,1.59
ANN,400,7,9,0.96,2.0312,0.1913,2.0966,1.63
ANN,400,7,-1,0.938333,1.8778,0.0771,1.9398,0.0
ANN,400,8,0,0.883333,1.82,0.1611,2.1067,1.59
ANN,400,8,1,0.93,1.9134,0.174,2.1264,1.64
ANN,400,8,2,0.86,1.7769,0.19,2.2302,1.64
ANN,400,8,3,0.828333,1.6955,0.1553,2.1296,1.79
ANN,400,8,4,0.86,1.7566,0.1871,2.1039,1.87
ANN,400,8,5,0.848333,1.6564,0.1194,2.0577,1.62
ANN,400,8,6,0.901667,1.7878,0.0652,1.9604,1.62
ANN,400,8,7,0.906667,1.8965,0.1841,2.147,1.59
ANN,400,8,8,0.95,1.9709,0.1335,2.0767,1.62
ANN,400,8,9,0.871667,1.7156,0.125,2.0373,1.61
ANN,400,8,-1,0.9,1.799,0.0778,1.979,0.0
ANN,400,9,0,0.891667,1.8431,0.2008,2.1523,1.6
ANN,400,9,1,0.833333,1.6451,0.1422,2.1066,1.61
ANN,400,9,2,0.915,1.8475,0.123,2.0013,1.63
ANN,400,9,3,0.96,2.0004,0.1394,2.0343,1.6
ANN,400,9,4,0.901667,1.9065,0.1857,2.1098,1.6
ANN,400,9,5,0.97,2.1148,0.2246,2.1404,1.58
ANN,400,9,6,0.901667,1.8917,0.1969,2.0657,1.61
ANN,400,9,7,0.938333,1.8977,0.1195,1.9945,1.6
ANN,400,9,8,0.931667,1.9032,0.1221,2.0065,1.6
ANN,400,9,9,0.951667,1.9167,0.1109,1.9923,1.59
ANN,400,9,-1,0.945,1.8967,0.0911,1.9537,0.0
ANN,800,0,0,0.931667,1.8452,0.0645,1.9173,3.07
ANN,800,0,1,0.946667,1.9153,0.0864,1.9702,3.09
ANN,800,0,2,0.96,1.9458,0.109,1.9857,3.09
ANN,800,0,3,0.93,1.85,0.0628,1.9182,3.1
ANN,800,0,4,0.876667,1.7173,0.0655,1.9211,3.17
ANN,800,0,5,0.908333,1.7934,0.0604,1.9307,3.26
ANN,800,0,6,0.865,1.7114,0.1125,1.9954,3.16
ANN,800,0,7,0.966667,1.9429,0.0973,1.9851,3.15
ANN,800,0,8,0.951667,1.9396,0.1179,2.0074,3.37
ANN,800,0,9,0.89,1.7771,0.0635,1.9194,3.17
ANN,800,0,-1,0.933333,1.8438,0.0399,1.9101,0.0
ANN,800,1,0,0.903333,1.8252,0.0988,1.9861,3.12
ANN,800,1,1,0.965,1.9475,0.0853,1.9829,3.21
ANN,800,1,2,0.895,1.759,0.0522,1.896,3.14
ANN,800,1,3,0.885,1.749,0.0496,1.9009,3.15
ANN,800,1,4,0.848333,1.666,0.1056,2.0192,3.09
ANN,800,1,5,0.895,1.7785,0.1231,1.9918,3.1
ANN,800,1,6,0.928333,1.9201,0.1574,2.0481,2.99
ANN,800,1,7,0.911667,1.8125,0.0835,1.9522,2.53
ANN,800,1,8,0.916667,1.8332,0.1044,1.9777,3.12
ANN,800,1,9,0.835,1.6785,0.1083,1.9787,2.98
ANN,800,1,-1,0.915,1.797,0.042,1.905,0.0
ANN,800,2,0,0.901667,1.7902,0.0943,1.9586,3.08
ANN,800,2,1,0.86,1.6967,0.0697,1.9203,3.04
ANN,800,2,2,0.903333,1.8402,0.1562,2.0408,3.16
ANN,800,2,3,0.951667,1.8978,0.0692,1.9629,3.17
ANN,800,2,4,0.87,1.6841,0.1431,2.0625,3.18
ANN,800,2,5,0.903333,1.8367,0.1139,1.9865,3.07
ANN,800,2,6,0.9,1.7541,0.0678,1.9325,3.21
ANN,800,2,7,0.936667,1.8438,0.0449,1.9205,3.12
ANN,800,2,8,0.905,1.7731,0.0614,1.9165,3.13
ANN,800,2,9,0.895,1.7704,0.1149,2.0196,3.07
ANN,800,2,-1,0.911667,1.7887,0.053,1.9085,0.0
ANN,800,3,0,0.925,1.9735,0.1718,2.0977,3.1
ANN,800,3,1,0.913333,1.8076,0.0805,1.9379,3.11
ANN,800,3,2,0.936667,1.9948,0.1931,2.1375,3.25
ANN,800,3,3,0.883333,1.7924,0.1485,2.0528,3.29
ANN,800,3,4,0.938333,1.8789,0.1029,1.9679,3.28
ANN,800,3,5,0.93,1.8389,0.0689,1.9244,3.24
ANN,800,3,6,0.931667,1.8744,0.1194,1.9776,3.51
ANN,800,3,7,0.83,1.658,0.1628,2.114,5.86
ANN,800,3,8,0.875,1.7062,0.0992,1.9943,5.8
ANN,800,3,9,0.896667,1.7865,0.1053,1.9778,5.75
ANN,800,3,-1,0.92,1.8311,0.0799,1.9338,0.0
ANN,800,4,0,0.871667,1.7184,0.1143,2.0179,5.77
ANN,800,4,1,0.906667,1.9285,0.2199,2.2342,5.82
ANN,800,4,2,0.875,1.7329,0.0673,1.9413,6.26
ANN,800,4,3,0.871667,1.7497,0.1593,2.1665,4.62
ANN,800,4,4,0.891667,1.7956,0.1218,2.0239,3.19
ANN,800,4,5,0.893333,1.7349,0.0726,1.9259,3.15
ANN,800,4,6,0.96,1.9696,0.1209,2.0263,3.15
ANN,800,4,7,0.965,2.0323,0.1581,2.0648,3.15
ANN,800,4,8,0.903333,1.7997,0.069,1.9289,3.14
ANN,800,4,9,0.91,1.8236,0.1102,2.0064,3.27
ANN,800,4,-1,0.928333,1.8285,0.0533,1.9361,0.0
ANN,800,5,0,0.858333,1.6852,0.103,1.9582,3.27
ANN,800,5,1,0.871667,1.7088,0.1092,1.963,5.46
ANN,800,5,2,0.916667,1.8659,0.1201,2.0022,3.23
ANN,800,5,3,0.878333,1.7936,0.1806,2.1964,2.65
ANN,800,5,4,0.938333,1.8842,0.0954,1.9665,3.08
ANN,800,5,5,0.871667,1.704,0.099,1.9427,3.18
ANN,800,5,6,0.898333,1.7754,0.0948,1.9363,3.13
ANN,800,5,7,0.88,1.7363,0.0966,1.9774,3.18
ANN,800,5,8,0.911667,1.8,0.0687,1.929,3.19
ANN,800,5,9,0.841667,1.6996,0.0909,1.964,3.53
ANN,800,5,-1,0.896667,1.7653,0.062,1.913,0.0
ANN,800,6,0,0.915,1.9429,0.196,2.0959,5.71
ANN,800,6,1,0.84,1.6517,0.109,2.0045,5.72
ANN,800,6,2,0.868333,1.7447,0.1104,2.0043,4.37
ANN,800,6,3,0.923333,1.8312,0.0919,1.951,3.22
ANN,800,6,4,0.941667,1.9164,0.1031,1.9893,3.23
ANN,800,6,5,0.9,1.7839,0.1152,2.0103,3.22
ANN,800,6,6,0.943333,1.9453,0.122,2.0365,3.26
ANN,800,6,7,0.943333,1.9167,0.1177,2.0059,3.18
ANN,800,6,8,0.89,1.7813,0.1037,2.0655,3.24
ANN,800,6,9,0.92,1.8074,0.082,1.9403,4.11
ANN,800,6,-1,0.925,1.8322,0.0637,1.9276,0.0
ANN,800,7,0,0.878333,1.7393,0.0822,1.9439,5.84
ANN,800,7,1,0.828333,1.6237,0.1317,2.0682,5.26
ANN,800,7,2,0.893333,1.7762,0.1061,2.0047,3.22
ANN,800,7,3,0.85,1.6597,0.1,1.9843,3.21
ANN,800,7,4,0.925,1.8256,0.0698,1.9414,3.21
ANN,800,7,5,0.968333,1.9846,0.1224,2.0205,3.21
ANN,800,7,6,0.888333,1.7519,0.0805,1.95,3.25
ANN,800,7,7,0.971667,2.0232,0.1564,2.073,4.69
ANN,800,7,8,0.873333,1.7187,0.1102,2.074,3.18
ANN,800,7,9,0.96,1.977,0.1414,2.0349,3.19
ANN,800,7,-1,0.91,1.808,0.055,1.9286,0.0
ANN,800,8,0,0.905,1.7604,0.0599,1.9121,3.16
ANN,800,8,1,0.98,2.0422,0.139,2.0527,3.17
ANN,800,8,2,0.916667,1.815,0.0655,1.914,3.2
ANN,800,8,3,0.873333,1.7113,0.0733,1.9147,3.19
ANN,800,8,4,0.858333,1.6997,0.1166,2.0024,3.21
ANN,800,8,5,0.941667,1.899,0.1354,2.0214,3.2
ANN,800,8,6,0.91,1.7836,0.0751,1.9225,3.17
ANN,800,8,7,0.92,1.7968,0.0436,1.9013,3.22
ANN,800,8,8,0.901667,1.8544,0.1555,2.1009,3.19
ANN,800,8,9,0.908333,1.7755,0.0942,1.9505,3.19
ANN,800,8,-1,0.92,1.8138,0.0517,1.918,0.0
ANN,800,9,0,0.88,1.7177,0.0678,1.9233,3.22
ANN,800,9,1,0.87,1.7342,0.1084,1.9884,3.25
ANN,800,9,2,0.958333,2.0578,0.1768,2.1021,3.23
ANN,800,9,3,0.941667,1.8631,0.0665,1.9276,3.23
ANN,800,9,4,0.898333,1.7839,0.0795,1.9514,3.2
ANN,800,9,5,0.896667,1.7361,0.0945,1.9527,3.2
ANN,800,9,6,0.881667,1.7349,0.1046,1.977,3.22
ANN,800,9,7,0.913333,1.8154,0.0559,1.9343,3.19
ANN,800,9,8,0.928333,1.8376,0.1145,1.9973,3.25
ANN,800,9,9,0.913333,1.8164,0.0652,1.9282,3.24
ANN,800,9,-1,0.915,1.8097,0.0409,1.9094,0.0
QRF,50,0,0,0.863333,1.8106,0.2064,2.222,0.26
QRF,50,0,1,0.863333,1.8242,0.2188,2.264,0.27
QRF,50,0,2,0.863333,1.8107,0.215,2.2503,0.26
QRF,50,0,3,0.846667,1.791,0.22,2.2692,0.26
QRF,50,0,4,0.858333,1.7989,0.217,2.2696,0.26
QRF,50,0,5,0.845,1.7658,0.2129,2.2707,0.25
QRF,50,0,6,0.868333,1.8377,0.2298,2.2711,0.26
QRF,50,0,7,0.848333,1.7895,0.225,2.296,0.26
QRF,50,0,8,0.866667,1.8469,0.2297,2.2834,0.26
QRF,50,0,9,0.866667,1.8398,0.2294,2.2856,0.25
QRF,50,0,-1,0.866667,1.8115,0.2036,2.2135,0.0
QRF,50,1,0,0.798333,1.668,0.2922,2.568,0.26
QRF,50,1,1,0.803333,1.6806,0.2914,2.6115,0.25
QRF,50,1,2,0.821667,1.7218,0.266,2.3846,0.26
QRF,50,1,3,0.823333,1.7323,0.2528,2.3338,0.25
QRF,50,1,4,0.831667,1.7464,0.2496,2.3332,0.27
QRF,50,1,5,0.831667,1.7384,0.252,2.3265,0.26
QRF,50,1,6,0.84,1.7566,0.2452,2.311,0.25
QRF,50,1,7,0.8,1.6761,0.2904,2.5402,0.26
QRF,50,1,8,0.836667,1.7373,0.2495,2.3226,0.26
QRF,50,1,9,0.813333,1.6918,0.2759,2.4946,0.27
QRF,50,1,-1,0.821667,1.715,0.2582,2.3824,0.0
QRF,50,2,0,0.833333,1.7386,0.2498,2.2446,0.25
QRF,50,2,1,0.861667,1.7709,0.2112,2.1623,0.26
QRF,50,2,2,0.83,1.7322,0.2509,2.3053,0.25
QRF,50,2,3,0.861667,1.7848,0.2236,2.1865,0.27
QRF,50,2,4,0.856667,1.7829,0.222,2.1965,0.25
QRF,50,2,5,0.833333,1.7262,0.2355,2.302,0.26
QRF,50,2,6,0.853333,1.7821,0.2322,2.2797,0.25
QRF,50,2,7,0.835,1.7387,0.2418,2.3121,0.26
QRF,50,2,8,0.815,1.69,0.2422,2.3362,0.27
QRF,50,2,9,0.873333,1.8075,0.2179,2.1746,0.27
QRF,50,2,-1,0.846667,1.7554,0.2186,2.1988,0.0
QRF,50,3,0,0.768333,1.5475,0.261,2.4952,0.26
QRF,50,3,1,0.781667,1.5553,0.2463,2.4233,0.25
QRF,50,3,2,0.801667,1.5865,0.222,2.3106,0.25
QRF,50,3,3,0.806667,1.6097,0.2219,2.3158,0.25
QRF,50,3,4,0.768333,1.5557,0.2603,2.4641,0.25
QRF,50,3,5,0.808333,1.6018,0.2218,2.3386,0.25
QRF,50,3,6,0.786667,1.5614,0.2271,2.3177,0.25
QRF,50,3,7,0.751667,1.4971,0.2785,2.5678,0.25
QRF,50,3,8,0.778333,1.5437,0.2476,2.464,0.25
QRF,50,3,9,0.751667,1.5082,0.28,2.5793,0.26
QRF,50,3,-1,0.783333,1.5567,0.2364,2.3778,0.0
QRF,50,4,0,0.923333,1.9076,0.1787,2.087,0.25
QRF,50,4,1,0.931667,1.9434,0.1818,2.0977,0.27
QRF,50,4,2,0.928333,1.9372,0.1869,2.0962,0.25
QRF,50,4,3,0.928333,1.9411,0.1858,2.0998,0.25
QRF,50,4,4,0.925,1.9369,0.1803,2.0984,0.26
QRF,50,4,5,0.931667,1.9421,0.179,2.0901,0.25
QRF,50,4,6,0.925,1.9312,0.1758,2.0806,0.26
QRF,50,4,7,0.93,1.9076,0.162,2.0438,0.25
QRF,50,4,8,0.94,1.9742,0.1869,2.1009,0.26
QRF,50,4,9,0.935,1.9628,0.1854,2.1054,0.25
QRF,50,4,-1,0.931667,1.9384,0.1708,2.0792,0.0
QRF,50,5,0,0.885,1.8342,0.1915,2.1181,0.26
QRF,50,5,1,0.89,1.8496,0.1773,2.1103,0.25
QRF,50,5,2,0.89,1.8202,0.1883,2.085,0.26
QRF,50,5,3,0.9,1.882,0.2028,2.1047,0.26
QRF,50,5,4,0.901667,1.849,0.18,2.0735,0.26
QRF,50,5,5,0.905,1.8602,0.1773,2.0845,0.25
QRF,50,5,6,0.871667,1.8276,0.2125,2.2187,0.26
QRF,50,5,7,0.886667,1.8301,0.191,2.1073,0.25
QRF,50,5,8,0.898333,1.8554,0.1802,2.0987,0.25
QRF,50,5,9,0.883333,1.8434,0.1971,2.1523,0.25
QRF,50,5,-1,0.898333,1.8452,0.1729,2.0698,0.0
QRF,50,6,0,0.753333,1.5227,0.3795,2.8918,0.26
QRF,50,6,1,0.761667,1.5838,0.3556,2.7335,0.26
QRF,50,6,2,0.806667,1.6307,0.3286,2.5789,0.25
QRF,50,6,3,0.776667,1.5699,0.3295,2.6049,0.25
QRF,50,6,4,0.775,1.5669,0.3399,2.6743,0.26
QRF,50,6,5,0.763333,1.5439,0.3456,2.7049,0.26
QRF,50,6,6,0.758333,1.5524,0.3554,2.7464,0.39
QRF,50,6,7,0.785,1.5891,0.3247,2.5738,0.47
QRF,50,6,8,0.781667,1.5811,0.3304,2.5981,0.47
QRF,50,6,9,0.748333,1.524,0.3815,2.9148,0.47
QRF,50,6,-1,0.778333,1.5665,0.3386,2.6464,0.0
QRF,50,7,0,0.906667,1.8971,0.2006,2.1715,0.48
QRF,50,7,1,0.908333,1.8815,0.1957,2.1757,0.49
QRF,50,7,2,0.905,1.8603,0.1936,2.188,0.49
QRF,50,7,3,0.895,1.873,0.2172,2.2879,0.49
QRF,50,7,4,0.881667,1.8484,0.2245,2.3036,0.49
QRF,50,7,5,0.873333,1.824,0.2281,2.3639,0.48
QRF,50,7,6,0.896667,1.8815,0.2233,2.2642,0.48
QRF,50,7,7,0.86,1.7966,0.2291,2.3658,0.47
QRF,50,7,8,0.85,1.7404,0.2272,2.3827,0.48
QRF,50,7,9,0.883333,1.85,0.2052,2.2353,0.49
QRF,50,7,-1,0.9,1.8453,0.1804,2.1661,0.0
QRF,50,8,0,0.821667,1.6693,0.2511,2.2436,0.48
QRF,50,8,1,0.798333,1.6304,0.2643,2.3588,0.48
QRF,50,8,2,0.805,1.6268,0.2785,2.414,0.48
QRF,50,8,3,0.851667,1.735,0.2339,2.2866,0.47
QRF,50,8,4,0.861667,1.7585,0.2268,2.2433,0.48
QRF,50,8,5,0.835,1.717,0.2387,2.2765,0.48
QRF,50,8,6,0.825,1.681,0.2462,2.3249,0.49
QRF,50,8,7,0.833333,1.6859,0.2455,2.2975,0.48
QRF,50,8,8,0.826667,1.6812,0.2542,2.3374,0.48
QRF,50,8,9,0.815,1.6907,0.2515,2.3627,0.49
QRF,50,8,-1,0.833333,1.6876,0.2335,2.2392,0.0
QRF,50,9,0,0.926667,1.9522,0.2071,2.0849,0.47
QRF,50,9,1,0.938333,1.9575,0.1939,2.0654,0.48
QRF,50,9,2,0.91,1.9053,0.2139,2.1196,0.47
QRF,50,9,3,0.89,1.8715,0.2197,2.1378,0.48
QRF,50,9,4,0.898333,1.8735,0.2151,2.1189,0.47
QRF,50,9,5,0.933333,1.9655,0.1964,2.0768,0.47
QRF,50,9,6,0.903333,1.9044,0.2122,2.1158,0.47
QRF,50,9,7,0.898333,1.8866,0.2267,2.1308,0.47
QRF,50,9,8,0.935,1.9866,0.2227,2.1138,0.47
QRF,50,9,9,0.918333,1.9336,0.202,2.0825,0.47
QRF,50,9,-1,0.926667,1.9237,0.1926,2.0541,0.0
QRF,100,0,0,0.901667,1.775,0.131,2.0587,0.47
QRF,100,0,1,0.9,1.7545,0.1266,2.039,0.47
QRF,100,0,2,0.881667,1.7426,0.1316,2.0702,0.47
QRF,100,0,3,0.885,1.7571,0.1374,2.0511,0.47
QRF,100,0,4,0.893333,1.755,0.1337,2.0835,0.47
QRF,100,0,5,0.871667,1.7502,0.1437,2.0896,0.46
QRF,100,0,6,0.878333,1.7305,0.1234,2.044,0.47
QRF,100,0,7,0.878333,1.7391,0.1302,2.059,0.47
QRF,100,0,8,0.87,1.7465,0.1532,2.1135,0.48
QRF,100,0,9,0.893333,1.773,0.1383,2.0734,0.47
QRF,100,0,-1,0.893333,1.7524,0.1227,2.0374,0.0
QRF,100,1,0,0.855,1.7364,0.1695,2.2041,0.47
QRF,100,1,1,0.868333,1.7636,0.1442,2.1114,0.47
QRF,100,1,2,0.876667,1.7783,0.145,2.0712,0.49
QRF,100,1,3,0.88,1.7823,0.1482,2.1293,0.47
QRF,100,1,4,0.873333,1.778,0.1468,2.1257,0.48
QRF,100,1,5,0.858333,1.7506,0.1663,2.1653,0.48
QRF,100,1,6,0.88,1.7836,0.1446,2.0939,0.48
QRF,100,1,7,0.865,1.7672,0.1456,2.0885,0.47
QRF,100,1,8,0.853333,1.7469,0.1627,2.1581,0.48
QRF,100,1,9,0.878333,1.7952,0.1453,2.0849,0.47
QRF,100,1,-1,0.871667,1.7682,0.131,2.0613,0.0
QRF,100,2,0,0.866667,1.7208,0.1429,2.0817,0.48
QRF,100,2,1,0.876667,1.74,0.1483,2.0992,0.47
QRF,100,2,2,0.878333,1.7391,0.1393,2.0728,0.47
QRF,100,2,3,0.878333,1.7422,0.1442,2.0848,0.47
QRF,100,2,4,0.873333,1.738,0.1424,2.105,0.47
QRF,100,2,5,0.87,1.7244,0.143,2.0824,0.47
QRF,100,2,6,0.888333,1.7531,0.132,2.0499,0.47
QRF,100,2,7,0.875,1.7325,0.1366,2.0617,0.47
QRF,100,2,8,0.868333,1.7242,0.1417,2.0946,0.47
QRF,100,2,9,0.876667,1.7404,0.1365,2.0726,0.48
QRF,100,2,-1,0.876667,1.7355,0.1317,2.0594,0.0
QRF,100,3,0,0.85,1.7563,0.1638,2.1291,0.48
QRF,100,3,1,0.846667,1.7465,0.1617,2.1157,0.48
QRF,100,3,2,0.855,1.7495,0.1537,2.1003,0.47
QRF,100,3,3,0.855,1.747,0.1625,2.1236,0.59
QRF,100,3,4,0.856667,1.7586,0.1706,2.1207,0.48
QRF,100,3,5,0.855,1.7415,0.1609,2.1,0.47
QRF,100,3,6,0.863333,1.7606,0.1568,2.099,0.48
QRF,100,3,7,0.863333,1.7547,0.153,2.0878,0.48
QRF,100,3,8,0.846667,1.7493,0.163,2.1323,0.48
QRF,100,3,9,0.851667,1.7532,0.1568,2.1015,0.49
QRF,100,3,-1,0.856667,1.7517,0.1529,2.0933,0.0
QRF,100,4,0,0.835,1.6889,0.1812,2.3103,0.47
QRF,100,4,1,0.825,1.6621,0.1993,2.3673,0.47
QRF,100,4,2,0.838333,1.679,0.1826,2.3013,0.46
QRF,100,4,3,0.83,1.6569,0.1966,2.4044,0.46
QRF,100,4,4,0.826667,1.6614,0.1995,2.3681,0.47
QRF,100,4,5,0.831667,1.6691,0.1702,2.2441,0.47
QRF,100,4,6,0.838333,1.705,0.1968,2.3715,0.47
QRF,100,4,7,0.818333,1.65,0.1852,2.2941,0.47
QRF,100,4,8,0.83,1.6645,0.2001,2.3834,0.48
QRF,100,4,9,0.841667,1.7069,0.1806,2.2701,0.47
QRF,100,4,-1,0.835,1.6744,0.1791,2.3168,0.0
QRF,100,5,0,0.86,1.73,0.1685,2.1545,0.46
QRF,100,5,1,0.86,1.7327,0.1883,2.168,0.47
QRF,100,5,2,0.861667,1.7347,0.1711,2.1528,0.46
QRF,100,5,3,0.868333,1.7403,0.1725,2.1502,0.48
QRF,100,5,4,0.863333,1.7283,0.1715,2.1323,0.46
QRF,100,5,5,0.865,1.7454,0.1701,2.1426,0.47
QRF,100,5,6,0.866667,1.7516,0.1733,2.1201,0.47
QRF,100,5,7,0.863333,1.7267,0.1714,2.1532,0.46
QRF,100,5,8,0.866667,1.736,0.1732,2.1556,0.47
QRF,100,5,9,0.861667,1.722,0.1692,2.1267,0.46
QRF,100,5,-1,0.875,1.7348,0.1642,2.1223,0.0
QRF,100,6,0,0.783333,1.5384,0.2421,2.4018,0.47
QRF,100,6,1,0.781667,1.5374,0.2547,2.534,0.47
QRF,100,6,2,0.78,1.5323,0.26,2.5076,0.47
QRF,100,6,3,0.783333,1.537,0.2492,2.4322,0.47
QRF,100,6,4,0.786667,1.5381,0.2487,2.4899,0.47
QRF,100,6,5,0.813333,1.5791,0.2202,2.3471,0.47
QRF,100,6,6,0.796667,1.5659,0.2232,2.3132,0.47
QRF,100,6,7,0.78,1.5309,0.2566,2.4996,0.46
QRF,100,6,8,0.785,1.5443,0.2398,2.3961,0.46
QRF,100,6,9,0.795,1.5527,0.2259,2.3511,0.46
QRF,100,6,-1,0.785,1.5456,0.2345,2.3787,0.0
QRF,100,7,0,0.883333,1.7853,0.1256,2.0701,0.47
QRF,100,7,1,0.89,1.7959,0.1295,2.0658,0.47
QRF,100,7,2,0.886667,1.7921,0.1196,2.041,0.46
QRF,100,7,3,0.891667,1.8025,0.1234,2.0416,0.48
QRF,100,7,4,0.87,1.7466,0.1273,2.0591,0.46
QRF,100,7,5,0.871667,1.7489,0.1297,2.0607,0.48
QRF,100,7,6,0.886667,1.7971,0.1269,2.0655,0.47
QRF,100,7,7,0.875,1.7542,0.1349,2.0917,0.47
QRF,100,7,8,0.888333,1.7874,0.1225,2.0421,0.47
QRF,100,7,9,0.876667,1.7734,0.1252,2.0564,0.48
QRF,100,7,-1,0.886667,1.7783,0.1139,2.0355,0.0
QRF,100,8,0,0.886667,1.7782,0.1462,2.0857,0.47
QRF,100,8,1,0.881667,1.7689,0.1448,2.0857,0.48
QRF,100,8,2,0.87,1.7562,0.1819,2.2194,0.49
QRF,100,8,3,0.88,1.7599,0.1548,2.1501,0.47
QRF,100,8,4,0.876667,1.7432,0.1437,2.0941,0.48
QRF,100,8,5,0.863333,1.7281,0.1588,2.2042,0.48
QRF,100,8,6,0.878333,1.7862,0.1788,2.1868,0.47
QRF,100,8,7,0.866667,1.7434,0.1732,2.1875,0.47
QRF,100,8,8,0.858333,1.745,0.169,2.2029,0.47
QRF,100,8,9,0.875,1.766,0.1648,2.1372,0.45
QRF,100,8,-1,0.876667,1.7575,0.1507,2.1286,0.0
QRF,100,9,0,0.768333,1.5446,0.2229,2.3918,0.4
QRF,100,9,1,0.768333,1.5704,0.2333,2.4937,0.4
QRF,100,9,2,0.786667,1.5665,0.204,2.2515,0.39
QRF,100,9,3,0.766667,1.5314,0.235,2.431,0.43
QRF,100,9,4,0.795,1.5723,0.2185,2.3508,0.44
QRF,100,9,5,0.805,1.6001,0.1926,2.2245,0.42
QRF,100,9,6,0.785,1.584,0.2136,2.3428,0.39
QRF,100,9,7,0.78,1.5705,0.2209,2.3911,0.39
QRF,100,9,8,0.771667,1.5368,0.2309,2.4197,0.37
QRF,100,9,9,0.79,1.5652,0.2201,2.3738,0.42
QRF,100,9,-1,0.78,1.5642,0.2111,2.3249,0.0
QRF,200,0,0,0.853333,1.6326,0.1742,2.1006,0.43
QRF,200,0,1,0.846667,1.6263,0.1788,2.1114,0.41
QRF,200,0,2,0.848333,1.6415,0.1761,2.1386,0.36
QRF,200,0,3,0.836667,1.6299,0.1855,2.152,0.34
QRF,200,0,4,0.835,1.6283,0.1839,2.1561,0.38
QRF,200,0,5,0.838333,1.6235,0.1795,2.1435,0.37
QRF,200,0,6,0.85,1.6279,0.1749,2.1049,0.42
QRF,200,0,7,0.84,1.6298,0.1812,2.1151,0.36
QRF,200,0,8,0.841667,1.6313,0.1838,2.1582,0.38
QRF,200,0,9,0.843333,1.6337,0.1812,2.1347,0.37
QRF,200,0,-1,0.843333,1.6305,0.172,2.1014,0.0
QRF,200,1,0,0.853333,1.665,0.1727,2.1729,0.38
QRF,200,1,1,0.85,1.6587,0.1836,2.2018,0.35
QRF,200,1,2,0.838333,1.6544,0.1934,2.2407,0.36
QRF,200,1,3,0.843333,1.6593,0.1824,2.1648,0.36
QRF,200,1,4,0.85,1.6638,0.1774,2.2216,0.38
QRF,200,1,5,0.83,1.6279,0.2035,2.256,0.39
QRF,200,1,6,0.836667,1.6465,0.1877,2.1574,0.4
QRF,200,1,7,0.843333,1.6449,0.1915,2.1746,0.37
QRF,200,1,8,0.836667,1.6427,0.2029,2.2392,0.38
QRF,200,1,9,0.851667,1.6644,0.1756,2.1586,0.39
QRF,200,1,-1,0.84,1.6528,0.1773,2.169,0.0
QRF,200,2,0,0.873333,1.7413,0.1333,2.0568,0.42
QRF,200,2,1,0.876667,1.7418,0.1302,2.0566,0.38
QRF,200,2,2,0.881667,1.7439,0.1204,2.0409,0.38
QRF,200,2,3,0.88,1.7496,0.1253,2.0424,0.37
QRF,200,2,4,0.866667,1.7254,0.1333,2.0683,0.38
QRF,200,2,5,0.873333,1.7323,0.1364,2.0608,0.38
QRF,200,2,6,0.87,1.7197,0.1337,2.0606,0.34
QRF,200,2,7,0.873333,1.736,0.1253,2.0589,0.35
QRF,200,2,8,0.88,1.7433,0.1267,2.0589,0.36
QRF,200,2,9,0.873333,1.7379,0.1261,2.0593,0.36
QRF,200,2,-1,0.873333,1.7371,0.12,2.0374,0.0
QRF,200,3,0,0.836667,1.6952,0.1835,2.147,0.35
QRF,200,3,1,0.836667,1.6846,0.18,2.1538,0.35
QRF,200,3,2,0.838333,1.7016,0.1794,2.1742,0.38
QRF,200,3,3,0.84,1.7011,0.1859,2.171,0.36
QRF,200,3,4,0.828333,1.6735,0.1844,2.1774,0.38
QRF,200,3,5,0.845,1.7127,0.181,2.1379,0.36
QRF,200,3,6,0.835,1.6763,0.1975,2.2011,0.36
QRF,200,3,7,0.838333,1.6954,0.1862,2.1683,0.35
QRF,200,3,8,0.836667,1.6993,0.185,2.1449,0.43
QRF,200,3,9,0.835,1.6866,0.1911,2.2154,0.34
QRF,200,3,-1,0.838333,1.6926,0.1796,2.1518,0.0
QRF,200,4,0,0.82,1.6012,0.193,2.1719,0.36
QRF,200,4,1,0.813333,1.5883,0.1961,2.1677,0.38
QRF,200,4,2,0.818333,1.6063,0.1879,2.1725,0.37
QRF,200,4,3,0.816667,1.5985,0.1895,2.1938,0.39
QRF,200,4,4,0.813333,1.6034,0.1827,2.1564,0.35
QRF,200,4,5,0.83,1.6398,0.1742,2.1421,0.36
QRF,200,4,6,0.821667,1.6172,0.181,2.1521,0.36
QRF,200,4,7,0.813333,1.6138,0.1846,2.1849,0.37
QRF,200,4,8,0.818333,1.6011,0.1823,2.1461,0.4
QRF,200,4,9,0.831667,1.6164,0.1849,2.1461,0.39
QRF,200,4,-1,0.821667,1.6086,0.1791,2.1448,0.0
QRF,200,5,0,0.815,1.6764,0.1525,2.1016,0.42
QRF,200,5,1,0.82,1.6716,0.1433,2.1011,0.36
QRF,200,5,2,0.82,1.6743,0.144,2.0874,0.39
QRF,200,5,3,0.82,1.658,0.1604,2.1676,0.38
QRF,200,5,4,0.823333,1.6732,0.1504,2.1303,0.38
QRF,200,5,5,0.81,1.662,0.1555,2.1575,0.36
QRF,200,5,6,0.826667,1.6704,0.155,2.1154,0.36
QRF,200,5,7,0.81,1.6713,0.1425,2.1209,0.41
QRF,200,5,8,0.818333,1.6785,0.1441,2.0949,0.38
QRF,200,5,9,0.821667,1.6749,0.1436,2.088,0.4
QRF,200,5,-1,0.823333,1.6711,0.1427,2.0961,0.0
QRF,200,6,0,0.815,1.6097,0.2046,2.2858,0.38
QRF,200,6,1,0.823333,1.6113,0.2043,2.3239,0.43
QRF,200,6,2,0.818333,1.6197,0.2052,2.3419,0.42
QRF,200,6,3,0.811667,1.6075,0.204,2.3368,0.41
QRF,200,6,4,0.825,1.6162,0.2042,2.3177,0.36
QRF,200,6,5,0.815,1.6151,0.2116,2.4078,0.41
QRF,200,6,6,0.828333,1.6348,0.187,2.23,0.41
QRF,200,6,7,0.831667,1.6299,0.1897,2.2405,0.42
QRF,200,6,8,0.82,1.6089,0.2177,2.3648,0.36
QRF,200,6,9,0.818333,1.6137,0.2051,2.3225,0.39
QRF,200,6,-1,0.823333,1.6167,0.1968,2.2898,0.0
QRF,200,7,0,0.851667,1.717,0.1431,2.0676,0.35
QRF,200,7,1,0.85,1.7019,0.1401,2.0553,0.4
QRF,200,7,2,0.846667,1.7086,0.1433,2.0909,0.37
QRF,200,7,3,0.85,1.7078,0.1409,2.0621,0.42
QRF,200,7,4,0.848333,1.7133,0.1412,2.0625,0.35
QRF,200,7,5,0.851667,1.7114,0.1365,2.0881,0.43
QRF,200,7,6,0.851667,1.7126,0.1424,2.0716,0.37
QRF,200,7,7,0.85,1.7185,0.1424,2.0736,0.37
QRF,200,7,8,0.851667,1.715,0.1485,2.0811,0.48
QRF,200,7,9,0.851667,1.7063,0.1445,2.0831,0.41
QRF,200,7,-1,0.848333,1.7112,0.1343,2.0539,0.0
QRF,200,8,0,0.855,1.7232,0.1488,2.1065,0.35
QRF,200,8,1,0.85,1.7146,0.1656,2.1358,0.38
QRF,200,8,2,0.855,1.7147,0.1548,2.0991,0.35
QRF,200,8,3,0.845,1.7021,0.1743,2.1848,0.38
QRF,200,8,4,0.855,1.7249,0.1522,2.1065,0.4
QRF,200,8,5,0.856667,1.71,0.1608,2.1332,0.45
QRF,200,8,6,0.851667,1.696,0.1679,2.1932,0.39
QRF,200,8,7,0.851667,1.7081,0.1785,2.1676,0.38
QRF,200,8,8,0.846667,1.7181,0.1642,2.1241,0.41
QRF,200,8,9,0.853333,1.7066,0.1688,2.1284,0.37
QRF,200,8,-1,0.848333,1.7119,0.1562,2.1155,0.0
QRF,200,9,0,0.861667,1.6783,0.1429,1.9901,0.39
QRF,200,9,1,0.86,1.6865,0.1386,1.9923,0.36
QRF,200,9,2,0.86,1.6804,0.1409,1.9945,0.39
QRF,200,9,3,0.868333,1.6937,0.1353,1.984,0.34
QRF,200,9,4,0.863333,1.6876,0.138,1.9936,0.36
QRF,200,9,5,0.863333,1.6874,0.1369,1.9787,0.37
QRF,200,9,6,0.861667,1.6782,0.1385,1.9867,0.42
QRF,200,9,7,0.863333,1.6759,0.1395,1.9936,0.38
QRF,200,9,8,0.87,1.6908,0.1446,2.0156,0.35
QRF,200,9,9,0.86,1.6717,0.145,1.9813,0.36
QRF,200,9,-1,0.87,1.683,0.1351,1.9791,0.0
QRF,300,0,0,0.845,1.6546,0.1609,2.0829,0.37
QRF,300,0,1,0.84,1.6467,0.1697,2.1079,0.41
QRF,300,0,2,0.841667,1.6532,0.1565,2.0869,0.38
QRF,300,0,3,0.846667,1.6568,0.1585,2.0731,0.38
QRF,300,0,4,0.84,1.6502,0.161,2.1038,0.35
QRF,300,0,5,0.851667,1.652,0.1557,2.076,0.37
QRF,300,0,6,0.833333,1.6384,0.1734,2.0965,0.41
QRF,300,0,7,0.846667,1.6462,0.1679,2.0905,0.38
QRF,300,0,8,0.833333,1.6417,0.1693,2.1213,0.41
QRF,300,0,9,0.84,1.6499,0.1635,2.1204,0.44
QRF,300,0,-1,0.835,1.649,0.1598,2.0814,0.0
QRF,300,1,0,0.813333,1.5959,0.2005,2.2613,0.41
QRF,300,1,1,0.818333,1.6089,0.1967,2.2233,0.41
QRF,300,1,2,0.823333,1.6232,0.1902,2.2379,0.45
QRF,300,1,3,0.83,1.6328,0.1811,2.2359,0.38
QRF,300,1,4,0.813333,1.6131,0.2032,2.2815,0.41
QRF,300,1,5,0.815,1.611,0.2045,2.2879,0.44
QRF,300,1,6,0.828333,1.6265,0.1856,2.2161,0.43
QRF,300,1,7,0.81,1.6056,0.2008,2.2757,0.44
QRF,300,1,8,0.816667,1.6089,0.1982,2.2802,0.35
QRF,300,1,9,0.821667,1.6164,0.2013,2.2837,0.45
QRF,300,1,-1,0.821667,1.6142,0.1892,2.233,0.0
QRF,300,2,0,0.861667,1.6877,0.1579,2.0818,0.4
QRF,300,2,1,0.87,1.6945,0.159,2.0861,0.36
QRF,300,2,2,0.86,1.6897,0.1616,2.0922,0.39
QRF,300,2,3,0.856667,1.6791,0.1622,2.0697,0.38
QRF,300,2,4,0.871667,1.7051,0.1537,2.0919,0.39
QRF,300,2,5,0.861667,1.6767,0.1734,2.1107,0.38
QRF,300,2,6,0.861667,1.6798,0.171,2.1017,0.41
QRF,300,2,7,0.858333,1.6805,0.1604,2.0744,0.35
QRF,300,2,8,0.855,1.6752,0.1652,2.1075,0.4
QRF,300,2,9,0.865,1.6845,0.1661,2.0878,0.35
QRF,300,2,-1,0.861667,1.6853,0.1557,2.0704,0.0
QRF,300,3,0,0.856667,1.6583,0.1505,2.0884,0.4
QRF,300,3,1,0.865,1.655,0.1479,2.0707,0.38
QRF,300,3,2,0.853333,1.6585,0.1383,2.0406,0.45
QRF,300,3,3,0.85,1.6553,0.15,2.0935,0.39
QRF,300,3,4,0.851667,1.6545,0.1484,2.0899,0.38
QRF,300,3,5,0.853333,1.6523,0.1501,2.0845,0.37
QRF,300,3,6,0.858333,1.6572,0.1536,2.0802,0.39
QRF,300,3,7,0.856667,1.6575,0.1481,2.0696,0.35
QRF,300,3,8,0.851667,1.6594,0.1449,2.0738,0.41
QRF,300,3,9,0.861667,1.6691,0.1374,2.0429,0.4
QRF,300,3,-1,0.856667,1.6577,0.1416,2.0586,0.0
QRF,300,4,0,0.873333,1.7368,0.1274,2.0911,0.36
QRF,300,4,1,0.876667,1.7472,0.1245,2.0702,0.37
QRF,300,4,2,0.878333,1.7513,0.1166,2.0686,0.43
QRF,300,4,3,0.881667,1.7538,0.1159,2.0435,0.38
QRF,300,4,4,0.873333,1.749,0.1235,2.0817,0.42
QRF,300,4,5,0.886667,1.7624,0.1133,2.0547,0.4
QRF,300,4,6,0.868333,1.7379,0.1255,2.0972,0.4
QRF,300,4,7,0.88,1.7499,0.1202,2.0673,0.39
QRF,300,4,8,0.87,1.7438,0.1308,2.0772,0.36
QRF,300,4,9,0.873333,1.7526,0.1179,2.0696,0.42
QRF,300,4,-1,0.878333,1.7485,0.1167,2.0611,0.0
QRF,300,5,0,0.803333,1.588,0.2118,2.3278,0.38
QRF,300,5,1,0.798333,1.5745,0.2095,2.3101,0.38
QRF,300,5,2,0.785,1.5468,0.2214,2.3562,0.36
QRF,300,5,3,0.793333,1.5768,0.204,2.2881,0.39
QRF,300,5,4,0.79,1.5606,0.2194,2.3504,0.41
QRF,300,5,5,0.788333,1.5638,0.2168,2.3264,0.39
QRF,300,5,6,0.79,1.5668,0.2117,2.3039,0.41
QRF,300,5,7,0.791667,1.5641,0.2141,2.3483,0.42
QRF,300,5,8,0.793333,1.5655,0.219,2.3434,0.36
QRF,300,5,9,0.788333,1.5699,0.2112,2.3175,0.44
QRF,300,5,-1,0.79,1.5677,0.2088,2.3023,0.0
QRF,300,6,0,0.856667,1.7087,0.1269,2.0407,0.38
QRF,300,6,1,0.853333,1.7007,0.1402,2.0875,0.36
QRF,300,6,2,0.86,1.6996,0.1398,2.0911,0.43
QRF,300,6,3,0.87,1.7147,0.1241,2.0091,0.42
QRF,300,6,4,0.858333,1.7014,0.1314,2.0323,0.39
QRF,300,6,5,0.856667,1.7019,0.1396,2.0765,0.4
QRF,300,6,6,0.855,1.7068,0.1366,2.0869,0.37
QRF,300,6,7,0.861667,1.6902,0.1543,2.068,0.4
QRF,300,6,8,0.858333,1.6997,0.1376,2.0822,0.38
QRF,300,6,9,0.855,1.6971,0.1394,2.1071,0.37
QRF,300,6,-1,0.858333,1.7021,0.1271,2.0418,0.0
QRF,300,7,0,0.85,1.6657,0.1463,2.1572,0.41
QRF,300,7,1,0.838333,1.6473,0.1614,2.1853,0.35
QRF,300,7,2,0.848333,1.6652,0.1427,2.1358,0.4
QRF,300,7,3,0.836667,1.6521,0.1546,2.1841,0.36
QRF,300,7,4,0.853333,1.6642,0.144,2.1393,0.37
QRF,300,7,5,0.841667,1.6594,0.1458,2.1514,0.41
QRF,300,7,6,0.845,1.6615,0.1487,2.1491,0.37
QRF,300,7,7,0.836667,1.6529,0.1497,2.1562,0.33
QRF,300,7,8,0.845,1.6636,0.1462,2.1326,0.41
QRF,300,7,9,0.848333,1.6574,0.1507,2.165,0.39
QRF,300,7,-1,0.841667,1.6589,0.1437,2.1402,0.0
QRF,300,8,0,0.828333,1.6442,0.1636,2.0813,0.41
QRF,300,8,1,0.813333,1.6341,0.1735,2.1172,0.3
QRF,300,8,2,0.823333,1.6412,0.1677,2.0729,0.26
QRF,300,8,3,0.841667,1.6581,0.151,2.0388,0.26
QRF,300,8,4,0.841667,1.6645,0.1471,2.054,0.26
QRF,300,8,5,0.815,1.6185,0.1807,2.1166,0.27
QRF,300,8,6,0.831667,1.6576,0.1582,2.0784,0.26
QRF,300,8,7,0.835,1.6506,0.1572,2.0586,0.27
QRF,300,8,8,0.82,1.6489,0.1619,2.0772,0.26
QRF,300,8,9,0.848333,1.6574,0.149,2.0172,0.27
QRF,300,8,-1,0.835,1.6475,0.1524,2.0354,0.0
QRF,300,9,0,0.855,1.6894,0.1392,2.0459,0.28
QRF,300,9,1,0.863333,1.7018,0.1225,2.0155,0.29
QRF,300,9,2,0.865,1.707,0.1261,2.0314,0.26
QRF,300,9,3,0.858333,1.701,0.1237,2.0227,0.27
QRF,300,9,4,0.863333,1.7035,0.127,2.0402,0.26
QRF,300,9,5,0.861667,1.704,0.125,2.0311,0.26
QRF,300,9,6,0.865,1.7079,0.1262,2.0342,0.25
QRF,300,9,7,0.856667,1.7016,0.1274,2.0369,0.26
QRF,300,9,8,0.856667,1.7006,0.1306,2.0475,0.26
QRF,300,9,9,0.86,1.7011,0.1266,2.0171,0.25
QRF,300,9,-1,0.863333,1.7018,0.1226,2.0204,0.0
QRF,400,0,0,0.868333,1.7301,0.149,2.1212,0.26
QRF,400,0,1,0.868333,1.7322,0.1462,2.1086,0.26
QRF,400,0,2,0.87,1.7305,0.1473,2.1088,0.26
QRF,400,0,3,0.856667,1.717,0.1523,2.1589,0.26
QRF,400,0,4,0.863333,1.7197,0.1557,2.1323,0.26
QRF,400,0,5,0.866667,1.7293,0.1481,2.1336,0.27
QRF,400,0,6,0.863333,1.7215,0.1478,2.1261,0.27
QRF,400,0,7,0.865,1.7293,0.148,2.1197,0.26
QRF,400,0,8,0.87,1.731,0.1466,2.1198,0.26
QRF,400,0,9,0.861667,1.7163,0.1547,2.1593,0.26
QRF,400,0,-1,0.865,1.7257,0.1457,2.1181,0.0
QRF,400,1,0,0.87,1.6873,0.1408,2.0801,0.26
QRF,400,1,1,0.868333,1.6811,0.1511,2.0691,0.25
QRF,400,1,2,0.875,1.6823,0.1517,2.0867,0.26
QRF,400,1,3,0.865,1.678,0.149,2.0851,0.26
QRF,400,1,4,0.87,1.6826,0.1463,2.0755,0.26
QRF,400,1,5,0.863333,1.6712,0.1563,2.1159,0.26
QRF,400,1,6,0.87,1.6883,0.1486,2.059,0.26
QRF,400,1,7,0.863333,1.6741,0.1621,2.1114,0.26
QRF,400,1,8,0.868333,1.6936,0.1365,2.0794,0.26
QRF,400,1,9,0.868333,1.6729,0.1513,2.0843,0.26
QRF,400,1,-1,0.868333,1.6811,0.1438,2.0685,0.0
QRF,400,2,0,0.816667,1.6163,0.1937,2.22,0.26
QRF,400,2,1,0.818333,1.6056,0.2022,2.2565,0.26
QRF,400,2,2,0.816667,1.6045,0.203,2.2662,0.34
QRF,400,2,3,0.823333,1.6135,0.1949,2.2546,0.25
QRF,400,2,4,0.818333,1.6112,0.1954,2.2214,0.26
QRF,400,2,5,0.825,1.6163,0.1904,2.2025,0.26
QRF,400,2,6,0.811667,1.5995,0.2066,2.2633,0.26
QRF,400,2,7,0.818333,1.608,0.1978,2.2204,0.26
QRF,400,2,8,0.81,1.5915,0.2083,2.2882,0.26
QRF,400,2,9,0.816667,1.5988,0.1983,2.2381,0.25
QRF,400,2,-1,0.818333,1.6065,0.1951,2.227,0.0
QRF,400,3,0,0.853333,1.7052,0.1473,2.0847,0.26
QRF,400,3,1,0.861667,1.7097,0.1538,2.1139,0.26
QRF,400,3,2,0.86,1.7141,0.1497,2.0785,0.26
QRF,400,3,3,0.865,1.7077,0.1478,2.0841,0.26
QRF,400,3,4,0.865,1.7072,0.1493,2.0918,0.26
QRF,400,3,5,0.855,1.6943,0.1665,2.1472,0.26
QRF,400,3,6,0.861667,1.7115,0.1492,2.0659,0.28
QRF,400,3,7,0.856667,1.7081,0.1506,2.0942,0.26
QRF,400,3,8,0.861667,1.7117,0.1537,2.091,0.27
QRF,400,3,9,0.863333,1.7084,0.1538,2.0987,0.26
QRF,400,3,-1,0.863333,1.7078,0.1478,2.0803,0.0
QRF,400,4,0,0.858333,1.6772,0.1562,2.1199,0.27
QRF,400,4,1,0.848333,1.6671,0.1648,2.145,0.25
QRF,400,4,2,0.853333,1.6694,0.1728,2.1437,0.26
QRF,400,4,3,0.853333,1.6746,0.1626,2.1335,0.26
QRF,400,4,4,0.848333,1.6789,0.1585,2.1092,0.28
QRF,400,4,5,0.853333,1.6745,0.1593,2.1154,0.27
QRF,400,4,6,0.848333,1.6669,0.1611,2.1236,0.28
QRF,400,4,7,0.846667,1.6575,0.1809,2.1808,0.26
QRF,400,4,8,0.845,1.6554,0.1775,2.1287,0.26
QRF,400,4,9,0.846667,1.6629,0.1759,2.1401,0.27
QRF,400,4,-1,0.853333,1.6684,0.162,2.1246,0.0
QRF,400,5,0,0.88,1.7212,0.1268,2.0279,0.26
QRF,400,5,1,0.876667,1.7242,0.1286,2.034,0.27
QRF,400,5,2,0.871667,1.7091,0.1363,2.0369,0.26
QRF,400,5,3,0.875,1.7049,0.1456,2.0771,0.26
QRF,400,5,4,0.868333,1.7048,0.1371,2.0611,0.26
QRF,400,5,5,0.875,1.715,0.1336,2.0276,0.26
QRF,400,5,6,0.88,1.7311,0.1245,2.0265,0.27
QRF,400,5,7,0.865,1.6952,0.15,2.0995,0.27
QRF,400,5,8,0.875,1.7074,0.1428,2.079,0.26
QRF,400,5,9,0.871667,1.7105,0.1358,2.0568,0.27
QRF,400,5,-1,0.875,1.7123,0.1286,2.0335,0.0
QRF,400,6,0,0.846667,1.6669,0.1396,2.0705,0.27
QRF,400,6,1,0.843333,1.67,0.1357,2.0824,0.27
QRF,400,6,2,0.848333,1.6736,0.1358,2.085,0.28
QRF,400,6,3,0.84,1.6715,0.1348,2.0896,0.26
QRF,400,6,4,0.845,1.6701,0.1366,2.0877,0.26
QRF,400,6,5,0.836667,1.665,0.1473,2.1374,0.26
QRF,400,6,6,0.841667,1.6612,0.1395,2.0855,0.26
QRF,400,6,7,0.84,1.6608,0.1431,2.1091,0.25
QRF,400,6,8,0.846667,1.6714,0.1385,2.0654,0.26
QRF,400,6,9,0.843333,1.667,0.1394,2.076,0.25
QRF,400,6,-1,0.836667,1.6677,0.1345,2.0778,0.0
QRF,400,7,0,0.833333,1.6654,0.1545,2.0809,0.26
QRF,400,7,1,0.848333,1.6825,0.1434,2.0643,0.26
QRF,400,7,2,0.836667,1.671,0.1532,2.106,0.26
QRF,400,7,3,0.835,1.6616,0.1529,2.075,0.26
QRF,400,7,4,0.838333,1.6765,0.1505,2.0875,0.26
QRF,400,7,5,0.84,1.676,0.145,2.0521,0.26
QRF,400,7,6,0.84,1.6778,0.142,2.0297,0.27
QRF,400,7,7,0.83,1.6595,0.1618,2.1192,0.26
QRF,400,7,8,0.838333,1.675,0.1503,2.1147,0.27
QRF,400,7,9,0.836667,1.6592,0.1591,2.074,0.44
QRF,400,7,-1,0.84,1.6704,0.144,2.0635,0.0
QRF,400,8,0,0.845,1.6676,0.1703,2.2227,0.48
QRF,400,8,1,0.853333,1.683,0.1512,2.131,0.5
QRF,400,8,2,0.848333,1.6759,0.1631,2.1972,0.48
QRF,400,8,3,0.853333,1.6767,0.1547,2.1372,0.5
QRF,400,8,4,0.858333,1.6903,0.147,2.133,0.48
QRF,400,8,5,0.843333,1.6729,0.1645,2.1967,0.48
QRF,400,8,6,0.848333,1.6739,0.1592,2.1718,0.49
QRF,400,8,7,0.851667,1.6805,0.1526,2.1289,0.49
QRF,400,8,8,0.851667,1.6808,0.1536,2.1669,0.48
QRF,400,8,9,0.861667,1.69,0.1475,2.1123,0.5
QRF,400,8,-1,0.855,1.6792,0.1515,2.1386,0.0
QRF,400,9,0,0.88,1.688,0.1319,2.0214,0.49
QRF,400,9,1,0.868333,1.6803,0.1405,2.0366,0.5
QRF,400,9,2,0.873333,1.6766,0.139,2.0347,0.5
QRF,400,9,3,0.871667,1.6819,0.1422,2.0647,0.51
QRF,400,9,4,0.865,1.6858,0.133,2.0295,0.5
QRF,400,9,5,0.866667,1.6805,0.139,2.0403,0.49
QRF,400,9,6,0.875,1.6867,0.1372,2.0343,0.5
QRF,400,9,7,0.861667,1.6729,0.1392,2.0455,0.51
QRF,400,9,8,0.87,1.6806,0.1376,2.021,0.51
QRF,400,9,9,0.87,1.6721,0.1398,2.0264,0.51
QRF,400,9,-1,0.868333,1.6805,0.1328,2.0199,0.0
QRF,800,0,0,0.855,1.7106,0.1328,2.0858,0.55
QRF,800,0,1,0.858333,1.7072,0.1346,2.0984,0.57
QRF,800,0,2,0.855,1.7015,0.1409,2.1005,0.55
QRF,800,0,3,0.851667,1.7039,0.1364,2.0996,0.56
QRF,800,0,4,0.855,1.7017,0.1432,2.1223,0.55
QRF,800,0,5,0.858333,1.7056,0.1353,2.0861,0.55
QRF,800,0,6,0.85,1.7052,0.1348,2.0969,0.54
QRF,800,0,7,0.861667,1.7071,0.1348,2.1078,0.56
QRF,800,0,8,0.85,1.7045,0.1335,2.0951,0.57
QRF,800,0,9,0.86,1.703,0.138,2.0897,0.54
QRF,800,0,-1,0.855,1.705,0.1291,2.0773,0.0
QRF,800,1,0,0.846667,1.6412,0.1789,2.1501,0.55
QRF,800,1,1,0.846667,1.6228,0.1918,2.1522,0.55
QRF,800,1,2,0.838333,1.623,0.1948,2.1474,0.55
QRF,800,1,3,0.851667,1.6393,0.1826,2.1057,0.54
QRF,800,1,4,0.848333,1.623,0.1912,2.1525,0.54
QRF,800,1,5,0.836667,1.6213,0.1914,2.1513,0.54
QRF,800,1,6,0.846667,1.6334,0.183,2.1014,0.54
QRF,800,1,7,0.851667,1.6319,0.1829,2.1208,0.53
QRF,800,1,8,0.848333,1.6333,0.1817,2.1282,0.53
QRF,800,1,9,0.85,1.6358,0.1851,2.1292,0.54
QRF,800,1,-1,0.845,1.6305,0.1805,2.1142,0.0
QRF,800,2,0,0.85,1.6644,0.1334,2.0279,0.54
QRF,800,2,1,0.841667,1.6565,0.1436,2.0363,0.56
QRF,800,2,2,0.84,1.6574,0.144,2.066,0.54
QRF,800,2,3,0.845,1.6619,0.1388,2.0454,0.54
QRF,800,2,4,0.85,1.662,0.138,2.0305,0.54
QRF,800,2,5,0.845,1.653,0.1438,2.0375,0.53
QRF,800,2,6,0.856667,1.6663,0.1372,2.0365,0.57
QRF,800,2,7,0.843333,1.6554,0.1432,2.0549,0.54
QRF,800,2,8,0.843333,1.6581,0.143,2.0519,0.55
QRF,800,2,9,0.845,1.6578,0.1406,2.0347,0.55
QRF,800,2,-1,0.846667,1.6593,0.1359,2.0253,0.0
QRF,800,3,0,0.836667,1.632,0.1652,2.0831,0.55
QRF,800,3,1,0.835,1.6369,0.1637,2.0658,0.53
QRF,800,3,2,0.845,1.6395,0.1656,2.0693,0.54
QRF,800,3,3,0.841667,1.6433,0.1593,2.0776,0.55
QRF,800,3,4,0.835,1.6403,0.1637,2.1043,0.54
QRF,800,3,5,0.838333,1.6428,0.1606,2.0973,0.54
QRF,800,3,6,0.845,1.6432,0.1616,2.0735,0.55
QRF,800,3,7,0.838333,1.6341,0.1654,2.0724,0.54
QRF,800,3,8,0.838333,1.6396,0.1642,2.0704,0.54
QRF,800,3,9,0.841667,1.6416,0.1626,2.0793,0.54
QRF,800,3,-1,0.836667,1.6393,0.1591,2.0686,0.0
QRF,800,4,0,0.858333,1.6758,0.1542,2.1195,0.54
QRF,800,4,1,0.866667,1.6824,0.15,2.0923,0.55
QRF,800,4,2,0.866667,1.6765,0.1548,2.1379,0.45
QRF,800,4,3,0.855,1.6737,0.1544,2.1148,0.27
QRF,800,4,4,0.858333,1.6749,0.1552,2.1165,0.27
QRF,800,4,5,0.863333,1.6801,0.1494,2.0945,0.28
QRF,800,4,6,0.865,1.6752,0.1539,2.1077,0.28
QRF,800,4,7,0.863333,1.681,0.1506,2.1031,0.28
QRF,800,4,8,0.855,1.6694,0.1588,2.1459,0.27
QRF,800,4,9,0.863333,1.6777,0.1491,2.0848,0.28
QRF,800,4,-1,0.863333,1.6767,0.1486,2.0961,0.0
QRF,800,5,0,0.845,1.673,0.1486,2.0562,0.28
QRF,800,5,1,0.845,1.6653,0.1532,2.0743,0.28
QRF,800,5,2,0.835,1.6585,0.1572,2.0967,0.28
QRF,800,5,3,0.846667,1.6716,0.148,2.0618,0.28
QRF,800,5,4,0.85,1.6631,0.1497,2.0707,0.27
QRF,800,5,5,0.836667,1.6554,0.1592,2.0862,0.27
QRF,800,5,6,0.841667,1.6612,0.1543,2.0631,0.27
QRF,800,5,7,0.843333,1.6625,0.1554,2.0877,0.28
QRF,800,5,8,0.838333,1.6638,0.1563,2.0913,0.28
QRF,800,5,9,0.836667,1.6714,0.1512,2.0847,0.27
QRF,800,5,-1,0.841667,1.6646,0.1487,2.0637,0.0
QRF,800,6,0,0.843333,1.6603,0.1552,2.0803,0.28
QRF,800,6,1,0.841667,1.6556,0.1579,2.0939,0.27
QRF,800,6,2,0.838333,1.6603,0.1597,2.1179,0.28
QRF,800,6,3,0.838333,1.6558,0.1634,2.1377,0.29
QRF,800,6,4,0.835,1.6598,0.1637,2.1723,0.28
QRF,800,6,5,0.833333,1.6537,0.1585,2.1593,0.35
QRF,800,6,6,0.826667,1.6487,0.1664,2.1544,0.28
QRF,800,6,7,0.836667,1.6577,0.1618,2.1369,0.27
QRF,800,6,8,0.833333,1.6595,0.1589,2.1294,0.27
QRF,800,6,9,0.835,1.6555,0.159,2.0987,0.27
QRF,800,6,-1,0.838333,1.6567,0.1545,2.1091,0.0
QRF,800,7,0,0.846667,1.6733,0.1529,2.1635,0.27
QRF,800,7,1,0.848333,1.6783,0.1489,2.128,0.27
QRF,800,7,2,0.848333,1.6697,0.1642,2.185,0.28
QRF,800,7,3,0.845,1.6749,0.1522,2.1492,0.28
QRF,800,7,4,0.843333,1.6749,0.154,2.1566,0.28
QRF,800,7,5,0.848333,1.6782,0.1505,2.1418,0.28
QRF,800,7,6,0.848333,1.6775,0.1498,2.1371,0.27
QRF,800,7,7,0.85,1.67,0.1554,2.1426,0.28
QRF,800,7,8,0.853333,1.6822,0.145,2.0943,0.27
QRF,800,7,9,0.86,1.6814,0.1474,2.1224,0.28
QRF,800,7,-1,0.848333,1.676,0.1466,2.1252,0.0
QRF,800,8,0,0.865,1.687,0.1424,2.0264,0.28
QRF,800,8,1,0.868333,1.6896,0.1473,2.0571,0.26
QRF,800,8,2,0.866667,1.6933,0.1402,2.0449,0.28
QRF,800,8,3,0.865,1.6888,0.141,2.0536,0.27
QRF,800,8,4,0.863333,1.6901,0.138,2.0351,0.27
QRF,800,8,5,0.868333,1.6997,0.1269,2.0226,0.27
QRF,800,8,6,0.873333,1.7018,0.1294,2.0272,0.29
QRF,800,8,7,0.866667,1.6919,0.1368,2.0292,0.28
QRF,800,8,8,0.87,1.6887,0.1426,2.0459,0.28
QRF,800,8,9,0.871667,1.6961,0.1328,2.0212,0.27
QRF,800,8,-1,0.868333,1.6927,0.1298,2.0167,0.0
QRF,800,9,0,0.828333,1.6177,0.1725,2.1556,0.28
QRF,800,9,1,0.831667,1.6274,0.1692,2.1291,0.27
QRF,800,9,2,0.825,1.618,0.1738,2.1394,0.28
QRF,800,9,3,0.831667,1.6304,0.1661,2.1059,0.27
QRF,800,9,4,0.831667,1.6279,0.1639,2.1334,0.27
QRF,800,9,5,0.818333,1.6284,0.1677,2.1395,0.28
QRF,800,9,6,0.826667,1.6188,0.1745,2.1513,0.27
QRF,800,9,7,0.831667,1.6257,0.1674,2.138,0.27
QRF,800,9,8,0.835,1.6253,0.1712,2.153,0.27
QRF,800,9,9,0.835,1.6205,0.1775,2.1683,0.27
QRF,800,9,-1,0.835,1.624,0.166,2.1321,0.0
SVM,50,0,0,0.87,1.7185,0.1489,2.1507,0.11
SVM,50,0,-1,0.87,1.7185,0.1489,2.1507,0.0
SVM,50,1,0,0.718333,1.4167,0.2602,2.5824,0.1
SVM,50,1,-1,0.718333,1.4167,0.2602,2.5824,0.0
SVM,50,2,0,0.806667,1.5565,0.1836,2.1814,0.1
SVM,50,2,-1,0.806667,1.5565,0.1836,2.1814,0.0
SVM,50,3,0,0.675,1.3233,0.3101,2.6932,0.09
SVM,50,3,-1,0.675,1.3233,0.3101,2.6932,0.0
SVM,50,4,0,0.868333,1.7233,0.1785,2.1021,0.09
SVM,50,4,-1,0.868333,1.7233,0.1785,2.1021,0.0
SVM,50,5,0,0.806667,1.5741,0.1495,2.0579,0.11
SVM,50,5,-1,0.806667,1.5741,0.1495,2.0579,0.0
SVM,50,6,0,0.783333,1.5102,0.2846,2.5286,0.09
SVM,50,6,-1,0.783333,1.5102,0.2846,2.5286,0.0
SVM,50,7,0,0.856667,1.6857,0.1234,2.029,0.09
SVM,50,7,-1,0.856667,1.6857,0.1234,2.029,0.0
SVM,50,8,0,0.778333,1.5186,0.2187,2.2279,0.09
SVM,50,8,-1,0.778333,1.5186,0.2187,2.2279,0.0
SVM,50,9,0,0.836667,1.6262,0.1379,2.0291,0.11
SVM,50,9,-1,0.836667,1.6262,0.1379,2.0291,0.0
SVM,100,0,0,0.886667,1.7479,0.0994,1.9656,0.79
SVM,100,0,-1,0.886667,1.7479,0.0994,1.9656,0.0
SVM,100,1,0,0.913333,1.8231,0.0775,1.9541,0.58
SVM,100,1,-1,0.913333,1.8231,0.0775,1.9541,0.0
SVM,100,2,0,0.881667,1.722,0.1042,1.979,0.61
SVM,100,2,-1,0.881667,1.722,0.1042,1.979,0.0
SVM,100,3,0,0.873333,1.6881,0.1226,2.0178,0.51
SVM,100,3,-1,0.873333,1.6881,0.1226,2.0178,0.0
SVM,100,4,0,0.87,1.7169,0.1096,2.0722,0.47
SVM,100,4,-1,0.87,1.7169,0.1096,2.0722,0.0
SVM,100,5,0,0.873333,1.7132,0.1046,2.0069,0.73
SVM,100,5,-1,0.873333,1.7132,0.1046,2.0069,0.0
SVM,100,6,0,0.791667,1.5575,0.1771,2.158,0.53
SVM,100,6,-1,0.791667,1.5575,0.1771,2.158,0.0
SVM,100,7,0,0.881667,1.7178,0.0924,2.0119,0.73
SVM,100,7,-1,0.881667,1.7178,0.0924,2.0119,0.0
SVM,100,8,0,0.911667,1.7724,0.0821,1.9344,0.88
SVM,100,8,-1,0.911667,1.7724,0.0821,1.9344,0.0
SVM,100,9,0,0.87,1.6963,0.0943,2.0377,0.79
SVM,100,9,-1,0.87,1.6963,0.0943,2.0377,0.0
SVM,200,0,0,0.885,1.7346,0.1054,2.0065,5.05
SVM,200,0,-1,0.885,1.7346,0.1054,2.0065,0.0
SVM,200,1,0,0.903333,1.7841,0.0624,1.9145,7.97
SVM,200,1,-1,0.903333,1.7841,0.0624,1.9145,0.0
SVM,200,2,0,0.923333,1.7936,0.055,1.9217,7.39
SVM,200,2,-1,0.923333,1.7936,0.055,1.9217,0.0
SVM,200,3,0,0.905,1.8052,0.0747,1.9419,7.19
SVM,200,3,-1,0.905,1.8052,0.0747,1.9419,0.0
SVM,200,4,0,0.866667,1.7174,0.0657,1.9191,5.64
SVM,200,4,-1,0.866667,1.7174,0.0657,1.9191,0.0
SVM,200,5,0,0.888333,1.7355,0.0545,1.9145,6.08
SVM,200,5,-1,0.888333,1.7355,0.0545,1.9145,0.0
SVM,200,6,0,0.86,1.7002,0.0862,1.9494,4.54
SVM,200,6,-1,0.86,1.7002,0.0862,1.9494,0.0
SVM,200,7,0,0.891667,1.7567,0.0725,1.9744,9.4
SVM,200,7,-1,0.891667,1.7567,0.0725,1.9744,0.0
SVM,200,8,0,0.908333,1.7898,0.0718,1.9498,7.52
SVM,200,8,-1,0.908333,1.7898,0.0718,1.9498,0.0
SVM,200,9,0,0.896667,1.7382,0.0776,1.9213,13.81
SVM,200,9,-1,0.896667,1.7382,0.0776,1.9213,0.0
SVM,300,0,0,0.905,1.7888,0.0589,1.9236,44.19
SVM,300,0,-1,0.905,1.7888,0.0589,1.9236,0.0
SVM,300,1,0,0.901667,1.778,0.0535,1.9104,47.33
SVM,300,1,-1,0.901667,1.778,0.0535,1.9104,0.0
SVM,300,2,0,0.903333,1.7919,0.0516,1.9288,34.38
SVM,300,2,-1,0.903333,1.7919,0.0516,1.9288,0.0
SVM,300,3,0,0.866667,1.6966,0.0744,1.9374,26.48
SVM,300,3,-1,0.866667,1.6966,0.0744,1.9374,0.0
SVM,300,4,0,0.9,1.7993,0.0463,1.9306,33.0
SVM,300,4,-1,0.9,1.7993,0.0463,1.9306,0.0
SVM,300,5,0,0.878333,1.7208,0.0913,1.9523,45.62
SVM,300,5,-1,0.878333,1.7208,0.0913,1.9523,0.0
SVM,300,6,0,0.923333,1.7939,0.0466,1.9153,50.04
SVM,300,6,-1,0.923333,1.7939,0.0466,1.9153,0.0
SVM,300,7,0,0.893333,1.7598,0.0626,1.9304,39.69
SVM,300,7,-1,0.893333,1.7598,0.0626,1.9304,0.0
SVM,300,8,0,0.895,1.7561,0.0619,1.9246,26.94
SVM,300,8,-1,0.895,1.7561,0.0619,1.9246,0.0
SVM,300,9,0,0.92,1.8026,0.0463,1.9232,18.42
SVM,300,9,-1,0.92,1.8026,0.0463,1.9232,0.0
SVM,400,0,0,0.92,1.8107,0.0651,1.9292,82.31
SVM,400,0,-1,0.92,1.8107,0.0651,1.9292,0.0
SVM,400,1,0,0.91,1.7936,0.0482,1.9171,97.63
SVM,400,1,-1,0.91,1.7936,0.0482,1.9171,0.0
SVM,400,2,0,0.855,1.6997,0.0966,1.9633,63.71
SVM,400,2,-1,0.855,1.6997,0.0966,1.9633,0.0
SVM,400,3,0,0.921667,1.8178,0.0502,1.9084,100.48
SVM,400,3,-1,0.921667,1.8178,0.0502,1.9084,0.0
SVM,400,4,0,0.925,1.8118,0.0416,1.9008,77.69
SVM,400,4,-1,0.925,1.8118,0.0416,1.9008,0.0
SVM,400,5,0,0.921667,1.8192,0.0345,1.9104,85.84
SVM,400,5,-1,0.921667,1.8192,0.0345,1.9104,0.0
SVM,400,6,0,0.885,1.7448,0.0614,1.9164,92.26
SVM,400,6,-1,0.885,1.7448,0.0614,1.9164,0.0
SVM,400,7,0,0.908333,1.7771,0.0302,1.8864,94.59
SVM,400,7,-1,0.908333,1.7771,0.0302,1.8864,0.0
SVM,400,8,0,0.898333,1.7645,0.0649,1.9749,57.86
SVM,400,8,-1,0.898333,1.7645,0.0649,1.9749,0.0
SVM,400,9,0,0.888333,1.7523,0.0566,1.9265,61.93
SVM,400,9,-1,0.888333,1.7523,0.0566,1.9265,0.0
SVM,800,0,0,0.911667,1.8194,0.0288,1.9016,1763.81
SVM,800,0,-1,0.911667,1.8194,0.0288,1.9016,0.0
SVM,800,1,0,0.901667,1.7834,0.0266,1.9013,1443.77
SVM,800,1,-1,0.901667,1.7834,0.0266,1.9013,0.0
SVM,800,2,0,0.906667,1.7749,0.0321,1.899,1990.43
SVM,800,2,-1,0.906667,1.7749,0.0321,1.899,0.0
SVM,800,3,0,0.91,1.7658,0.042,1.8912,1563.83
SVM,800,3,-1,0.91,1.7658,0.042,1.8912,0.0
SVM,800,4,0,0.918333,1.8106,0.0405,1.916,820.5
SVM,800,4,-1,0.918333,1.8106,0.0405,1.916,0.0
SVM,800,5,0,0.896667,1.7712,0.0504,1.892,693.54
SVM,800,5,-1,0.896667,1.7712,0.0504,1.892,0.0
SVM,800,6,0,0.908333,1.7882,0.0514,1.9223,613.29
SVM,800,6,-1,0.908333,1.7882,0.0514,1.9223,0.0
SVM,800,7,0,0.921667,1.8095,0.0404,1.9159,795.03
SVM,800,7,-1,0.921667,1.8095,0.0404,1.9159,0.0
SVM,800,8,0,0.915,1.7833,0.0359,1.8981,838.25
SVM,800,8,-1,0.915,1.7833,0.0359,1.8981,0.0
SVM,800,9,0,0.898333,1.7517,0.0426,1.9019,743.29
SVM,800,9,-1,0.898333,1.7517,0.0426,1.9019,0.0
XGB,50,0,0,0.736667,1.4791,0.2807,2.6768,0.11
XGB,50,0,1,0.741667,1.5024,0.2805,2.6241,0.11
XGB,50,0,2,0.738333,1.507,0.2869,2.6623,0.11
XGB,50,0,3,0.735,1.4942,0.2876,2.6746,0.11
XGB,50,0,4,0.735,1.4799,0.2878,2.7032,0.11
XGB,50,0,5,0.74,1.5128,0.2863,2.6679,0.11
XGB,50,0,6,0.735,1.4927,0.2836,2.672,0.11
XGB,50,0,7,0.745,1.4963,0.2689,2.5752,0.11
XGB,50,0,8,0.74,1.4822,0.2754,2.6302,0.11
XGB,50,0,9,0.728333,1.4808,0.2903,2.7108,0.1
XGB,50,0,-1,0.735,1.4927,0.282,2.6542,0.0
XGB,50,1,0,0.711667,1.4637,0.3757,3.1023,0.11
XGB,50,1,1,0.683333,1.4104,0.3963,3.2702,0.1
XGB,50,1,2,0.676667,1.4164,0.4087,3.3255,0.1
XGB,50,1,3,0.698333,1.4184,0.3689,3.1105,0.11
XGB,50,1,4,0.695,1.4346,0.3763,3.1839,0.08
XGB,50,1,5,0.746667,1.5483,0.3368,2.8083,0.09
XGB,50,1,6,0.688333,1.4122,0.3912,3.2318,0.1
XGB,50,1,7,0.691667,1.436,0.3859,3.1792,0.09
XGB,50,1,8,0.693333,1.4351,0.3773,3.163,0.08
XGB,50,1,9,0.701667,1.454,0.3708,3.1106,0.1
XGB,50,1,-1,0.708333,1.4429,0.3737,3.1153,0.0
XGB,50,2,0,0.736667,1.512,0.3317,2.7648,0.11
XGB,50,2,1,0.731667,1.539,0.3447,2.8138,0.11
XGB,50,2,2,0.746667,1.5509,0.3387,2.7841,0.1
XGB,50,2,3,0.74,1.5413,0.3282,2.7416,0.1
XGB,50,2,4,0.741667,1.5537,0.3438,2.7749,0.11
XGB,50,2,5,0.728333,1.5172,0.3378,2.8019,0.1
XGB,50,2,6,0.741667,1.5944,0.3528,2.8125,0.11
XGB,50,2,7,0.745,1.5848,0.3571,2.861,0.1
XGB,50,2,8,0.756667,1.5853,0.3273,2.7206,0.11
XGB,50,2,9,0.72,1.5133,0.3597,2.9044,0.11
XGB,50,2,-1,0.741667,1.5492,0.3393,2.7877,0.0
XGB,50,3,0,0.633333,1.2442,0.4198,3.4983,0.11
XGB,50,3,1,0.646667,1.2535,0.4297,3.6095,0.11
XGB,50,3,2,0.625,1.2094,0.4345,3.6504,0.11
XGB,50,3,3,0.628333,1.2218,0.4291,3.5917,0.11
XGB,50,3,4,0.636667,1.2504,0.4243,3.5475,0.11
XGB,50,3,5,0.63,1.2302,0.4311,3.6139,0.11
XGB,50,3,6,0.618333,1.2121,0.433,3.63,0.11
XGB,50,3,7,0.611667,1.1931,0.4361,3.6517,0.11
XGB,50,3,8,0.613333,1.2042,0.4376,3.6862,0.11
XGB,50,3,9,0.623333,1.2103,0.4303,3.6027,0.11
XGB,50,3,-1,0.628333,1.2229,0.4296,3.5983,0.0
XGB,50,4,0,0.725,1.4281,0.3157,2.7123,0.11
XGB,50,4,1,0.718333,1.4017,0.3283,2.7595,0.11
XGB,50,4,2,0.72,1.4125,0.3232,2.7334,0.11
XGB,50,4,3,0.715,1.4045,0.3195,2.7353,0.11
XGB,50,4,4,0.715,1.3993,0.3265,2.7637,0.1
XGB,50,4,5,0.725,1.4218,0.3225,2.7262,0.11
XGB,50,4,6,0.715,1.4097,0.3264,2.7597,0.1
XGB,50,4,7,0.72,1.4023,0.3262,2.7574,0.1
XGB,50,4,8,0.72,1.4069,0.3226,2.74,0.1
XGB,50,4,9,0.721667,1.409,0.3237,2.743,0.11
XGB,50,4,-1,0.718333,1.4096,0.323,2.7405,0.0
XGB,50,5,0,0.71,1.3781,0.3026,2.7128,0.11
XGB,50,5,1,0.703333,1.3822,0.3044,2.7063,0.11
XGB,50,5,2,0.726667,1.4036,0.2862,2.6223,0.11
XGB,50,5,3,0.726667,1.4084,0.2874,2.6745,0.11
XGB,50,5,4,0.73,1.4219,0.2853,2.6013,0.11
XGB,50,5,5,0.733333,1.4314,0.2801,2.5941,0.11
XGB,50,5,6,0.733333,1.4408,0.2913,2.6261,0.11
XGB,50,5,7,0.718333,1.3872,0.29,2.6911,0.1
XGB,50,5,8,0.728333,1.4141,0.2866,2.6148,0.11
XGB,50,5,9,0.7,1.3517,0.3028,2.7313,0.1
XGB,50,5,-1,0.725,1.4019,0.2867,2.6296,0.0
XGB,50,6,0,0.651667,1.2783,0.4058,3.2544,0.1
XGB,50,6,1,0.645,1.268,0.4146,3.3001,0.1
XGB,50,6,2,0.658333,1.3028,0.409,3.2494,0.11
XGB,50,6,3,0.663333,1.2957,0.4015,3.2082,0.11
XGB,50,6,4,0.646667,1.2618,0.4082,3.2642,0.1
XGB,50,6,5,0.663333,1.2737,0.4099,3.2578,0.1
XGB,50,6,6,0.643333,1.2669,0.4123,3.2911,0.09
XGB,50,6,7,0.641667,1.2646,0.4142,3.2804,0.09
XGB,50,6,8,0.655,1.2595,0.4077,3.2569,0.09
XGB,50,6,9,0.666667,1.2853,0.4079,3.2481,0.09
XGB,50,6,-1,0.658333,1.2757,0.408,3.2528,0.0
XGB,50,7,0,0.721667,1.4964,0.3285,2.8919,0.08
XGB,50,7,1,0.715,1.4612,0.3403,2.9628,0.1
XGB,50,7,2,0.721667,1.4849,0.3358,2.919,0.1
XGB,50,7,3,0.756667,1.5962,0.3202,2.7489,0.1
XGB,50,7,4,0.746667,1.5487,0.3157,2.7707,0.1
XGB,50,7,5,0.718333,1.4786,0.3508,2.994,0.1
XGB,50,7,6,0.768333,1.6486,0.3388,2.74,0.1
XGB,50,7,7,0.743333,1.538,0.3314,2.8519,0.1
XGB,50,7,8,0.726667,1.5154,0.3473,2.971,0.1
XGB,50,7,9,0.75,1.5455,0.3302,2.8387,0.1
XGB,50,7,-1,0.74,1.5313,0.3293,2.8423,0.0
XGB,50,8,0,0.616667,1.2197,0.4331,3.4057,0.1
XGB,50,8,1,0.625,1.21,0.4097,3.2963,0.1
XGB,50,8,2,0.606667,1.1805,0.4201,3.3375,0.1
XGB,50,8,3,0.621667,1.2193,0.4243,3.368,0.1
XGB,50,8,4,0.62,1.2128,0.4212,3.3708,0.11
XGB,50,8,5,0.625,1.2355,0.4321,3.3779,0.11
XGB,50,8,6,0.625,1.2178,0.4281,3.3859,0.11
XGB,50,8,7,0.621667,1.1904,0.4199,3.3504,0.1
XGB,50,8,8,0.625,1.2392,0.4195,3.3415,0.1
XGB,50,8,9,0.625,1.2079,0.4282,3.3775,0.1
XGB,50,8,-1,0.623333,1.2133,0.4224,3.3557,0.0
XGB,50,9,0,0.773333,1.6126,0.2848,2.5261,0.1
XGB,50,9,1,0.733333,1.4843,0.2967,2.7404,0.1
XGB,50,9,2,0.745,1.5207,0.2855,2.6137,0.11
XGB,50,9,3,0.743333,1.5226,0.2859,2.6295,0.11
XGB,50,9,4,0.746667,1.5202,0.2815,2.6021,0.11
XGB,50,9,5,0.728333,1.4719,0.2951,2.7043,0.1
XGB,50,9,6,0.755,1.5775,0.2858,2.5503,0.11
XGB,50,9,7,0.731667,1.4843,0.2949,2.7016,0.1
XGB,50,9,8,0.741667,1.5102,0.2981,2.7323,0.11
XGB,50,9,9,0.748333,1.5414,0.293,2.6574,0.11
XGB,50,9,-1,0.743333,1.5246,0.2861,2.6294,0.0
XGB,100,0,0,0.84,1.6566,0.1898,2.1833,0.11
XGB,100,0,1,0.841667,1.6757,0.1917,2.1808,0.11
XGB,100,0,2,0.851667,1.7147,0.2005,2.1811,0.11
XGB,100,0,3,0.843333,1.6696,0.1896,2.1704,0.11
XGB,100,0,4,0.836667,1.6729,0.1971,2.1879,0.11
XGB,100,0,5,0.841667,1.6752,0.1903,2.1785,0.12
XGB,100,0,6,0.833333,1.6723,0.1933,2.1953,0.11
XGB,100,0,7,0.845,1.6868,0.1956,2.1766,0.1
XGB,100,0,8,0.831667,1.6683,0.1941,2.1951,0.1
XGB,100,0,9,0.806667,1.6141,0.1864,2.1844,0.1
XGB,100,0,-1,0.841667,1.6706,0.1909,2.1781,0.0
XGB,100,1,0,0.798333,1.5949,0.2387,2.3816,0.1
XGB,100,1,1,0.79,1.5783,0.241,2.3754,0.11
XGB,100,1,2,0.785,1.5509,0.2464,2.4039,0.1
XGB,100,1,3,0.79,1.5802,0.2371,2.396,0.11
XGB,100,1,4,0.785,1.5582,0.2445,2.3877,0.11
XGB,100,1,5,0.786667,1.5796,0.2354,2.3616,0.12
XGB,100,1,6,0.791667,1.5888,0.2364,2.4072,0.11
XGB,100,1,7,0.776667,1.5513,0.256,2.456,0.11
XGB,100,1,8,0.8,1.5975,0.2361,2.3832,0.1
XGB,100,1,9,0.798333,1.6088,0.25,2.4376,0.1
XGB,100,1,-1,0.796667,1.5788,0.2377,2.3788,0.0
XGB,100,2,0,0.796667,1.5907,0.2158,2.2412,0.09
XGB,100,2,1,0.81,1.6038,0.2274,2.2574,0.1
XGB,100,2,2,0.798333,1.5619,0.215,2.2472,0.08
XGB,100,2,3,0.801667,1.5706,0.2106,2.2273,0.11
XGB,100,2,4,0.791667,1.5649,0.2149,2.2472,0.1
XGB,100,2,5,0.803333,1.5715,0.2118,2.2386,0.11
XGB,100,2,6,0.798333,1.5903,0.2122,2.2407,0.11
XGB,100,2,7,0.796667,1.5646,0.2129,2.2425,0.11
XGB,100,2,8,0.796667,1.549,0.2125,2.2438,0.1
XGB,100,2,9,0.796667,1.5593,0.2122,2.242,0.11
XGB,100,2,-1,0.8,1.5727,0.211,2.2335,0.0
XGB,100,3,0,0.775,1.5177,0.2299,2.3119,0.1
XGB,100,3,1,0.771667,1.5223,0.2285,2.3119,0.11
XGB,100,3,2,0.775,1.5327,0.2288,2.3186,0.11
XGB,100,3,3,0.781667,1.5391,0.2319,2.3402,0.11
XGB,100,3,4,0.775,1.5361,0.2261,2.3123,0.1
XGB,100,3,5,0.783333,1.5316,0.2295,2.3229,0.11
XGB,100,3,6,0.773333,1.5234,0.2293,2.3179,0.1
XGB,100,3,7,0.781667,1.5351,0.2254,2.301,0.11
XGB,100,3,8,0.77,1.5306,0.2256,2.3027,0.11
XGB,100,3,9,0.78,1.5394,0.2263,2.3107,0.11
XGB,100,3,-1,0.78,1.5308,0.2273,2.311,0.0
XGB,100,4,0,0.765,1.5017,0.2356,2.4159,0.11
XGB,100,4,1,0.763333,1.4992,0.2328,2.3976,0.12
XGB,100,4,2,0.778333,1.5198,0.2253,2.3385,0.12
XGB,100,4,3,0.771667,1.51,0.2304,2.3654,0.11
XGB,100,4,4,0.756667,1.4796,0.2376,2.4339,0.11
XGB,100,4,5,0.766667,1.4985,0.2325,2.3977,0.12
XGB,100,4,6,0.78,1.5223,0.2279,2.3566,0.11
XGB,100,4,7,0.775,1.5068,0.2308,2.3836,0.12
XGB,100,4,8,0.763333,1.4826,0.2349,2.4126,0.11
XGB,100,4,9,0.75,1.4793,0.2405,2.4565,0.11
XGB,100,4,-1,0.77,1.5,0.2316,2.3899,0.0
XGB,100,5,0,0.798333,1.5619,0.2246,2.2825,0.11
XGB,100,5,1,0.776667,1.5096,0.221,2.2656,0.11
XGB,100,5,2,0.773333,1.5016,0.2219,2.2554,0.11
XGB,100,5,3,0.781667,1.5145,0.2141,2.2449,0.11
XGB,100,5,4,0.79,1.5355,0.2246,2.2896,0.11
XGB,100,5,5,0.783333,1.5306,0.2254,2.2824,0.11
XGB,100,5,6,0.795,1.5518,0.213,2.2418,0.1
XGB,100,5,7,0.783333,1.5155,0.2098,2.2261,0.11
XGB,100,5,8,0.788333,1.529,0.2211,2.2524,0.11
XGB,100,5,9,0.78,1.5315,0.2251,2.2821,0.12
XGB,100,5,-1,0.786667,1.5282,0.2181,2.255,0.0
XGB,100,6,0,0.713333,1.3954,0.2862,2.6394,0.11
XGB,100,6,1,0.721667,1.4561,0.2856,2.6118,0.11
XGB,100,6,2,0.718333,1.4165,0.2734,2.5678,0.11
XGB,100,6,3,0.705,1.4063,0.2878,2.6518,0.11
XGB,100,6,4,0.706667,1.3957,0.2744,2.5752,0.12
XGB,100,6,5,0.715,1.4054,0.2781,2.6163,0.12
XGB,100,6,6,0.703333,1.3769,0.2897,2.6496,0.11
XGB,100,6,7,0.711667,1.4031,0.279,2.5754,0.11
XGB,100,6,8,0.713333,1.4017,0.2803,2.6027,0.1
XGB,100,6,9,0.706667,1.3834,0.2881,2.6175,0.11
XGB,100,6,-1,0.713333,1.404,0.2803,2.6041,0.0
XGB,100,7,0,0.82,1.6819,0.214,2.2626,0.08
XGB,100,7,1,0.81,1.6498,0.211,2.2627,0.1
XGB,100,7,2,0.79,1.5814,0.2003,2.2444,0.09
XGB,100,7,3,0.808333,1.6553,0.2198,2.2846,0.08
XGB,100,7,4,0.806667,1.6375,0.2152,2.2857,0.09
XGB,100,7,5,0.811667,1.638,0.2048,2.2493,0.1
XGB,100,7,6,0.808333,1.613,0.204,2.2506,0.1
XGB,100,7,7,0.81,1.6249,0.2005,2.2415,0.11
XGB,100,7,8,0.81,1.63,0.1992,2.2309,0.12
XGB,100,7,9,0.805,1.6245,0.1898,2.1982,0.12
XGB,100,7,-1,0.815,1.6336,0.2016,2.2437,0.0
XGB,100,8,0,0.806667,1.5885,0.1954,2.2215,0.12
XGB,100,8,1,0.813333,1.6144,0.1965,2.2132,0.11
XGB,100,8,2,0.805,1.5905,0.1976,2.2219,0.13
XGB,100,8,3,0.776667,1.5526,0.207,2.2841,0.11
XGB,100,8,4,0.803333,1.5847,0.2,2.2313,0.12
XGB,100,8,5,0.815,1.6148,0.1982,2.207,0.11
XGB,100,8,6,0.816667,1.6112,0.1902,2.1909,0.1
XGB,100,8,7,0.8,1.5827,0.1968,2.209,0.11
XGB,100,8,8,0.803333,1.5976,0.2013,2.2341,0.1
XGB,100,8,9,0.788333,1.5643,0.205,2.2551,0.11
XGB,100,8,-1,0.803333,1.5901,0.1975,2.2197,0.0
XGB,100,9,0,0.756667,1.541,0.2461,2.376,0.11
XGB,100,9,1,0.746667,1.5201,0.272,2.5252,0.11
XGB,100,9,2,0.753333,1.4864,0.2398,2.3828,0.1
XGB,100,9,3,0.755,1.5245,0.2449,2.3925,0.1
XGB,100,9,4,0.756667,1.5309,0.2419,2.3757,0.11
XGB,100,9,5,0.751667,1.5272,0.2552,2.428,0.11
XGB,100,9,6,0.753333,1.529,0.2534,2.4216,0.11
XGB,100,9,7,0.76,1.5625,0.2524,2.3947,0.11
XGB,100,9,8,0.743333,1.4996,0.259,2.4829,0.11
XGB,100,9,9,0.753333,1.5481,0.2567,2.4294,0.11
XGB,100,9,-1,0.751667,1.5269,0.2492,2.4098,0.0
XGB,200,0,0,0.841667,1.6141,0.1603,2.0662,0.11
XGB,200,0,1,0.845,1.6068,0.1592,2.0592,0.11
XGB,200,0,2,0.833333,1.5911,0.1628,2.0629,0.11
XGB,200,0,3,0.84,1.6164,0.1564,2.0566,0.11
XGB,200,0,4,0.836667,1.5913,0.1615,2.0532,0.1
XGB,200,0,5,0.841667,1.6105,0.1574,2.057,0.11
XGB,200,0,6,0.838333,1.5995,0.1576,2.0637,0.11
XGB,200,0,7,0.843333,1.6107,0.1541,2.0523,0.11
XGB,200,0,8,0.835,1.6036,0.1541,2.0555,0.11
XGB,200,0,9,0.843333,1.596,0.1586,2.0525,0.11
XGB,200,0,-1,0.84,1.604,0.1568,2.0553,0.0
XGB,200,1,0,0.815,1.6093,0.158,2.07,0.11
XGB,200,1,1,0.828333,1.62,0.1589,2.0715,0.11
XGB,200,1,2,0.82,1.6143,0.16,2.0747,0.1
XGB,200,1,3,0.821667,1.6052,0.161,2.0716,0.11
XGB,200,1,4,0.83,1.6262,0.157,2.0688,0.11
XGB,200,1,5,0.818333,1.6149,0.162,2.0778,0.11
XGB,200,1,6,0.825,1.615,0.1516,2.0518,0.11
XGB,200,1,7,0.825,1.6196,0.1575,2.0599,0.11
XGB,200,1,8,0.823333,1.6155,0.1539,2.0586,0.11
XGB,200,1,9,0.823333,1.6106,0.16,2.0697,0.11
XGB,200,1,-1,0.823333,1.6151,0.1567,2.0631,0.0
XGB,200,2,0,0.838333,1.6762,0.1457,2.0864,0.09
XGB,200,2,1,0.846667,1.6758,0.1414,2.0744,0.1
XGB,200,2,2,0.835,1.6662,0.1458,2.0917,0.1
XGB,200,2,3,0.845,1.6759,0.148,2.1005,0.1
XGB,200,2,4,0.836667,1.6657,0.1503,2.0943,0.09
XGB,200,2,5,0.843333,1.6716,0.1477,2.1006,0.1
XGB,200,2,6,0.836667,1.6639,0.1434,2.0808,0.1
XGB,200,2,7,0.838333,1.6691,0.1449,2.0931,0.11
XGB,200,2,8,0.845,1.6804,0.1406,2.0701,0.1
XGB,200,2,9,0.836667,1.667,0.1471,2.0936,0.1
XGB,200,2,-1,0.84,1.6712,0.1448,2.0864,0.0
XGB,200,3,0,0.801667,1.5915,0.1787,2.194,0.11
XGB,200,3,1,0.806667,1.5895,0.183,2.2,0.1
XGB,200,3,2,0.796667,1.583,0.1861,2.2102,0.11
XGB,200,3,3,0.798333,1.5891,0.1885,2.2301,0.11
XGB,200,3,4,0.803333,1.6002,0.1809,2.1897,0.1
XGB,200,3,5,0.805,1.6002,0.1801,2.1854,0.11
XGB,200,3,6,0.795,1.5731,0.1858,2.2131,0.1
XGB,200,3,7,0.805,1.5966,0.1929,2.2494,0.11
XGB,200,3,8,0.796667,1.5924,0.1923,2.251,0.11
XGB,200,3,9,0.793333,1.5759,0.1922,2.2519,0.11
XGB,200,3,-1,0.8,1.5892,0.1845,2.2107,0.0
XGB,200,4,0,0.798333,1.5662,0.1749,2.1172,0.11
XGB,200,4,1,0.791667,1.5607,0.1832,2.1519,0.11
XGB,200,4,2,0.791667,1.5654,0.1787,2.1267,0.11
XGB,200,4,3,0.791667,1.5665,0.1788,2.1413,0.11
XGB,200,4,4,0.788333,1.5613,0.181,2.1445,0.11
XGB,200,4,5,0.786667,1.5558,0.1827,2.1456,0.11
XGB,200,4,6,0.79,1.5626,0.1809,2.1442,0.1
XGB,200,4,7,0.796667,1.5645,0.1826,2.141,0.11
XGB,200,4,8,0.786667,1.5558,0.1829,2.1365,0.1
XGB,200,4,9,0.795,1.5657,0.1763,2.1156,0.11
XGB,200,4,-1,0.79,1.5625,0.1795,2.1345,0.0
XGB,200,5,0,0.818333,1.6069,0.1636,2.112,0.11
XGB,200,5,1,0.813333,1.6107,0.1646,2.1098,0.11
XGB,200,5,2,0.813333,1.608,0.1649,2.1024,0.1
XGB,200,5,3,0.815,1.6125,0.1643,2.1088,0.11
XGB,200,5,4,0.81,1.6009,0.1658,2.109,0.1
XGB,200,5,5,0.816667,1.6079,0.1649,2.1079,0.11
XGB,200,5,6,0.808333,1.6097,0.1587,2.0852,0.11
XGB,200,5,7,0.816667,1.6187,0.1623,2.0988,0.11
XGB,200,5,8,0.815,1.6072,0.1661,2.1087,0.11
XGB,200,5,9,0.818333,1.6103,0.1622,2.1061,0.11
XGB,200,5,-1,0.815,1.6093,0.1628,2.1028,0.0
XGB,200,6,0,0.786667,1.5677,0.1701,2.1932,0.1
XGB,200,6,1,0.788333,1.5695,0.1734,2.2065,0.11
XGB,200,6,2,0.786667,1.5817,0.1654,2.1806,0.1
XGB,200,6,3,0.786667,1.5807,0.1723,2.2098,0.11
XGB,200,6,4,0.793333,1.5767,0.1651,2.1938,0.1
XGB,200,6,5,0.783333,1.5708,0.1716,2.2039,0.11
XGB,200,6,6,0.791667,1.5809,0.1676,2.1957,0.11
XGB,200,6,7,0.781667,1.5757,0.1803,2.2261,0.11
XGB,200,6,8,0.79,1.5625,0.172,2.2181,0.11
XGB,200,6,9,0.791667,1.5902,0.1755,2.2156,0.11
XGB,200,6,-1,0.783333,1.5756,0.17,2.2002,0.0
XGB,200,7,0,0.85,1.6766,0.1384,2.0494,0.12
XGB,200,7,1,0.833333,1.6418,0.1398,2.0567,0.11
XGB,200,7,2,0.84,1.6549,0.1398,2.0552,0.11
XGB,200,7,3,0.835,1.6493,0.1457,2.0712,0.09
XGB,200,7,4,0.848333,1.6594,0.1293,2.0342,0.1
XGB,200,7,5,0.821667,1.6376,0.145,2.0685,0.1
XGB,200,7,6,0.836667,1.6443,0.139,2.0561,0.1
XGB,200,7,7,0.838333,1.6467,0.1449,2.0739,0.09
XGB,200,7,8,0.813333,1.6255,0.1485,2.0826,0.11
XGB,200,7,9,0.821667,1.6304,0.1398,2.0507,0.11
XGB,200,7,-1,0.836667,1.6466,0.1396,2.0531,0.0
XGB,200,8,0,0.843333,1.6726,0.1539,2.0759,0.12
XGB,200,8,1,0.838333,1.6391,0.1431,2.047,0.11
XGB,200,8,2,0.843333,1.6837,0.1508,2.0676,0.11
XGB,200,8,3,0.838333,1.641,0.1449,2.0565,0.11
XGB,200,8,4,0.848333,1.6949,0.1552,2.0857,0.1
XGB,200,8,5,0.826667,1.6416,0.1495,2.0658,0.11
XGB,200,8,6,0.836667,1.63,0.148,2.0565,0.11
XGB,200,8,7,0.836667,1.654,0.1472,2.0618,0.11
XGB,200,8,8,0.831667,1.645,0.147,2.0645,0.11
XGB,200,8,9,0.835,1.6497,0.1447,2.06,0.11
XGB,200,8,-1,0.838333,1.6552,0.1455,2.0599,0.0
XGB,200,9,0,0.821667,1.6076,0.1592,2.0856,0.11
XGB,200,9,1,0.821667,1.6056,0.17,2.1071,0.11
XGB,200,9,2,0.825,1.6118,0.1552,2.0763,0.11
XGB,200,9,3,0.826667,1.61,0.154,2.0747,0.11
XGB,200,9,4,0.821667,1.6084,0.1597,2.0923,0.11
XGB,200,9,5,0.821667,1.6104,0.1595,2.091,0.11
XGB,200,9,6,0.82,1.5989,0.1613,2.0908,0.11
XGB,200,9,7,0.821667,1.6024,0.1592,2.0893,0.11
XGB,200,9,8,0.821667,1.6007,0.1629,2.0869,0.11
XGB,200,9,9,0.823333,1.6052,0.1574,2.0857,0.11
XGB,200,9,-1,0.828333,1.6061,0.1588,2.0854,0.0
XGB,300,0,0,0.833333,1.6335,0.1436,2.029,0.11
XGB,300,0,1,0.843333,1.6362,0.1466,2.0374,0.12
XGB,300,0,2,0.838333,1.6219,0.1511,2.034,0.11
XGB,300,0,3,0.835,1.6296,0.1492,2.0278,0.11
XGB,300,0,4,0.836667,1.6277,0.1488,2.0349,0.11
XGB,300,0,5,0.833333,1.6191,0.1505,2.0523,0.11
XGB,300,0,6,0.835,1.6342,0.1442,2.03,0.11
XGB,300,0,7,0.843333,1.6369,0.1478,2.0256,0.11
XGB,300,0,8,0.84,1.631,0.1446,2.034,0.11
XGB,300,0,9,0.831667,1.6328,0.1439,2.0305,0.11
XGB,300,0,-1,0.835,1.6303,0.1462,2.0307,0.0
XGB,300,1,0,0.818333,1.6231,0.1386,2.0854,0.11
XGB,300,1,1,0.826667,1.6278,0.1376,2.0814,0.11
XGB,300,1,2,0.82,1.6264,0.1454,2.0861,0.11
XGB,300,1,3,0.821667,1.616,0.1461,2.085,0.11
XGB,300,1,4,0.826667,1.6215,0.1413,2.0877,0.11
XGB,300,1,5,0.811667,1.6099,0.1469,2.0935,0.11
XGB,300,1,6,0.82,1.6214,0.1443,2.0953,0.11
XGB,300,1,7,0.828333,1.636,0.1358,2.0638,0.11
XGB,300,1,8,0.82,1.6238,0.1383,2.0835,0.11
XGB,300,1,9,0.816667,1.6188,0.1456,2.0905,0.11
XGB,300,1,-1,0.815,1.6225,0.1407,2.0825,0.0
XGB,300,2,0,0.845,1.6455,0.1366,2.0232,0.12
XGB,300,2,1,0.841667,1.6312,0.1504,2.0445,0.11
XGB,300,2,2,0.845,1.6306,0.1734,2.0635,0.11
XGB,300,2,3,0.845,1.6383,0.1461,2.0484,0.11
XGB,300,2,4,0.843333,1.6402,0.1581,2.0744,0.11
XGB,300,2,5,0.846667,1.641,0.144,2.0397,0.09
XGB,300,2,6,0.853333,1.6544,0.1407,2.039,0.1
XGB,300,2,7,0.851667,1.653,0.1351,2.0439,0.1
XGB,300,2,8,0.85,1.6491,0.1397,2.0298,0.09
XGB,300,2,9,0.843333,1.6433,0.1424,2.0478,0.1
XGB,300,2,-1,0.843333,1.6427,0.1437,2.0388,0.0
XGB,300,3,0,0.833333,1.6431,0.1133,1.9966,0.11
XGB,300,3,1,0.831667,1.6386,0.1131,1.9956,0.11
XGB,300,3,2,0.825,1.631,0.1175,2.0238,0.11
XGB,300,3,3,0.825,1.6302,0.1169,2.0,0.11
XGB,300,3,4,0.828333,1.6383,0.1143,2.0092,0.11
XGB,300,3,5,0.838333,1.6505,0.109,1.984,0.11
XGB,300,3,6,0.833333,1.6416,0.1116,1.9977,0.13
XGB,300,3,7,0.828333,1.6421,0.1135,1.9987,0.11
XGB,300,3,8,0.835,1.6469,0.1107,1.9959,0.11
XGB,300,3,9,0.831667,1.6397,0.1129,1.9947,0.11
XGB,300,3,-1,0.83,1.6402,0.1119,1.9962,0.0
XGB,300,4,0,0.871667,1.7315,0.1102,1.9974,0.11
XGB,300,4,1,0.86,1.7075,0.1113,2.0292,0.11
XGB,300,4,2,0.87,1.7182,0.1054,1.9959,0.11
XGB,300,4,3,0.865,1.7189,0.1146,2.014,0.11
XGB,300,4,4,0.87,1.7194,0.1058,1.9965,0.11
XGB,300,4,5,0.865,1.7188,0.1083,2.0005,0.11
XGB,300,4,6,0.855,1.7131,0.113,2.0299,0.11
XGB,300,4,7,0.868333,1.722,0.1041,1.9945,0.12
XGB,300,4,8,0.866667,1.7392,0.1154,2.0124,0.11
XGB,300,4,9,0.87,1.7166,0.1048,1.9854,0.11
XGB,300,4,-1,0.866667,1.7205,0.1081,2.0026,0.0
XGB,300,5,0,0.785,1.5751,0.1792,2.1488,0.11
XGB,300,5,1,0.791667,1.5756,0.1787,2.1417,0.11
XGB,300,5,2,0.786667,1.5735,0.1792,2.1413,0.11
XGB,300,5,3,0.788333,1.58,0.1774,2.1418,0.11
XGB,300,5,4,0.781667,1.5779,0.1789,2.1437,0.11
XGB,300,5,5,0.788333,1.5865,0.1754,2.1274,0.11
XGB,300,5,6,0.785,1.5717,0.1814,2.1534,0.11
XGB,300,5,7,0.79,1.57,0.1838,2.1597,0.11
XGB,300,5,8,0.791667,1.5901,0.1839,2.1564,0.11
XGB,300,5,9,0.791667,1.584,0.1763,2.1362,0.11
XGB,300,5,-1,0.786667,1.5785,0.1786,2.1423,0.0
XGB,300,6,0,0.851667,1.6806,0.1309,2.0168,0.11
XGB,300,6,1,0.855,1.6803,0.1307,2.0161,0.11
XGB,300,6,2,0.848333,1.6754,0.1322,2.0266,0.11
XGB,300,6,3,0.843333,1.6754,0.1273,2.0169,0.11
XGB,300,6,4,0.853333,1.6763,0.1329,2.018,0.11
XGB,300,6,5,0.858333,1.6865,0.1267,2.0047,0.11
XGB,300,6,6,0.85,1.6737,0.1309,2.0196,0.11
XGB,300,6,7,0.848333,1.6694,0.1314,2.0075,0.11
XGB,300,6,8,0.853333,1.6792,0.1286,2.0102,0.11
XGB,300,6,9,0.853333,1.6755,0.1297,2.0175,0.11
XGB,300,6,-1,0.853333,1.6772,0.1293,2.014,0.0
XGB,300,7,0,0.843333,1.6337,0.12,1.9893,0.11
XGB,300,7,1,0.835,1.6245,0.1275,2.0012,0.11
XGB,300,7,2,0.836667,1.634,0.123,2.0035,0.11
XGB,300,7,3,0.836667,1.6341,0.1205,1.9947,0.12
XGB,300,7,4,0.835,1.6227,0.123,2.0002,0.1
XGB,300,7,5,0.84,1.6269,0.1347,2.0291,0.1
XGB,300,7,6,0.841667,1.6238,0.1313,2.0061,0.1
XGB,300,7,7,0.838333,1.632,0.1336,2.0296,0.1
XGB,300,7,8,0.818333,1.622,0.1253,2.0078,0.1
XGB,300,7,9,0.843333,1.6238,0.1366,2.029,0.11
XGB,300,7,-1,0.836667,1.6278,0.1257,2.0002,0.0
XGB,300,8,0,0.855,1.6776,0.1223,1.9958,0.11
XGB,300,8,1,0.846667,1.6563,0.1246,1.9895,0.12
XGB,300,8,2,0.845,1.6569,0.1217,1.9858,0.11
XGB,300,8,3,0.85,1.6652,0.1245,1.9938,0.11
XGB,300,8,4,0.85,1.6583,0.1218,1.9845,0.11
XGB,300,8,5,0.855,1.6663,0.1235,1.9955,0.11
XGB,300,8,6,0.858333,1.6631,0.1229,1.9874,0.11
XGB,300,8,7,0.858333,1.6804,0.1257,2.0039,0.11
XGB,300,8,8,0.851667,1.6603,0.1223,1.986,0.11
XGB,300,8,9,0.848333,1.6582,0.1225,1.9893,0.11
XGB,300,8,-1,0.855,1.6643,0.1221,1.9895,0.0
XGB,300,9,0,0.843333,1.658,0.1142,2.0002,0.12
XGB,300,9,1,0.853333,1.6602,0.1116,1.9941,0.11
XGB,300,9,2,0.838333,1.6448,0.1184,2.0026,0.11
XGB,300,9,3,0.851667,1.6591,0.1138,2.0034,0.12
XGB,300,9,4,0.85,1.665,0.1105,1.989,0.12
XGB,300,9,5,0.845,1.6464,0.1187,2.0058,0.12
XGB,300,9,6,0.846667,1.6537,0.1149,1.9957,0.12
XGB,300,9,7,0.846667,1.6551,0.114,1.9975,0.12
XGB,300,9,8,0.841667,1.6551,0.1132,1.9992,0.12
XGB,300,9,9,0.855,1.6623,0.1107,1.989,0.12
XGB,300,9,-1,0.846667,1.656,0.1132,1.9958,0.0
XGB,400,0,0,0.856667,1.7007,0.1161,2.0221,0.12
XGB,400,0,1,0.853333,1.6996,0.1191,2.0261,0.14
XGB,400,0,2,0.85,1.6974,0.1195,2.0299,0.12
XGB,400,0,3,0.85,1.6969,0.1204,2.0338,0.12
XGB,400,0,4,0.845,1.6987,0.1196,2.0344,0.11
XGB,400,0,5,0.848333,1.6961,0.1204,2.0255,0.11
XGB,400,0,6,0.851667,1.6961,0.1191,2.0233,0.12
XGB,400,0,7,0.853333,1.6989,0.1151,2.0221,0.12
XGB,400,0,8,0.85,1.6983,0.1186,2.0275,0.12
XGB,400,0,9,0.843333,1.6866,0.1231,2.0342,0.12
XGB,400,0,-1,0.85,1.6969,0.1183,2.0262,0.0
XGB,400,1,0,0.848333,1.6543,0.1336,2.0329,0.12
XGB,400,1,1,0.863333,1.6666,0.1264,2.0093,0.12
XGB,400,1,2,0.858333,1.655,0.1339,2.0389,0.12
XGB,400,1,3,0.861667,1.6621,0.1279,2.0136,0.12
XGB,400,1,4,0.853333,1.6533,0.1263,2.0202,0.11
XGB,400,1,5,0.858333,1.6655,0.131,2.0211,0.12
XGB,400,1,6,0.85,1.6586,0.1288,2.0273,0.12
XGB,400,1,7,0.858333,1.659,0.1318,2.035,0.11
XGB,400,1,8,0.86,1.6603,0.1293,2.0361,0.12
XGB,400,1,9,0.856667,1.6593,0.1284,2.0251,0.12
XGB,400,1,-1,0.855,1.6594,0.129,2.0238,0.0
XGB,400,2,0,0.838333,1.6174,0.1536,2.0459,0.12
XGB,400,2,1,0.836667,1.6237,0.1458,2.0252,0.12
XGB,400,2,2,0.815,1.5966,0.1575,2.07,0.11
XGB,400,2,3,0.835,1.6233,0.1428,2.0244,0.11
XGB,400,2,4,0.83,1.618,0.1483,2.0404,0.11
XGB,400,2,5,0.828333,1.6096,0.1481,2.0371,0.1
XGB,400,2,6,0.828333,1.6133,0.1489,2.0448,0.1
XGB,400,2,7,0.836667,1.6154,0.1527,2.0472,0.12
XGB,400,2,8,0.83,1.611,0.151,2.0409,0.12
XGB,400,2,9,0.835,1.6179,0.1511,2.0411,0.12
XGB,400,2,-1,0.828333,1.6146,0.1489,2.0384,0.0
XGB,400,3,0,0.868333,1.7259,0.112,1.9781,0.12
XGB,400,3,1,0.868333,1.711,0.1055,1.968,0.12
XGB,400,3,2,0.868333,1.7291,0.1151,1.9856,0.12
XGB,400,3,3,0.87,1.7276,0.1135,1.9821,0.12
XGB,400,3,4,0.868333,1.7149,0.108,1.9765,0.11
XGB,400,3,5,0.87,1.7175,0.1131,1.9887,0.12
XGB,400,3,6,0.868333,1.7272,0.1076,1.9675,0.12
XGB,400,3,7,0.873333,1.7257,0.1125,1.9845,0.12
XGB,400,3,8,0.871667,1.7233,0.1145,1.9831,0.12
XGB,400,3,9,0.868333,1.7202,0.1119,1.9799,0.12
XGB,400,3,-1,0.868333,1.7222,0.1106,1.9785,0.0
XGB,400,4,0,0.866667,1.6836,0.1141,1.9899,0.12
XGB,400,4,1,0.865,1.6923,0.1098,1.9844,0.12
XGB,400,4,2,0.866667,1.6857,0.1155,1.9902,0.11
XGB,400,4,3,0.868333,1.6822,0.1165,1.9973,0.12
XGB,400,4,4,0.868333,1.6809,0.1169,1.9952,0.11
XGB,400,4,5,0.871667,1.6883,0.1126,1.9858,0.12
XGB,400,4,6,0.866667,1.6815,0.1158,1.9923,0.12
XGB,400,4,7,0.863333,1.6848,0.116,1.9946,0.12
XGB,400,4,8,0.865,1.6823,0.1165,1.9865,0.12
XGB,400,4,9,0.87,1.6929,0.1125,1.985,0.12
XGB,400,4,-1,0.871667,1.6854,0.1141,1.9888,0.0
XGB,400,5,0,0.861667,1.7007,0.109,1.9948,0.12
XGB,400,5,1,0.855,1.6949,0.1059,1.9822,0.12
XGB,400,5,2,0.858333,1.7039,0.1026,1.9832,0.12
XGB,400,5,3,0.86,1.7072,0.1051,1.9877,0.11
XGB,400,5,4,0.861667,1.7082,0.1052,1.9829,0.11
XGB,400,5,5,0.856667,1.7037,0.1103,1.9936,0.12
XGB,400,5,6,0.861667,1.6972,0.1088,1.9874,0.12
XGB,400,5,7,0.856667,1.6995,0.1111,1.9937,0.11
XGB,400,5,8,0.853333,1.6988,0.1079,1.9896,0.12
XGB,400,5,9,0.855,1.6955,0.1134,2.003,0.12
XGB,400,5,-1,0.858333,1.701,0.1069,1.9871,0.0
XGB,400,6,0,0.86,1.6808,0.1087,1.9591,0.12
XGB,400,6,1,0.853333,1.674,0.1063,1.9599,0.12
XGB,400,6,2,0.855,1.6795,0.1065,1.9631,0.11
XGB,400,6,3,0.858333,1.6772,0.107,1.9588,0.12
XGB,400,6,4,0.856667,1.673,0.1089,1.9636,0.12
XGB,400,6,5,0.856667,1.6783,0.1078,1.956,0.11
XGB,400,6,6,0.86,1.6811,0.1067,1.9559,0.11
XGB,400,6,7,0.855,1.6691,0.114,1.9689,0.11
XGB,400,6,8,0.846667,1.6779,0.1059,1.9581,0.12
XGB,400,6,9,0.848333,1.6764,0.1078,1.9679,0.12
XGB,400,6,-1,0.855,1.6767,0.107,1.9593,0.0
XGB,400,7,0,0.856667,1.6813,0.0994,1.9151,0.1
XGB,400,7,1,0.853333,1.6751,0.1053,1.9218,0.11
XGB,400,7,2,0.855,1.6791,0.1133,1.9228,0.11
XGB,400,7,3,0.848333,1.6712,0.1126,1.9175,0.1
XGB,400,7,4,0.85,1.6817,0.11,1.9199,0.11
XGB,400,7,5,0.855,1.6766,0.0995,1.9082,0.13
XGB,400,7,6,0.856667,1.6802,0.0972,1.9234,0.12
XGB,400,7,7,0.848333,1.6831,0.1002,1.9119,0.12
XGB,400,7,8,0.845,1.681,0.1018,1.9143,0.12
XGB,400,7,9,0.855,1.6838,0.1037,1.9224,0.11
XGB,400,7,-1,0.851667,1.6793,0.1025,1.9137,0.0
XGB,400,8,0,0.868333,1.7031,0.1033,2.006,0.11
XGB,400,8,1,0.865,1.6894,0.1054,2.0184,0.12
XGB,400,8,2,0.866667,1.6969,0.1008,1.9956,0.12
XGB,400,8,3,0.86,1.686,0.1062,2.0238,0.12
XGB,400,8,4,0.878333,1.7183,0.1033,2.0108,0.12
XGB,400,8,5,0.863333,1.6954,0.106,2.0147,0.12
XGB,400,8,6,0.866667,1.6976,0.103,2.0239,0.12
XGB,400,8,7,0.87,1.7092,0.1009,2.0009,0.12
XGB,400,8,8,0.875,1.7005,0.1022,2.0136,0.11
XGB,400,8,9,0.88,1.714,0.1025,2.0035,0.12
XGB,400,8,-1,0.866667,1.701,0.1021,2.0087,0.0
XGB,400,9,0,0.841667,1.6478,0.1209,1.9913,0.11
XGB,400,9,1,0.845,1.647,0.1229,2.001,0.12
XGB,400,9,2,0.838333,1.648,0.1238,1.9963,0.12
XGB,400,9,3,0.85,1.6569,0.1183,1.9841,0.12
XGB,400,9,4,0.843333,1.6451,0.1226,1.9966,0.12
XGB,400,9,5,0.84,1.6494,0.1192,1.9874,0.12
XGB,400,9,6,0.843333,1.6452,0.1234,1.997,0.12
XGB,400,9,7,0.84,1.6517,0.1216,1.9911,0.12
XGB,400,9,8,0.838333,1.6436,0.1205,1.9906,0.12
XGB,400,9,9,0.841667,1.6489,0.1211,1.989,0.11
XGB,400,9,-1,0.84,1.6484,0.1207,1.9913,0.0
XGB,800,0,0,0.896667,1.7601,0.067,1.9476,0.13
XGB,800,0,1,0.89,1.7589,0.0655,1.9397,0.13
XGB,800,0,2,0.895,1.7628,0.065,1.9385,0.13
XGB,800,0,3,0.893333,1.7569,0.0652,1.9411,0.13
XGB,800,0,4,0.895,1.7654,0.0649,1.939,0.13
XGB,800,0,5,0.893333,1.7613,0.0655,1.944,0.13
XGB,800,0,6,0.885,1.7613,0.0638,1.938,0.14
XGB,800,0,7,0.891667,1.7599,0.067,1.9456,0.13
XGB,800,0,8,0.891667,1.7642,0.0655,1.9423,0.13
XGB,800,0,9,0.891667,1.7575,0.0647,1.9411,0.13
XGB,800,0,-1,0.891667,1.7608,0.0645,1.9403,0.0
XGB,800,1,0,0.875,1.7087,0.0882,1.9353,0.13
XGB,800,1,1,0.875,1.7079,0.0882,1.9379,0.13
XGB,800,1,2,0.878333,1.709,0.0878,1.9375,0.13
XGB,800,1,3,0.87,1.7073,0.0891,1.9389,0.13
XGB,800,1,4,0.873333,1.7081,0.0874,1.9368,0.13
XGB,800,1,5,0.873333,1.7113,0.0864,1.9317,0.13
XGB,800,1,6,0.871667,1.7047,0.0899,1.9406,0.11
XGB,800,1,7,0.876667,1.7136,0.0844,1.9278,0.12
XGB,800,1,8,0.868333,1.7059,0.0897,1.9402,0.12
XGB,800,1,9,0.873333,1.7096,0.0891,1.9329,0.11
XGB,800,1,-1,0.873333,1.7086,0.0872,1.9348,0.0
XGB,800,2,0,0.878333,1.7022,0.0875,1.9191,0.14
XGB,800,2,1,0.873333,1.7024,0.0884,1.9253,0.13
XGB,800,2,2,0.87,1.6944,0.0915,1.9345,0.13
XGB,800,2,3,0.868333,1.7005,0.0874,1.9231,0.13
XGB,800,2,4,0.868333,1.6964,0.0873,1.9209,0.13
XGB,800,2,5,0.868333,1.6962,0.0894,1.9284,0.13
XGB,800,2,6,0.875,1.7041,0.0877,1.9207,0.13
XGB,800,2,7,0.87,1.6964,0.0896,1.9219,0.13
XGB,800,2,8,0.87,1.6991,0.0892,1.9259,0.13
XGB,800,2,9,0.865,1.7006,0.0881,1.9248,0.14
XGB,800,2,-1,0.871667,1.6992,0.0879,1.9234,0.0
XGB,800,3,0,0.871667,1.7019,0.0862,1.9094,0.13
XGB,800,3,1,0.876667,1.6983,0.0889,1.9105,0.13
XGB,800,3,2,0.873333,1.7,0.0892,1.9094,0.13
XGB,800,3,3,0.878333,1.7072,0.0848,1.9059,0.13
XGB,800,3,4,0.876667,1.7061,0.0797,1.9039,0.13
XGB,800,3,5,0.873333,1.697,0.0863,1.9089,0.13
XGB,800,3,6,0.87,1.7009,0.0866,1.9122,0.13
XGB,800,3,7,0.876667,1.7,0.0841,1.9098,0.14
XGB,800,3,8,0.88,1.7066,0.0864,1.906,0.14
XGB,800,3,9,0.873333,1.7033,0.0856,1.9083,0.13
XGB,800,3,-1,0.875,1.7021,0.0849,1.9076,0.0
XGB,800,4,0,0.878333,1.7324,0.0742,1.9359,0.13
XGB,800,4,1,0.873333,1.7315,0.0727,1.9331,0.13
XGB,800,4,2,0.87,1.7271,0.0752,1.9396,0.13
XGB,800,4,3,0.876667,1.7341,0.0749,1.9346,0.13
XGB,800,4,4,0.876667,1.7281,0.0748,1.9394,0.13
XGB,800,4,5,0.885,1.7344,0.0724,1.9322,0.14
XGB,800,4,6,0.873333,1.7277,0.0757,1.938,0.13
XGB,800,4,7,0.873333,1.7301,0.0746,1.9411,0.13
XGB,800,4,8,0.883333,1.7282,0.0733,1.9303,0.13
XGB,800,4,9,0.875,1.7265,0.0756,1.9393,0.13
XGB,800,4,-1,0.873333,1.73,0.0735,1.9349,0.0
XGB,800,5,0,0.856667,1.7041,0.0936,1.967,0.13
XGB,800,5,1,0.858333,1.7065,0.0911,1.9568,0.14
XGB,800,5,2,0.86,1.7074,0.0905,1.9579,0.13
XGB,800,5,3,0.853333,1.7045,0.0911,1.9601,0.13
XGB,800,5,4,0.851667,1.7002,0.0953,1.9644,0.13
XGB,800,5,5,0.856667,1.7051,0.0896,1.955,0.13
XGB,800,5,6,0.853333,1.7051,0.0925,1.9646,0.13
XGB,800,5,7,0.863333,1.7103,0.0908,1.9585,0.13
XGB,800,5,8,0.848333,1.7055,0.0918,1.9601,0.12
XGB,800,5,9,0.853333,1.7043,0.0925,1.9634,0.12
XGB,800,5,-1,0.851667,1.7053,0.0912,1.9595,0.0
XGB,800,6,0,0.868333,1.7184,0.0851,1.9407,0.12
XGB,800,6,1,0.871667,1.7189,0.0866,1.9321,0.11
XGB,800,6,2,0.868333,1.7176,0.0885,1.9449,0.13
XGB,800,6,3,0.866667,1.7214,0.088,1.949,0.14
XGB,800,6,4,0.865,1.7208,0.0838,1.9355,0.13
XGB,800,6,5,0.87,1.7215,0.087,1.9487,0.13
XGB,800,6,6,0.868333,1.7221,0.0864,1.9516,0.13
XGB,800,6,7,0.875,1.7219,0.0839,1.9379,0.13
XGB,800,6,8,0.868333,1.7221,0.0837,1.9437,0.13
XGB,800,6,9,0.866667,1.7171,0.0837,1.938,0.13
XGB,800,6,-1,0.868333,1.7202,0.0846,1.9417,0.0
XGB,800,7,0,0.881667,1.7269,0.07,1.9283,0.13
XGB,800,7,1,0.885,1.7355,0.0679,1.9311,0.13
XGB,800,7,2,0.885,1.7315,0.0679,1.9297,0.13
XGB,800,7,3,0.875,1.7246,0.0728,1.9339,0.13
XGB,800,7,4,0.89,1.7379,0.0661,1.9221,0.13
XGB,800,7,5,0.878333,1.7272,0.0715,1.9378,0.13
XGB,800,7,6,0.878333,1.7302,0.0697,1.9347,0.13
XGB,800,7,7,0.883333,1.7305,0.0704,1.9294,0.13
XGB,800,7,8,0.88,1.7315,0.0666,1.9268,0.13
XGB,800,7,9,0.88,1.7311,0.07,1.9341,0.13
XGB,800,7,-1,0.881667,1.7307,0.068,1.9292,0.0
XGB,800,8,0,0.878333,1.727,0.0703,1.9245,0.13
XGB,800,8,1,0.875,1.7197,0.0723,1.9275,0.13
XGB,800,8,2,0.875,1.7248,0.0715,1.9274,0.14
XGB,800,8,3,0.875,1.7212,0.0717,1.9295,0.13
XGB,800,8,4,0.876667,1.7196,0.0728,1.9208,0.13
XGB,800,8,5,0.876667,1.7198,0.0716,1.9299,0.13
XGB,800,8,6,0.875,1.7224,0.0708,1.9207,0.13
XGB,800,8,7,0.876667,1.7265,0.0687,1.9202,0.13
XGB,800,8,8,0.87,1.7219,0.0713,1.9259,0.13
XGB,800,8,9,0.873333,1.7245,0.0693,1.9197,0.14
XGB,800,8,-1,0.878333,1.7227,0.07,1.923,0.0
XGB,800,9,0,0.87,1.7045,0.0806,1.952,0.13
XGB,800,9,1,0.863333,1.7024,0.0788,1.9602,0.13
XGB,800,9,2,0.861667,1.7037,0.0827,1.9592,0.13
XGB,800,9,3,0.868333,1.6962,0.0837,1.96,0.14
XGB,800,9,4,0.865,1.6954,0.0845,1.9623,0.13
XGB,800,9,5,0.863333,1.7048,0.0799,1.9543,0.13
XGB,800,9,6,0.87,1.7023,0.0795,1.956,0.14
XGB,800,9,7,0.863333,1.7041,0.0794,1.9616,0.13
XGB,800,9,8,0.868333,1.7084,0.077,1.9527,0.13
XGB,800,9,9,0.86,1.6977,0.0802,1.9606,0.13
XGB,800,9,-1,0.863333,1.702,0.0794,1.9568,0.0
GPR,50,0,0,0.945,1.9185,0.1039,2.001,0.0
GPR,50,0,-1,0.945,1.9185,0.1039,2.001,0.0
GPR,50,1,0,0.898333,1.8728,0.1999,2.1725,0.0
GPR,50,1,-1,0.898333,1.8728,0.1999,2.1725,0.0
GPR,50,2,0,0.855,1.6928,0.1639,2.0475,0.0
GPR,50,2,-1,0.855,1.6928,0.1639,2.0475,0.0
GPR,50,3,0,0.765,1.4846,0.2178,2.2798,0.0
GPR,50,3,-1,0.765,1.4846,0.2178,2.2798,0.0
GPR,50,4,0,0.885,1.7161,0.1535,2.0338,0.0
GPR,50,4,-1,0.885,1.7161,0.1535,2.0338,0.0
GPR,50,5,0,0.948333,1.9014,0.0889,1.9642,0.0
GPR,50,5,-1,0.948333,1.9014,0.0889,1.9642,0.0
GPR,50,6,0,0.736667,1.4521,0.2842,2.4965,0.0
GPR,50,6,-1,0.736667,1.4521,0.2842,2.4965,0.0
GPR,50,7,0,0.925,1.8885,0.1814,2.09,0.0
GPR,50,7,-1,0.925,1.8885,0.1814,2.09,0.0
GPR,50,8,0,0.806667,1.5778,0.208,2.2019,0.0
GPR,50,8,-1,0.806667,1.5778,0.208,2.2019,0.0
GPR,50,9,0,0.926667,1.8493,0.0908,1.9781,0.0
GPR,50,9,-1,0.926667,1.8493,0.0908,1.9781,0.0
GPR,100,0,0,0.901667,1.8128,0.1355,2.0297,0.0
GPR,100,0,-1,0.901667,1.8128,0.1355,2.0297,0.0
GPR,100,1,0,0.796667,1.57,0.2068,2.2584,0.0
GPR,100,1,-1,0.796667,1.57,0.2068,2.2584,0.0
GPR,100,2,0,0.841667,1.6409,0.1395,1.9995,0.0
GPR,100,2,-1,0.841667,1.6409,0.1395,1.9995,0.0
GPR,100,3,0,0.88,1.7509,0.077,1.9484,0.0
GPR,100,3,-1,0.88,1.7509,0.077,1.9484,0.0
GPR,100,4,0,0.881667,1.7184,0.1177,1.9967,0.0
GPR,100,4,-1,0.881667,1.7184,0.1177,1.9966,0.0
GPR,100,5,0,0.848333,1.6374,0.1297,1.9883,0.0
GPR,100,5,-1,0.848333,1.6374,0.1297,1.9883,0.0
GPR,100,6,0,0.81,1.6092,0.1492,2.0641,0.0
GPR,100,6,-1,0.81,1.6092,0.1492,2.0641,0.0
GPR,100,7,0,0.915,1.8343,0.1033,1.9982,0.0
GPR,100,7,-1,0.915,1.8343,0.1033,1.9982,0.0
GPR,100,8,0,0.875,1.751,0.1147,2.0323,0.0
GPR,100,8,-1,0.875,1.751,0.1147,2.0323,0.0
GPR,100,9,0,0.831667,1.6374,0.1233,2.0182,0.0
GPR,100,9,-1,0.831667,1.6374,0.1233,2.0182,0.0
GPR,200,0,0,0.86,1.6521,0.129,1.9771,0.0
GPR,200,0,-1,0.86,1.6521,0.129,1.9771,0.0
GPR,200,1,0,0.821667,1.609,0.1506,2.0646,0.0
GPR,200,1,-1,0.821667,1.609,0.1506,2.0646,0.0
GPR,200,2,0,0.9,1.7652,0.0571,1.9275,0.0
GPR,200,2,-1,0.9,1.7652,0.0571,1.9275,0.0
GPR,200,3,0,0.871667,1.6909,0.0874,1.9292,0.0
GPR,200,3,-1,0.871667,1.6909,0.0874,1.9292,0.0
GPR,200,4,0,0.9,1.7857,0.0932,1.9665,0.0
GPR,200,4,-1,0.9,1.7857,0.0932,1.9665,0.0
GPR,200,5,0,0.918333,1.8331,0.0583,1.9276,0.0
GPR,200,5,-1,0.918333,1.8331,0.0583,1.9276,0.0
GPR,200,6,0,0.835,1.6543,0.1258,2.0517,0.0
GPR,200,6,-1,0.835,1.6543,0.1258,2.0517,0.0
GPR,200,7,0,0.915,1.8185,0.0941,1.9706,0.0
GPR,200,7,-1,0.915,1.8185,0.0941,1.9706,0.0
GPR,200,8,0,0.846667,1.6636,0.0755,1.9166,0.0
GPR,200,8,-1,0.846667,1.6636,0.0755,1.9166,0.0
GPR,200,9,0,0.861667,1.6728,0.0901,1.93,0.0
GPR,200,9,-1,0.861667,1.6728,0.0901,1.93,0.0
GPR,300,0,0,0.855,1.6772,0.1418,2.0256,0.01
GPR,300,0,-1,0.855,1.6772,0.1418,2.0256,0.0
GPR,300,1,0,0.866667,1.6936,0.0955,1.9387,0.0
GPR,300,1,-1,0.866667,1.6936,0.0955,1.9387,0.0
GPR,300,2,0,0.858333,1.6615,0.1123,1.9695,0.0
GPR,300,2,-1,0.858333,1.6615,0.1123,1.9695,0.0
GPR,300,3,0,0.863333,1.6938,0.0838,1.9284,0.0
GPR,300,3,-1,0.863333,1.6938,0.0838,1.9284,0.0
GPR,300,4,0,0.883333,1.7633,0.0851,1.9569,0.0
GPR,300,4,-1,0.883333,1.7633,0.0851,1.9569,0.0
GPR,300,5,0,0.816667,1.5916,0.1309,2.0024,0.0
GPR,300,5,-1,0.816667,1.5916,0.1309,2.0024,0.0
GPR,300,6,0,0.903333,1.7831,0.0661,1.9414,0.0
GPR,300,6,-1,0.903333,1.7831,0.0661,1.9414,0.0
GPR,300,7,0,0.843333,1.6612,0.0952,1.9648,0.0
GPR,300,7,-1,0.843333,1.6612,0.0952,1.9648,0.0
GPR,300,8,0,0.868333,1.7098,0.0978,1.9838,0.0
GPR,300,8,-1,0.868333,1.7098,0.0978,1.9838,0.0
GPR,300,9,0,0.905,1.7823,0.0635,1.9123,0.0
GPR,300,9,-1,0.905,1.7823,0.0635,1.9123,0.0
GPR,400,0,0,0.883333,1.7538,0.0668,1.9295,0.01
GPR,400,0,-1,0.883333,1.7538,0.0668,1.9295,0.0
GPR,400,1,0,0.866667,1.6942,0.0713,1.9305,0.01
GPR,400,1,-1,0.866667,1.6942,0.0713,1.9305,0.0
GPR,400,2,0,0.811667,1.5859,0.1654,2.1274,0.01
GPR,400,2,-1,0.811667,1.5859,0.1654,2.1274,0.0
GPR,400,3,0,0.886667,1.7444,0.0578,1.924,0.01
GPR,400,3,-1,0.886667,1.7444,0.0578,1.924,0.0
GPR,400,4,0,0.838333,1.6184,0.1289,2.0106,0.01
GPR,400,4,-1,0.838333,1.6184,0.1289,2.0106,0.0
GPR,400,5,0,0.863333,1.6911,0.0689,1.8964,0.01
GPR,400,5,-1,0.863333,1.6911,0.0689,1.8964,0.0
GPR,400,6,0,0.886667,1.739,0.0791,1.9299,0.01
GPR,400,6,-1,0.886667,1.739,0.0791,1.9299,0.0
GPR,400,7,0,0.868333,1.7036,0.0682,1.9201,0.01
GPR,400,7,-1,0.868333,1.7036,0.0682,1.9201,0.0
GPR,400,8,0,0.883333,1.7381,0.0553,1.9231,0.01
GPR,400,8,-1,0.883333,1.7381,0.0553,1.9231,0.0
GPR,400,9,0,0.896667,1.7547,0.0676,1.9381,0.01
GPR,400,9,-1,0.896667,1.7547,0.0676,1.9381,0.0
GPR,800,0,0,0.893333,1.7623,0.0552,1.9279,0.03
GPR,800,0,-1,0.893333,1.7623,0.0552,1.9279,0.0
GPR,800,1,0,0.87,1.6843,0.0727,1.914,0.03
GPR,800,1,-1,0.87,1.6843,0.0727,1.914,0.0
GPR,800,2,0,0.866667,1.6847,0.0853,1.9371,0.02
GPR,800,2,-1,0.866667,1.6847,0.0853,1.9371,0.0
GPR,800,3,0,0.865,1.6925,0.0669,1.907,0.02
GPR,800,3,-1,0.865,1.6925,0.0669,1.907,0.0
GPR,800,4,0,0.87,1.7099,0.0647,1.9289,0.03
GPR,800,4,-1,0.87,1.7099,0.0647,1.9289,0.0
GPR,800,5,0,0.813333,1.626,0.1098,1.9686,0.03
GPR,800,5,-1,0.813333,1.626,0.1098,1.9686,0.0
GPR,800,6,0,0.878333,1.7384,0.0937,1.9829,0.03
GPR,800,6,-1,0.878333,1.7384,0.0937,1.9829,0.0
GPR,800,7,0,0.866667,1.6997,0.0616,1.9078,0.03
GPR,800,7,-1,0.866667,1.6997,0.0616,1.9078,0.0
GPR,800,8,0,0.891667,1.7621,0.0509,1.9201,0.03
GPR,800,8,-1,0.891667,1.7621,0.0509,1.9201,0.0
GPR,800,9,0,0.853333,1.6725,0.0765,1.9305,0.03
GPR,800,9,-1,0.853333,1.6725,0.0765,1.9305,0.0
NGB,50,0,0,0.921667,1.9014,0.1779,2.157,0.69
NGB,50,0,-1,0.921667,1.9014,0.1779,2.157,0.0
NGB,50,1,0,0.835,1.6829,0.2852,2.5222,0.67
NGB,50,1,-1,0.835,1.6829,0.2852,2.5222,0.0
NGB,50,2,0,0.856667,1.7537,0.282,2.3446,0.69
NGB,50,2,-1,0.856667,1.7537,0.282,2.3446,0.0
NGB,50,3,0,0.756667,1.5286,0.267,2.4578,0.69
NGB,50,3,-1,0.756667,1.5286,0.267,2.4578,0.0
NGB,50,4,0,0.888333,1.843,0.2301,2.1725,0.67
NGB,50,4,-1,0.888333,1.843,0.2301,2.1725,0.0
NGB,50,5,0,0.906667,1.9781,0.2666,2.3078,0.68
NGB,50,5,-1,0.906667,1.9781,0.2666,2.3078,0.0
NGB,50,6,0,0.786667,1.5902,0.3159,2.59,0.67
NGB,50,6,-1,0.786667,1.5902,0.3159,2.59,0.0
NGB,50,7,0,0.893333,1.9312,0.2432,2.2479,0.67
NGB,50,7,-1,0.893333,1.9312,0.2432,2.2479,0.0
NGB,50,8,0,0.758333,1.4865,0.3443,2.6453,0.7
NGB,50,8,-1,0.758333,1.4865,0.3443,2.6453,0.0
NGB,50,9,0,0.866667,1.8438,0.2754,2.4241,0.69
NGB,50,9,-1,0.866667,1.8438,0.2754,2.4241,0.0
NGB,100,0,0,0.886667,1.8867,0.2237,2.204,0.69
NGB,100,0,-1,0.886667,1.8867,0.2237,2.204,0.0
NGB,100,1,0,0.845,1.8323,0.242,2.3449,0.68
NGB,100,1,-1,0.845,1.8323,0.242,2.3449,0.0
NGB,100,2,0,0.863333,1.7713,0.2051,2.2555,0.56
NGB,100,2,-1,0.863333,1.7713,0.2051,2.2555,0.0
NGB,100,3,0,0.831667,1.7015,0.1851,2.1939,0.57
NGB,100,3,-1,0.831667,1.7015,0.1851,2.1939,0.0
NGB,100,4,0,0.866667,1.7508,0.2052,2.2589,0.55
NGB,100,4,-1,0.866667,1.7508,0.2052,2.2589,0.0
NGB,100,5,0,0.913333,1.8863,0.1936,2.0731,0.68
NGB,100,5,-1,0.913333,1.8863,0.1936,2.0731,0.0
NGB,100,6,0,0.821667,1.6777,0.2206,2.3124,0.73
NGB,100,6,-1,0.821667,1.6777,0.2206,2.3124,0.0
NGB,100,7,0,0.941667,2.0051,0.1902,2.1332,0.7
NGB,100,7,-1,0.941667,2.0051,0.1902,2.1332,0.0
NGB,100,8,0,0.876667,1.8183,0.1904,2.2712,0.71
NGB,100,8,-1,0.876667,1.8183,0.1904,2.2712,0.0
NGB,100,9,0,0.851667,1.7597,0.207,2.1665,0.7
NGB,100,9,-1,0.851667,1.7597,0.207,2.1665,0.0
NGB,200,0,0,0.901667,1.807,0.1769,2.073,0.67
NGB,200,0,-1,0.901667,1.807,0.1769,2.073,0.0
NGB,200,1,0,0.885,1.8501,0.2197,2.1883,0.72
NGB,200,1,-1,0.885,1.8501,0.2197,2.1883,0.0
NGB,200,2,0,0.946667,1.9788,0.169,2.0968,0.73
NGB,200,2,-1,0.946667,1.9788,0.169,2.0968,0.0
NGB,200,3,0,0.906667,1.8998,0.2039,2.1805,0.71
NGB,200,3,-1,0.906667,1.8998,0.2039,2.1805,0.0
NGB,200,4,0,0.933333,1.9663,0.1746,2.0827,0.7
NGB,200,4,-1,0.933333,1.9663,0.1746,2.0827,0.0
NGB,200,5,0,0.94,1.9546,0.1654,2.1054,0.73
NGB,200,5,-1,0.94,1.9546,0.1654,2.1054,0.0
NGB,200,6,0,0.875,1.8024,0.1917,2.1844,0.73
NGB,200,6,-1,0.875,1.8024,0.1917,2.1844,0.0
NGB,200,7,0,0.941667,1.9861,0.1699,2.0819,0.71
NGB,200,7,-1,0.941667,1.9861,0.1699,2.0819,0.0
NGB,200,8,0,0.898333,1.8795,0.1729,2.1138,0.72
NGB,200,8,-1,0.898333,1.8795,0.1729,2.1138,0.0
NGB,200,9,0,0.926667,1.9236,0.1737,2.0935,0.71
NGB,200,9,-1,0.926667,1.9236,0.1737,2.0935,0.0
NGB,300,0,0,0.928333,1.8783,0.1751,2.0326,0.74
NGB,300,0,-1,0.928333,1.8783,0.1751,2.0326,0.0
NGB,300,1,0,0.905,1.887,0.183,2.1337,0.75
NGB,300,1,-1,0.905,1.887,0.183,2.1337,0.0
NGB,300,2,0,0.951667,1.9514,0.1938,2.0783,0.72
NGB,300,2,-1,0.951667,1.9514,0.1938,2.0783,0.0
NGB,300,3,0,0.931667,1.9409,0.1659,2.0684,0.73
NGB,300,3,-1,0.931667,1.9409,0.1659,2.0684,0.0
NGB,300,4,0,0.965,2.0528,0.1905,2.097,0.72
NGB,300,4,-1,0.965,2.0528,0.1905,2.097,0.0
NGB,300,5,0,0.876667,1.7794,0.1712,2.1524,0.74
NGB,300,5,-1,0.876667,1.7794,0.1712,2.1524,0.0
NGB,300,6,0,0.946667,2.0441,0.1962,2.1354,0.72
NGB,300,6,-1,0.946667,2.0441,0.1962,2.1354,0.0
NGB,300,7,0,0.931667,1.904,0.1428,2.0287,0.72
NGB,300,7,-1,0.931667,1.904,0.1428,2.0287,0.0
NGB,300,8,0,0.943333,1.9976,0.1847,2.1041,0.72
NGB,300,8,-1,0.943333,1.9976,0.1847,2.1041,0.0
NGB,300,9,0,0.946667,1.984,0.1618,2.0671,0.74
NGB,300,9,-1,0.946667,1.984,0.1618,2.0671,0.0
NGB,400,0,0,0.958333,2.005,0.1656,2.0898,0.74
NGB,400,0,-1,0.958333,2.005,0.1656,2.0898,0.0
NGB,400,1,0,0.94,1.9787,0.1697,2.0812,0.73
NGB,400,1,-1,0.94,1.9787,0.1697,2.0812,0.0
NGB,400,2,0,0.888333,1.8488,0.1922,2.1441,0.75
NGB,400,2,-1,0.888333,1.8488,0.1922,2.1441,0.0
NGB,400,3,0,0.968333,2.07,0.192,2.1131,0.74
NGB,400,3,-1,0.968333,2.07,0.192,2.1131,0.0
NGB,400,4,0,0.916667,1.9389,0.1894,2.1157,0.74
NGB,400,4,-1,0.916667,1.9389,0.1894,2.1157,0.0
NGB,400,5,0,0.951667,1.9883,0.1825,2.0715,0.73
NGB,400,5,-1,0.951667,1.9883,0.1825,2.0715,0.0
NGB,400,6,0,0.953333,1.9891,0.1546,2.067,0.74
NGB,400,6,-1,0.953333,1.9891,0.1546,2.067,0.0
NGB,400,7,0,0.956667,1.9536,0.1447,2.0205,0.74
NGB,400,7,-1,0.956667,1.9536,0.1447,2.0205,0.0
NGB,400,8,0,0.963333,2.0428,0.1655,2.0882,0.73
NGB,400,8,-1,0.963333,2.0428,0.1655,2.0882,0.0
NGB,400,9,0,0.96,1.9928,0.1579,2.0504,0.73
NGB,400,9,-1,0.96,1.9928,0.1579,2.0504,0.0
NGB,800,0,0,0.966667,2.0797,0.1916,2.1313,0.78
NGB,800,0,-1,0.966667,2.0797,0.1916,2.1313,0.0
NGB,800,1,0,0.94,1.9514,0.1591,2.0766,0.79
NGB,800,1,-1,0.94,1.9514,0.1591,2.0766,0.0
NGB,800,2,0,0.958333,1.9898,0.1643,2.0396,0.79
NGB,800,2,-1,0.958333,1.9898,0.1643,2.0396,0.0
NGB,800,3,0,0.968333,2.0202,0.1713,2.0677,0.78
NGB,800,3,-1,0.968333,2.0202,0.1713,2.0677,0.0
NGB,800,4,0,0.955,2.0128,0.1628,2.0742,0.79
NGB,800,4,-1,0.955,2.0128,0.1628,2.0742,0.0
NGB,800,5,0,0.941667,1.9517,0.1551,2.0364,0.79
NGB,800,5,-1,0.941667,1.9517,0.1551,2.0364,0.0
NGB,800,6,0,0.96,2.0424,0.1843,2.1161,0.78
NGB,800,6,-1,0.96,2.0424,0.1843,2.1161,0.0
NGB,800,7,0,0.965,2.0091,0.16,2.0476,0.79
NGB,800,7,-1,0.965,2.0091,0.16,2.0476,0.0
NGB,800,8,0,0.971667,2.0351,0.1609,2.0735,0.79
NGB,800,8,-1,0.971667,2.0351,0.1609,2.0735,0.0
NGB,800,9,0,0.945,1.9937,0.1597,2.0554,0.79
NGB,800,9,-1,0.945,1.9937,0.1597,2.0554,0.0
