gamma,C,c3,sum_rmse,picp_val,score,status
0.0009765625,0.0009765625,1,1.0031269617814114,0.0,10.003126961781412,ok
0.0009765625,0.0013810679320049757,1,1.0031269617814114,0.0,10.003126961781412,ok
0.0009765625,0.001953125,1,1.0031269617814114,0.0,10.003126961781412,ok
0.0009765625,0.0027621358640099515,1,1.0031269617814114,0.0,10.003126961781412,ok
0.0009765625,0.00390625,1,1.0031269617814114,0.0,10.003126961781412,ok
0.0009765625,0.005524271728019903,1,1.0031269617814114,0.0,10.003126961781412,ok
0.0009765625,0.0078125,1,1.0031269617814114,0.0,10.003126961781412,ok
0.0009765625,0.011048543456039806,1,1.0031269617814114,0.0,10.003126961781412,ok
0.0009765625,0.015625,1,1.0031269617814114,0.0,10.003126961781412,ok
0.0009765625,0.02209708691207961,1,1.0031269617814114,0.0,10.003126961781412,ok
0.0009765625,0.03125,1,1.0031269617814114,0.0,10.003126961781412,ok
0.0009765625,0.04419417382415922,1,0.9768347341378156,0.0,9.976834734137816,ok
0.0009765625,0.0625,1,0.762734494376847,0.24,7.362734494376848,ok
0.0009765625,0.08838834764831845,1,0.6045665355201093,0.5,4.604566535520109,ok
0.0009765625,0.125,1,0.5077542040905741,0.58,3.7077542040905747,ok
0.0009765625,0.1767766952966369,1,0.4482054756811822,0.72,2.248205475681183,ok
0.0009765625,0.25,1,0.45096523501011776,0.76,1.850965235010118,ok
0.0009765625,0.3535533905932738,1,0.45559135108134574,0.78,1.6555913510813456,ok
0.0009765625,0.5,1,0.5011557108036593,0.84,1.1011557108036598,ok
0.0009765625,0.7071067811865476,1,0.5563323725257354,0.86,0.9563323725257358,ok
0.0009765625,1.0,1,0.5563132518941413,0.86,0.9563132518941416,ok
0.0009765625,1.4142135623730951,1,0.5562686192638122,0.86,0.9562686192638126,ok
0.0009765625,2.0,1,0.616375852775554,0.9,0.616375852775554,ok
0.0009765625,2.8284271247461903,1,0.6163570721227761,0.9,0.6163570721227761,ok
0.0009765625,4.0,1,0.6163377247813004,0.9,0.6163377247813004,ok
0.0009765625,5.656854249492381,1,0.6163377247814403,0.9,0.6163377247814403,ok
0.0009765625,8.0,1,0.6163377247814403,0.9,0.6163377247814403,ok
0.0009765625,11.313708498984761,1,0.6163377247814403,0.9,0.6163377247814403,ok
0.0009765625,16.0,1,0.6163377247814403,0.9,0.6163377247814403,ok
0.0009765625,22.627416997969522,1,0.6163377247814403,0.9,0.6163377247814403,ok
0.0009765625,32.0,1,0.6163377247814403,0.9,0.6163377247814403,ok
0.0009765625,45.254833995939045,1,0.6163377247814403,0.9,0.6163377247814403,ok
0.0009765625,64.0,1,0.6163377247814403,0.9,0.6163377247814403,ok
0.0009765625,90.50966799187809,1,0.6163377247814403,0.9,0.6163377247814403,ok
0.0009765625,128.0,1,0.5787417649654842,0.86,0.9787417649654846,ok
0.0009765625,181.01933598375618,1,0.5787417649655007,0.86,0.978741764965501,ok
0.0009765625,256.0,1,0.5822992922309302,0.86,0.9822992922309306,ok
0.0009765625,362.03867196751236,1,0.5822992922309271,0.86,0.9822992922309275,ok
0.0009765625,512.0,1,0.5728532038440908,0.86,0.9728532038440911,ok
0.0009765625,724.0773439350247,1,0.5606511830877491,0.86,0.9606511830877494,ok
0.0009765625,1024.0,1,0.5538811519739344,0.86,0.9538811519739347,ok
0.0013810679320049757,0.0009765625,1,1.0031269617814114,0.0,10.003126961781412,ok
0.0013810679320049757,0.0013810679320049757,1,1.0031269617814114,0.0,10.003126961781412,ok
0.0013810679320049757,0.001953125,1,1.0031269617814114,0.0,10.003126961781412,ok
0.0013810679320049757,0.0027621358640099515,1,1.0031269617814114,0.0,10.003126961781412,ok
0.0013810679320049757,0.00390625,1,1.0031269617814114,0.0,10.003126961781412,ok
0.0013810679320049757,0.005524271728019903,1,1.0031269617814114,0.0,10.003126961781412,ok
0.0013810679320049757,0.0078125,1,1.0031269617814114,0.0,10.003126961781412,ok
0.0013810679320049757,0.011048543456039806,1,1.0031269617814114,0.0,10.003126961781412,ok
0.0013810679320049757,0.015625,1,1.0031269617814114,0.0,10.003126961781412,ok
0.0013810679320049757,0.02209708691207961,1,1.0031269617814114,0.0,10.003126961781412,ok
0.0013810679320049757,0.03125,1,1.0031269617814114,0.0,10.003126961781412,ok
0.0013810679320049757,0.04419417382415922,1,0.9768347341378156,0.0,9.976834734137816,ok
0.0013810679320049757,0.0625,1,0.762734494376847,0.24,7.362734494376848,ok
0.0013810679320049757,0.08838834764831845,1,0.6045665355201093,0.5,4.604566535520109,ok
0.0013810679320049757,0.125,1,0.5077542040905741,0.58,3.7077542040905747,ok
0.0013810679320049757,0.1767766952966369,1,0.44807438605730376,0.72,2.2480743860573043,ok
0.0013810679320049757,0.25,1,0.45120558984173975,0.76,1.8512055898417399,ok
0.0013810679320049757,0.3535533905932738,1,0.45526521277361787,0.78,1.6552652127736178,ok
0.0013810679320049757,0.5,1,0.5005515124998361,0.84,1.1005515124998366,ok
0.0013810679320049757,0.7071067811865476,1,0.5556424841059509,0.84,1.1556424841059514,ok
0.0013810679320049757,1.0,1,0.5556156554568491,0.84,1.1556156554568497,ok
0.0013810679320049757,1.4142135623730951,1,0.5555530912554147,0.84,1.1555530912554153,ok
0.0013810679320049757,2.0,1,0.6155195264485542,0.9,0.6155195264485542,ok
0.0013810679320049757,2.8284271247461903,1,0.6154953625234081,0.9,0.6154953625234081,ok
0.0013810679320049757,4.0,1,0.6154717199089652,0.9,0.6154717199089652,ok
0.0013810679320049757,5.656854249492381,1,0.6154717199089887,0.9,0.6154717199089887,ok
0.0013810679320049757,8.0,1,0.6154717199089887,0.9,0.6154717199089887,ok
0.0013810679320049757,11.313708498984761,1,0.6154717199089887,0.9,0.6154717199089887,ok
0.0013810679320049757,16.0,1,0.6154717199089886,0.9,0.6154717199089886,ok
0.0013810679320049757,22.627416997969522,1,0.6154717199089886,0.9,0.6154717199089886,ok
0.0013810679320049757,32.0,1,0.6154717199089886,0.9,0.6154717199089886,ok
0.0013810679320049757,45.254833995939045,1,0.6154717199089886,0.9,0.6154717199089886,ok
0.0013810679320049757,64.0,1,0.6154717199089886,0.9,0.6154717199089886,ok
0.0013810679320049757,90.50966799187809,1,0.5785068712903688,0.86,0.9785068712903692,ok
0.0013810679320049757,128.0,1,0.5785068712903711,0.86,0.9785068712903715,ok
0.0013810679320049757,181.01933598375618,1,0.5821371622269216,0.86,0.9821371622269219,ok
0.0013810679320049757,256.0,1,0.5821371622269218,0.86,0.9821371622269222,ok
0.0013810679320049757,362.03867196751236,1,0.5732056314139286,0.86,0.9732056314139289,ok
0.0013810679320049757,512.0,1,0.5607465050121976,0.86,0.9607465050121979,ok
0.0013810679320049757,724.0773439350247,1,0.5540263978813895,0.86,0.9540263978813899,ok
0.0013810679320049757,1024.0,1,0.39560156109996203,0.86,0.7956015610999624,ok
0.001953125,0.0009765625,1,1.0031269617814114,0.0,10.003126961781412,ok
0.001953125,0.0013810679320049757,1,1.0031269617814114,0.0,10.003126961781412,ok
0.001953125,0.001953125,1,1.0031269617814114,0.0,10.003126961781412,ok
0.001953125,0.0027621358640099515,1,1.0031269617814114,0.0,10.003126961781412,ok
0.001953125,0.00390625,1,1.0031269617814114,0.0,10.003126961781412,ok
0.001953125,0.005524271728019903,1,1.0031269617814114,0.0,10.003126961781412,ok
0.001953125,0.0078125,1,1.0031269617814114,0.0,10.003126961781412,ok
0.001953125,0.011048543456039806,1,1.0031269617814114,0.0,10.003126961781412,ok
0.001953125,0.015625,1,1.0031269617814114,0.0,10.003126961781412,ok
0.001953125,0.02209708691207961,1,1.0031269617814114,0.0,10.003126961781412,ok
0.001953125,0.03125,1,1.0031269617814114,0.0,10.003126961781412,ok
0.001953125,0.04419417382415922,1,0.9768347341378156,0.0,9.976834734137816,ok
0.001953125,0.0625,1,0.762734494376847,0.24,7.362734494376848,ok
0.001953125,0.08838834764831845,1,0.6045665355201093,0.5,4.604566535520109,ok
0.001953125,0.125,1,0.5077542040905741,0.58,3.7077542040905747,ok
0.001953125,0.1767766952966369,1,0.4478891825016381,0.72,2.2478891825016385,ok
0.001953125,0.25,1,0.45155080446758855,0.76,1.8515508044675886,ok
0.001953125,0.3535533905932738,1,0.45481153620232057,0.78,1.6548115362023206,ok
0.001953125,0.5,1,0.49970576730241234,0.84,1.0997057673024129,ok
0.001953125,0.7071067811865476,1,0.5546751824420633,0.84,1.1546751824420638,ok
0.001953125,1.0,1,0.5546376643715558,0.84,1.1546376643715563,ok
0.001953125,1.4142135623730951,1,0.5545502952105438,0.84,1.1545502952105444,ok
0.001953125,2.0,1,0.6143187220187443,0.9,0.6143187220187443,ok
0.001953125,2.8284271247461903,1,0.6142893347562386,0.9,0.6142893347562386,ok
0.001953125,4.0,1,0.6142633270870854,0.9,0.6142633270870854,ok
0.001953125,5.656854249492381,1,0.614263327087009,0.9,0.614263327087009,ok
0.001953125,8.0,1,0.614263327087009,0.9,0.614263327087009,ok
0.001953125,11.313708498984761,1,0.614263327087009,0.9,0.614263327087009,ok
0.001953125,16.0,1,0.614263327087009,0.9,0.614263327087009,ok
0.001953125,22.627416997969522,1,0.6142633270870093,0.9,0.6142633270870093,ok
0.001953125,32.0,1,0.6142633270870093,0.9,0.6142633270870093,ok
0.001953125,45.254833995939045,1,0.6142633270870093,0.9,0.6142633270870093,ok
0.001953125,64.0,1,0.5781829818379839,0.86,0.9781829818379842,ok
0.001953125,90.50966799187809,1,0.5781829818379807,0.86,0.978182981837981,ok
0.001953125,128.0,1,0.5819156895467382,0.86,0.9819156895467386,ok
0.001953125,181.01933598375618,1,0.5819156895467026,0.86,0.9819156895467029,ok
0.001953125,256.0,1,0.5737033594984089,0.86,0.9737033594984092,ok
0.001953125,362.03867196751236,1,0.5608818628542308,0.86,0.9608818628542312,ok
0.001953125,512.0,1,0.554232372308432,0.86,0.9542323723084324,ok
0.001953125,724.0773439350247,1,0.3955869446488548,0.86,0.7955869446488552,ok
0.001953125,1024.0,1,0.3771136648724992,0.82,1.1771136648725,ok
0.0027621358640099515,0.0009765625,1,1.0031269617814114,0.0,10.003126961781412,ok
0.0027621358640099515,0.0013810679320049757,1,1.0031269617814114,0.0,10.003126961781412,ok
0.0027621358640099515,0.001953125,1,1.0031269617814114,0.0,10.003126961781412,ok
0.0027621358640099515,0.0027621358640099515,1,1.0031269617814114,0.0,10.003126961781412,ok
0.0027621358640099515,0.00390625,1,1.0031269617814114,0.0,10.003126961781412,ok
0.0027621358640099515,0.005524271728019903,1,1.0031269617814114,0.0,10.003126961781412,ok
0.0027621358640099515,0.0078125,1,1.0031269617814114,0.0,10.003126961781412,ok
0.0027621358640099515,0.011048543456039806,1,1.0031269617814114,0.0,10.003126961781412,ok
0.0027621358640099515,0.015625,1,1.0031269617814114,0.0,10.003126961781412,ok
0.0027621358640099515,0.02209708691207961,1,1.0031269617814114,0.0,10.003126961781412,ok
0.0027621358640099515,0.03125,1,1.0031269617814114,0.0,10.003126961781412,ok
0.0027621358640099515,0.04419417382415922,1,0.9768347341378156,0.0,9.976834734137816,ok
0.0027621358640099515,0.0625,1,0.762734494376847,0.24,7.362734494376848,ok
0.0027621358640099515,0.08838834764831845,1,0.6045665355201093,0.5,4.604566535520109,ok
0.0027621358640099515,0.125,1,0.5077542040905741,0.58,3.7077542040905747,ok
0.0027621358640099515,0.1767766952966369,1,0.4476276346725582,0.72,2.2476276346725585,ok
0.0027621358640099515,0.25,1,0.4520492649649578,0.76,1.852049264964958,ok
0.0027621358640099515,0.3535533905932738,1,0.45418489959767083,0.78,1.654184899597671,ok
0.0027621358640099515,0.5,1,0.4985270116803165,0.84,1.098527011680317,ok
0.0027621358640099515,0.7071067811865476,1,0.5534087934219565,0.84,1.153408793421957,ok
0.0027621358640099515,1.0,1,0.553271570780115,0.84,1.1532715707801156,ok
0.0027621358640099515,1.4142135623730951,1,0.5531502271101386,0.84,1.1531502271101393,ok
0.0027621358640099515,2.0,1,0.6126408616979825,0.9,0.6126408616979825,ok
0.0027621358640099515,2.8284271247461903,1,0.6126088555559778,0.9,0.6126088555559778,ok
0.0027621358640099515,4.0,1,0.6125869041751129,0.9,0.6125869041751129,ok
0.0027621358640099515,5.656854249492381,1,0.61258690417507,0.9,0.61258690417507,ok
0.0027621358640099515,8.0,1,0.61258690417507,0.9,0.61258690417507,ok
0.0027621358640099515,11.313708498984761,1,0.61258690417507,0.9,0.61258690417507,ok
0.0027621358640099515,16.0,1,0.61258690417507,0.9,0.61258690417507,ok
0.0027621358640099515,22.627416997969522,1,0.6125869041750699,0.9,0.6125869041750699,ok
0.0027621358640099515,32.0,1,0.6125869041750699,0.9,0.6125869041750699,ok
0.0027621358640099515,45.254833995939045,1,0.5777414730879005,0.86,0.9777414730879008,ok
0.0027621358640099515,64.0,1,0.5777414730879193,0.86,0.9777414730879197,ok
0.0027621358640099515,90.50966799187809,1,0.5816180474469768,0.86,0.9816180474469771,ok
0.0027621358640099515,128.0,1,0.5816180474469481,0.86,0.9816180474469485,ok
0.0027621358640099515,181.01933598375618,1,0.57440587762934,0.86,0.9744058776293404,ok
0.0027621358640099515,256.0,1,0.561074394965134,0.86,0.9610743949651344,ok
0.0027621358640099515,362.03867196751236,1,0.554524796459441,0.86,0.9545247964594413,ok
0.0027621358640099515,512.0,1,0.39556650827246576,0.86,0.7955665082724661,ok
0.0027621358640099515,724.0773439350247,1,0.37707811957727705,0.82,1.1770781195772777,ok
0.0027621358640099515,1024.0,1,0.3770781195773396,0.82,1.1770781195773403,ok
0.00390625,0.0009765625,1,1.0031269617814114,0.0,10.003126961781412,ok
0.00390625,0.0013810679320049757,1,1.0031269617814114,0.0,10.003126961781412,ok
0.00390625,0.001953125,1,1.0031269617814114,0.0,10.003126961781412,ok
0.00390625,0.0027621358640099515,1,1.0031269617814114,0.0,10.003126961781412,ok
0.00390625,0.00390625,1,1.0031269617814114,0.0,10.003126961781412,ok
0.00390625,0.005524271728019903,1,1.0031269617814114,0.0,10.003126961781412,ok
0.00390625,0.0078125,1,1.0031269617814114,0.0,10.003126961781412,ok
0.00390625,0.011048543456039806,1,1.0031269617814114,0.0,10.003126961781412,ok
0.00390625,0.015625,1,1.0031269617814114,0.0,10.003126961781412,ok
0.00390625,0.02209708691207961,1,1.0031269617814114,0.0,10.003126961781412,ok
0.00390625,0.03125,1,1.0031269617814114,0.0,10.003126961781412,ok
0.00390625,0.04419417382415922,1,0.9768347341378156,0.0,9.976834734137816,ok
0.00390625,0.0625,1,0.762734494376847,0.24,7.362734494376848,ok
0.00390625,0.08838834764831845,1,0.6045665355201093,0.5,4.604566535520109,ok
0.00390625,0.125,1,0.5077542040905741,0.58,3.7077542040905747,ok
0.00390625,0.1767766952966369,1,0.4472584870780415,0.72,2.247258487078042,ok
0.00390625,0.25,1,0.4528022469355142,0.76,1.8528022469355143,ok
0.00390625,0.3535533905932738,1,0.45332820691698533,0.78,1.6533282069169852,ok
0.00390625,0.5,1,0.4968942441842361,0.84,1.0968942441842366,ok
0.00390625,0.7071067811865476,1,0.5515631687699472,0.84,1.1515631687699477,ok
0.00390625,1.0,1,0.5513732619111007,0.84,1.1513732619111012,ok
0.00390625,1.4142135623730951,1,0.5512686946796431,0.84,1.1512686946796435,ok
0.00390625,2.0,1,0.6103083529233334,0.88,0.8103083529233336,ok
0.00390625,2.8284271247461903,1,0.610282145985506,0.88,0.8102821459855062,ok
0.00390625,4.0,1,0.6102806804071199,0.88,0.8102806804071201,ok
0.00390625,5.656854249492381,1,0.6102806804070764,0.88,0.8102806804070766,ok
0.00390625,8.0,1,0.6102806804070763,0.88,0.8102806804070765,ok
0.00390625,11.313708498984761,1,0.6102806804070762,0.88,0.8102806804070763,ok
0.00390625,16.0,1,0.6102806804070764,0.88,0.8102806804070766,ok
0.00390625,22.627416997969522,1,0.6102806804070764,0.88,0.8102806804070766,ok
0.00390625,32.0,1,0.5771499916649243,0.86,0.9771499916649247,ok
0.00390625,45.254833995939045,1,0.5771499916649725,0.86,0.9771499916649729,ok
0.00390625,64.0,1,0.5812280809098935,0.86,0.9812280809098939,ok
0.00390625,90.50966799187809,1,0.5812280809098935,0.86,0.9812280809098939,ok
0.00390625,128.0,1,0.5753965918893187,0.86,0.975396591889319,ok
0.00390625,181.01933598375618,1,0.5613488984263038,0.86,0.9613488984263041,ok
0.00390625,256.0,1,0.5549406139567163,0.86,0.9549406139567167,ok
0.00390625,362.03867196751236,1,0.39553807287621456,0.86,0.7955380728762149,ok
0.00390625,512.0,1,0.37702812889522164,0.82,1.1770281288952225,ok
0.00390625,724.0773439350247,1,0.37702812889512594,0.82,1.1770281288951265,ok
0.00390625,1024.0,1,0.3770281288958136,0.82,1.1770281288958144,ok
0.005524271728019903,0.0009765625,1,1.0031269617814114,0.0,10.003126961781412,ok
0.005524271728019903,0.0013810679320049757,1,1.0031269617814114,0.0,10.003126961781412,ok
0.005524271728019903,0.001953125,1,1.0031269617814114,0.0,10.003126961781412,ok
0.005524271728019903,0.0027621358640099515,1,1.0031269617814114,0.0,10.003126961781412,ok
0.005524271728019903,0.00390625,1,1.0031269617814114,0.0,10.003126961781412,ok
0.005524271728019903,0.005524271728019903,1,1.0031269617814114,0.0,10.003126961781412,ok
0.005524271728019903,0.0078125,1,1.0031269617814114,0.0,10.003126961781412,ok
0.005524271728019903,0.011048543456039806,1,1.0031269617814114,0.0,10.003126961781412,ok
0.005524271728019903,0.015625,1,1.0031269617814114,0.0,10.003126961781412,ok
0.005524271728019903,0.02209708691207961,1,1.0031269617814114,0.0,10.003126961781412,ok
0.005524271728019903,0.03125,1,1.0031269617814114,0.0,10.003126961781412,ok
0.005524271728019903,0.04419417382415922,1,0.9768347341378156,0.0,9.976834734137816,ok
0.005524271728019903,0.0625,1,0.762734494376847,0.24,7.362734494376848,ok
0.005524271728019903,0.08838834764831845,1,0.6045665355201093,0.5,4.604566535520109,ok
0.005524271728019903,0.125,1,0.5077542040905741,0.58,3.7077542040905747,ok
0.005524271728019903,0.1767766952966369,1,0.44673790112637457,0.72,2.246737901126375,ok
0.005524271728019903,0.25,1,0.4531458362847365,0.78,1.6531458362847364,ok
0.005524271728019903,0.3535533905932738,1,0.45344235694796964,0.78,1.6534423569479695,ok
0.005524271728019903,0.5,1,0.4946525977287457,0.84,1.0946525977287462,ok
0.005524271728019903,0.7071067811865476,1,0.5490152307622821,0.84,1.1490152307622825,ok
0.005524271728019903,1.0,1,0.5488536272167013,0.84,1.1488536272167018,ok
0.005524271728019903,1.4142135623730951,1,0.5486123860627268,0.84,1.1486123860627273,ok
0.005524271728019903,2.0,1,0.6070894606971293,0.88,0.8070894606971295,ok
0.005524271728019903,2.8284271247461903,1,0.6070878518851062,0.88,0.8070878518851063,ok
0.005524271728019903,4.0,1,0.6071354859055482,0.88,0.8071354859055484,ok
0.005524271728019903,5.656854249492381,1,0.6071472101060874,0.88,0.8071472101060876,ok
0.005524271728019903,8.0,1,0.6071472101060874,0.88,0.8071472101060876,ok
0.005524271728019903,11.313708498984761,1,0.6071472101060874,0.88,0.8071472101060876,ok
0.005524271728019903,16.0,1,0.6071472101060875,0.88,0.8071472101060877,ok
0.005524271728019903,22.627416997969522,1,0.5763788209932117,0.86,0.976378820993212,ok
0.005524271728019903,32.0,1,0.5763788209932119,0.86,0.9763788209932123,ok
0.005524271728019903,45.254833995939045,1,0.5807380135678168,0.86,0.9807380135678172,ok
0.005524271728019903,64.0,1,0.5807380135678168,0.86,0.9807380135678172,ok
0.005524271728019903,90.50966799187809,1,0.5807380135678046,0.86,0.980738013567805,ok
0.005524271728019903,128.0,1,0.5617415701431799,0.86,0.9617415701431803,ok
0.005524271728019903,181.01933598375618,1,0.5555332108415117,0.86,0.9555332108415121,ok
0.005524271728019903,256.0,1,0.39485208413286255,0.86,0.7948520841328629,ok
0.005524271728019903,362.03867196751236,1,0.3769579866685857,0.82,1.1769579866685864,ok
0.005524271728019903,512.0,1,0.376957986668511,0.82,1.1769579866685116,ok
0.005524271728019903,724.0773439350247,1,0.3769579866683477,0.82,1.1769579866683484,ok
0.005524271728019903,1024.0,1,0.37695798667015107,0.82,1.1769579866701518,ok
0.0078125,0.0009765625,1,1.0031269617814114,0.0,10.003126961781412,ok
0.0078125,0.0013810679320049757,1,1.0031269617814114,0.0,10.003126961781412,ok
0.0078125,0.001953125,1,1.0031269617814114,0.0,10.003126961781412,ok
0.0078125,0.0027621358640099515,1,1.0031269617814114,0.0,10.003126961781412,ok
0.0078125,0.00390625,1,1.0031269617814114,0.0,10.003126961781412,ok
0.0078125,0.005524271728019903,1,1.0031269617814114,0.0,10.003126961781412,ok
0.0078125,0.0078125,1,1.0031269617814114,0.0,10.003126961781412,ok
0.0078125,0.011048543456039806,1,1.0031269617814114,0.0,10.003126961781412,ok
0.0078125,0.015625,1,1.0031269617814114,0.0,10.003126961781412,ok
0.0078125,0.02209708691207961,1,1.0031269617814114,0.0,10.003126961781412,ok
0.0078125,0.03125,1,1.0031269617814114,0.0,10.003126961781412,ok
0.0078125,0.04419417382415922,1,0.9768347341378156,0.0,9.976834734137816,ok
0.0078125,0.0625,1,0.762734494376847,0.24,7.362734494376848,ok
0.0078125,0.08838834764831845,1,0.6045665355201093,0.5,4.604566535520109,ok
0.0078125,0.125,1,0.5077542040905741,0.58,3.7077542040905747,ok
0.0078125,0.1767766952966369,1,0.4460045992284199,0.72,2.2460045992284203,ok
0.0078125,0.25,1,0.45235016960246943,0.78,1.6523501696024694,ok
0.0078125,0.3535533905932738,1,0.4550218124017563,0.78,1.6550218124017562,ok
0.0078125,0.5,1,0.49185021414029134,0.84,1.091850214140292,ok
0.0078125,0.7071067811865476,1,0.5455335139725228,0.84,1.1455335139725233,ok
0.0078125,1.0,1,0.5453147539250937,0.84,1.1453147539250943,ok
0.0078125,1.4142135623730951,1,0.5450176018632877,0.84,1.1450176018632883,ok
0.0078125,2.0,1,0.6026942164368749,0.86,1.0026942164368753,ok
0.0078125,2.8284271247461903,1,0.6027572570259183,0.86,1.0027572570259187,ok
0.0078125,4.0,1,0.6029331212957096,0.86,1.00293312129571,ok
0.0078125,5.656854249492381,1,0.6029684981195582,0.86,1.0029684981195586,ok
0.0078125,8.0,1,0.602968498119544,0.86,1.0029684981195444,ok
0.0078125,11.313708498984761,1,0.602968498119544,0.86,1.0029684981195444,ok
0.0078125,16.0,1,0.575417381009933,0.86,0.9754173810099334,ok
0.0078125,22.627416997969522,1,0.5754173810099326,0.86,0.9754173810099329,ok
0.0078125,32.0,1,0.5800343568879653,0.86,0.9800343568879657,ok
0.0078125,45.254833995939045,1,0.5800343568879653,0.86,0.9800343568879657,ok
0.0078125,64.0,1,0.58003435688796,0.86,0.9800343568879604,ok
0.0078125,90.50966799187809,1,0.5623058828560936,0.86,0.962305882856094,ok
0.0078125,128.0,1,0.5563803752087016,0.86,0.956380375208702,ok
0.0078125,181.01933598375618,1,0.39354182391555514,0.86,0.7935418239155555,ok
0.0078125,256.0,1,0.3768598993274972,0.82,1.176859899327498,ok
0.0078125,362.03867196751236,1,0.37685989932758657,0.82,1.1768598993275874,ok
0.0078125,512.0,1,0.37685989932786756,0.82,1.1768598993278683,ok
0.0078125,724.0773439350247,1,0.3768598993275579,0.82,1.1768598993275585,ok
0.0078125,1024.0,1,0.3768598993266976,0.82,1.1768598993266983,ok
0.011048543456039806,0.0009765625,1,1.0031269617814114,0.0,10.003126961781412,ok
0.011048543456039806,0.0013810679320049757,1,1.0031269617814114,0.0,10.003126961781412,ok
0.011048543456039806,0.001953125,1,1.0031269617814114,0.0,10.003126961781412,ok
0.011048543456039806,0.0027621358640099515,1,1.0031269617814114,0.0,10.003126961781412,ok
0.011048543456039806,0.00390625,1,1.0031269617814114,0.0,10.003126961781412,ok
0.011048543456039806,0.005524271728019903,1,1.0031269617814114,0.0,10.003126961781412,ok
0.011048543456039806,0.0078125,1,1.0031269617814114,0.0,10.003126961781412,ok
0.011048543456039806,0.011048543456039806,1,1.0031269617814114,0.0,10.003126961781412,ok
0.011048543456039806,0.015625,1,1.0031269617814114,0.0,10.003126961781412,ok
0.011048543456039806,0.02209708691207961,1,1.0031269617814114,0.0,10.003126961781412,ok
0.011048543456039806,0.03125,1,1.0031269617814114,0.0,10.003126961781412,ok
0.011048543456039806,0.04419417382415922,1,0.9768347341378156,0.0,9.976834734137816,ok
0.011048543456039806,0.0625,1,0.762734494376847,0.24,7.362734494376848,ok
0.011048543456039806,0.08838834764831845,1,0.6045665355201093,0.5,4.604566535520109,ok
0.011048543456039806,0.125,1,0.5077542040905741,0.58,3.7077542040905747,ok
0.011048543456039806,0.1767766952966369,1,0.4449733410610789,0.72,2.2449733410610793,ok
0.011048543456039806,0.25,1,0.45124442306707213,0.78,1.6512444230670722,ok
0.011048543456039806,0.3535533905932738,1,0.4576898520635251,0.8,1.4576898520635249,ok
0.011048543456039806,0.5,1,0.48788566150244034,0.84,1.0878856615024408,ok
0.011048543456039806,0.7071067811865476,1,0.5408451671941457,0.84,1.1408451671941462,ok
0.011048543456039806,1.0,1,0.5405551904486994,0.84,1.1405551904487,ok
0.011048543456039806,1.4142135623730951,1,0.5402335883572245,0.84,1.140233588357225,ok
0.011048543456039806,2.0,1,0.5967849855377205,0.86,0.9967849855377209,ok
0.011048543456039806,2.8284271247461903,1,0.5969339053418116,0.86,0.9969339053418119,ok
0.011048543456039806,4.0,1,0.5972363781597143,0.86,0.9972363781597147,ok
0.011048543456039806,5.656854249492381,1,0.5975545641802402,0.86,0.9975545641802406,ok
0.011048543456039806,8.0,1,0.5975545641802751,0.86,0.9975545641802754,ok
0.011048543456039806,11.313708498984761,1,0.5743117243407199,0.86,0.9743117243407202,ok
0.011048543456039806,16.0,1,0.574311724340719,0.86,0.9743117243407193,ok
0.011048543456039806,22.627416997969522,1,0.5792221808661715,0.86,0.9792221808661719,ok
0.011048543456039806,32.0,1,0.5792221808661713,0.86,0.9792221808661716,ok
0.011048543456039806,45.254833995939045,1,0.5792221808661713,0.86,0.9792221808661716,ok
0.011048543456039806,64.0,1,0.563122096576397,0.86,0.9631220965763974,ok
0.011048543456039806,90.50966799187809,1,0.5437492325029386,0.86,0.943749232502939,ok
0.011048543456039806,128.0,1,0.393063917784993,0.86,0.7930639177849934,ok
0.011048543456039806,181.01933598375618,1,0.37672339530090904,0.82,1.1767233953009097,ok
0.011048543456039806,256.0,1,0.3767233953010143,0.82,1.176723395301015,ok
0.011048543456039806,362.03867196751236,1,0.37672339530042565,0.82,1.1767233953004264,ok
0.011048543456039806,512.0,1,0.3767233953010076,0.82,1.1767233953010083,ok
0.011048543456039806,724.0773439350247,1,0.37672339530100835,0.82,1.176723395301009,ok
0.011048543456039806,1024.0,1,0.37672339530097254,0.82,1.1767233953009733,ok
0.015625,0.0009765625,1,1.0031269617814114,0.0,10.003126961781412,ok
0.015625,0.0013810679320049757,1,1.0031269617814114,0.0,10.003126961781412,ok
0.015625,0.001953125,1,1.0031269617814114,0.0,10.003126961781412,ok
0.015625,0.0027621358640099515,1,1.0031269617814114,0.0,10.003126961781412,ok
0.015625,0.00390625,1,1.0031269617814114,0.0,10.003126961781412,ok
0.015625,0.005524271728019903,1,1.0031269617814114,0.0,10.003126961781412,ok
0.015625,0.0078125,1,1.0031269617814114,0.0,10.003126961781412,ok
0.015625,0.011048543456039806,1,1.0031269617814114,0.0,10.003126961781412,ok
0.015625,0.015625,1,1.0031269617814114,0.0,10.003126961781412,ok
0.015625,0.02209708691207961,1,1.0031269617814114,0.0,10.003126961781412,ok
0.015625,0.03125,1,1.0031269617814114,0.0,10.003126961781412,ok
0.015625,0.04419417382415922,1,0.9768347341378156,0.0,9.976834734137816,ok
0.015625,0.0625,1,0.762734494376847,0.24,7.362734494376848,ok
0.015625,0.08838834764831845,1,0.6045665355201093,0.5,4.604566535520109,ok
0.015625,0.125,1,0.5077542040905741,0.58,3.7077542040905747,ok
0.015625,0.1767766952966369,1,0.44352636285318364,0.72,2.243526362853184,ok
0.015625,0.25,1,0.4497190544117644,0.78,1.6497190544117644,ok
0.015625,0.3535533905932738,1,0.4620395459454859,0.8,1.4620395459454856,ok
0.015625,0.5,1,0.48334821131656014,0.84,1.0833482113165607,ok
0.015625,0.7071067811865476,1,0.5346644077814955,0.84,1.134664407781496,ok
0.015625,1.0,1,0.5342926381736645,0.84,1.1342926381736649,ok
0.015625,1.4142135623730951,1,0.5340716221451596,0.84,1.13407162214516,ok
0.015625,2.0,1,0.5889002171744497,0.86,0.9889002171744501,ok
0.015625,2.8284271247461903,1,0.5893337206232656,0.86,0.989333720623266,ok
0.015625,4.0,1,0.5900087752176016,0.86,0.990008775217602,ok
0.015625,5.656854249492381,1,0.5908611655238099,0.86,0.9908611655238102,ok
0.015625,8.0,1,0.5732433352257655,0.86,0.9732433352257659,ok
0.015625,11.313708498984761,1,0.5732433352257615,0.86,0.9732433352257619,ok
0.015625,16.0,1,0.578550647273975,0.86,0.9785506472739753,ok
0.015625,22.627416997969522,1,0.5785506472739751,0.86,0.9785506472739754,ok
0.015625,32.0,1,0.5785506472739751,0.86,0.9785506472739754,ok
0.015625,45.254833995939045,1,0.564313202144764,0.86,0.9643132021447643,ok
0.015625,64.0,1,0.5285903004641896,0.86,0.92859030046419,ok
0.015625,90.50966799187809,1,0.39239280310941144,0.86,0.7923928031094118,ok
0.015625,128.0,1,0.37653476004836417,0.82,1.1765347600483649,ok
0.015625,181.01933598375618,1,0.3765347600483959,0.82,1.1765347600483966,ok
0.015625,256.0,1,0.3765347600481509,0.82,1.1765347600481517,ok
0.015625,362.03867196751236,1,0.3765347600485358,0.82,1.1765347600485365,ok
0.015625,512.0,1,0.37653476004887987,0.82,1.1765347600488805,ok
0.015625,724.0773439350247,1,0.3765347600482502,0.82,1.176534760048251,ok
0.015625,1024.0,1,0.3765347600495914,0.82,1.1765347600495921,ok
0.02209708691207961,0.0009765625,1,1.0031269617814114,0.0,10.003126961781412,ok
0.02209708691207961,0.0013810679320049757,1,1.0031269617814114,0.0,10.003126961781412,ok
0.02209708691207961,0.001953125,1,1.0031269617814114,0.0,10.003126961781412,ok
0.02209708691207961,0.0027621358640099515,1,1.0031269617814114,0.0,10.003126961781412,ok
0.02209708691207961,0.00390625,1,1.0031269617814114,0.0,10.003126961781412,ok
0.02209708691207961,0.005524271728019903,1,1.0031269617814114,0.0,10.003126961781412,ok
0.02209708691207961,0.0078125,1,1.0031269617814114,0.0,10.003126961781412,ok
0.02209708691207961,0.011048543456039806,1,1.0031269617814114,0.0,10.003126961781412,ok
0.02209708691207961,0.015625,1,1.0031269617814114,0.0,10.003126961781412,ok
0.02209708691207961,0.02209708691207961,1,1.0031269617814114,0.0,10.003126961781412,ok
0.02209708691207961,0.03125,1,1.0031269617814114,0.0,10.003126961781412,ok
0.02209708691207961,0.04419417382415922,1,0.9768347341378156,0.0,9.976834734137816,ok
0.02209708691207961,0.0625,1,0.762734494376847,0.24,7.362734494376848,ok
0.02209708691207961,0.08838834764831845,1,0.6045665355201093,0.5,4.604566535520109,ok
0.02209708691207961,0.125,1,0.5077542040905741,0.58,3.7077542040905747,ok
0.02209708691207961,0.1767766952966369,1,0.4415025433350539,0.74,2.041502543335054,ok
0.02209708691207961,0.25,1,0.4476369689355931,0.78,1.647636968935593,ok
0.02209708691207961,0.3535533905932738,1,0.46020737367101205,0.8,1.460207373671012,ok
0.02209708691207961,0.5,1,0.4824377467017742,0.84,1.0824377467017747,ok
0.02209708691207961,0.7071067811865476,1,0.527960013327702,0.84,1.1279600133277026,ok
0.02209708691207961,1.0,1,0.5360527661580596,0.84,1.1360527661580602,ok
0.02209708691207961,1.4142135623730951,1,0.535340959145822,0.84,1.1353409591458226,ok
0.02209708691207961,2.0,1,0.5788694878592646,0.84,1.1788694878592652,ok
0.02209708691207961,2.8284271247461903,1,0.5791663433736776,0.84,1.179166343373678,ok
0.02209708691207961,4.0,1,0.5806798658123892,0.84,1.1806798658123898,ok
0.02209708691207961,5.656854249492381,1,0.5828184467457685,0.84,1.182818446745769,ok
0.02209708691207961,8.0,1,0.5726841256627571,0.86,0.9726841256627574,ok
0.02209708691207961,11.313708498984761,1,0.5785166970364646,0.86,0.9785166970364649,ok
0.02209708691207961,16.0,1,0.5785166970365068,0.86,0.9785166970365071,ok
0.02209708691207961,22.627416997969522,1,0.5785166970365058,0.86,0.9785166970365061,ok
0.02209708691207961,32.0,1,0.5660727149502451,0.86,0.9660727149502455,ok
0.02209708691207961,45.254833995939045,1,0.5098855938840083,0.86,0.9098855938840087,ok
0.02209708691207961,64.0,1,0.391452372412914,0.84,0.9914523724129145,ok
0.02209708691207961,90.50966799187809,1,0.37627677083117717,0.82,1.1762767708311779,ok
0.02209708691207961,128.0,1,0.3762767708311639,0.82,1.1762767708311646,ok
0.02209708691207961,181.01933598375618,1,0.37627677083135336,0.82,1.176276770831354,ok
0.02209708691207961,256.0,1,0.37627677083115674,0.82,1.1762767708311574,ok
0.02209708691207961,362.03867196751236,1,0.3762767708312412,0.82,1.176276770831242,ok
0.02209708691207961,512.0,1,0.3762767708311483,0.82,1.176276770831149,ok
0.02209708691207961,724.0773439350247,1,0.3762767708312937,0.82,1.1762767708312944,ok
0.02209708691207961,1024.0,1,0.37627677083119104,0.82,1.1762767708311919,ok
0.03125,0.0009765625,1,1.0031269617814114,0.0,10.003126961781412,ok
0.03125,0.0013810679320049757,1,1.0031269617814114,0.0,10.003126961781412,ok
0.03125,0.001953125,1,1.0031269617814114,0.0,10.003126961781412,ok
0.03125,0.0027621358640099515,1,1.0031269617814114,0.0,10.003126961781412,ok
0.03125,0.00390625,1,1.0031269617814114,0.0,10.003126961781412,ok
0.03125,0.005524271728019903,1,1.0031269617814114,0.0,10.003126961781412,ok
0.03125,0.0078125,1,1.0031269617814114,0.0,10.003126961781412,ok
0.03125,0.011048543456039806,1,1.0031269617814114,0.0,10.003126961781412,ok
0.03125,0.015625,1,1.0031269617814114,0.0,10.003126961781412,ok
0.03125,0.02209708691207961,1,1.0031269617814114,0.0,10.003126961781412,ok
0.03125,0.03125,1,1.0031269617814114,0.0,10.003126961781412,ok
0.03125,0.04419417382415922,1,0.9768347341378156,0.0,9.976834734137816,ok
0.03125,0.0625,1,0.762734494376847,0.24,7.362734494376848,ok
0.03125,0.08838834764831845,1,0.6045665355201093,0.5,4.604566535520109,ok
0.03125,0.125,1,0.5077542040905741,0.58,3.7077542040905747,ok
0.03125,0.1767766952966369,1,0.43868447938774724,0.74,2.0386844793877477,ok
0.03125,0.25,1,0.44483802222893365,0.76,1.8448380222289338,ok
0.03125,0.3535533905932738,1,0.4567005487483642,0.8,1.456700548748364,ok
0.03125,0.5,1,0.4762347587793223,0.84,1.0762347587793228,ok
0.03125,0.7071067811865476,1,0.5197054100217161,0.84,1.1197054100217168,ok
0.03125,1.0,1,0.5469422007169316,0.84,1.146942200716932,ok
0.03125,1.4142135623730951,1,0.5464518750315507,0.84,1.146451875031551,ok
0.03125,2.0,1,0.5662625087297743,0.84,1.1662625087297749,ok
0.03125,2.8284271247461903,1,0.567319918545081,0.84,1.1673199185450815,ok
0.03125,4.0,1,0.5693051496252372,0.84,1.1693051496252376,ok
0.03125,5.656854249492381,1,0.5692544085041774,0.84,1.169254408504178,ok
0.03125,8.0,1,0.5728132098879328,0.84,1.1728132098879334,ok
0.03125,11.313708498984761,1,0.5801821770992979,0.86,0.9801821770992982,ok
0.03125,16.0,1,0.5801821770993109,0.86,0.9801821770993112,ok
0.03125,22.627416997969522,1,0.5687152526789649,0.86,0.9687152526789653,ok
0.03125,32.0,1,0.49577060980347687,0.86,0.8957706098034772,ok
0.03125,45.254833995939045,1,0.39013737931344705,0.84,0.9901373793134476,ok
0.03125,64.0,1,0.375929370782791,0.82,1.1759293707827916,ok
0.03125,90.50966799187809,1,0.37592937078274247,0.82,1.1759293707827432,ok
0.03125,128.0,1,0.37592937078271677,0.82,1.1759293707827174,ok
0.03125,181.01933598375618,1,0.3759293707826976,0.82,1.1759293707826983,ok
0.03125,256.0,1,0.3759293707827782,0.82,1.175929370782779,ok
0.03125,362.03867196751236,1,0.37592937078286226,0.82,1.175929370782863,ok
0.03125,512.0,1,0.3759293707837464,0.82,1.175929370783747,ok
0.03125,724.0773439350247,1,0.3759293707827783,0.82,1.1759293707827791,ok
0.03125,1024.0,1,0.3759293707827641,0.82,1.175929370782765,ok
0.04419417382415922,0.0009765625,1,1.0031269617814114,0.0,10.003126961781412,ok
0.04419417382415922,0.0013810679320049757,1,1.0031269617814114,0.0,10.003126961781412,ok
0.04419417382415922,0.001953125,1,1.0031269617814114,0.0,10.003126961781412,ok
0.04419417382415922,0.0027621358640099515,1,1.0031269617814114,0.0,10.003126961781412,ok
0.04419417382415922,0.00390625,1,1.0031269617814114,0.0,10.003126961781412,ok
0.04419417382415922,0.005524271728019903,1,1.0031269617814114,0.0,10.003126961781412,ok
0.04419417382415922,0.0078125,1,1.0031269617814114,0.0,10.003126961781412,ok
0.04419417382415922,0.011048543456039806,1,1.0031269617814114,0.0,10.003126961781412,ok
0.04419417382415922,0.015625,1,1.0031269617814114,0.0,10.003126961781412,ok
0.04419417382415922,0.02209708691207961,1,1.0031269617814114,0.0,10.003126961781412,ok
0.04419417382415922,0.03125,1,1.0031269617814114,0.0,10.003126961781412,ok
0.04419417382415922,0.04419417382415922,1,0.9768347341378156,0.0,9.976834734137816,ok
0.04419417382415922,0.0625,1,0.762734494376847,0.24,7.362734494376848,ok
0.04419417382415922,0.08838834764831845,1,0.6045665355201093,0.5,4.604566535520109,ok
0.04419417382415922,0.125,1,0.5077542040905741,0.58,3.7077542040905747,ok
0.04419417382415922,0.1767766952966369,1,0.43478464768105346,0.74,2.034784647681054,ok
0.04419417382415922,0.25,1,0.4411580043783654,0.76,1.8411580043783655,ok
0.04419417382415922,0.3535533905932738,1,0.4522795099169018,0.8,1.4522795099169015,ok
0.04419417382415922,0.5,1,0.46816774044468884,0.84,1.0681677404446894,ok
0.04419417382415922,0.7071067811865476,1,0.5087627651120723,0.84,1.1087627651120728,ok
0.04419417382415922,1.0,1,0.5423577143187519,0.84,1.1423577143187524,ok
0.04419417382415922,1.4142135623730951,1,0.542357714318757,0.84,1.1423577143187575,ok
0.04419417382415922,2.0,1,0.5548895418015913,0.84,1.1548895418015919,ok
0.04419417382415922,2.8284271247461903,1,0.5640139696683323,0.86,0.9640139696683326,ok
0.04419417382415922,4.0,1,0.5654276461060086,0.86,0.965427646106009,ok
0.04419417382415922,5.656854249492381,1,0.5695508645367677,0.86,0.9695508645367681,ok
0.04419417382415922,8.0,1,0.5739778998591083,0.86,0.9739778998591087,ok
0.04419417382415922,11.313708498984761,1,0.5763934730681874,0.86,0.9763934730681878,ok
0.04419417382415922,16.0,1,0.5696763461863603,0.86,0.9696763461863607,ok
0.04419417382415922,22.627416997969522,1,0.4821870941013777,0.86,0.8821870941013781,ok
0.04419417382415922,32.0,1,0.3883025342809223,0.84,0.9883025342809229,ok
0.04419417382415922,45.254833995939045,1,0.3754726719353413,0.82,1.175472671935342,ok
0.04419417382415922,64.0,1,0.3754726719353237,0.82,1.1754726719353243,ok
0.04419417382415922,90.50966799187809,1,0.37547267193543254,0.82,1.1754726719354331,ok
0.04419417382415922,128.0,1,0.37547267193543177,0.82,1.1754726719354325,ok
0.04419417382415922,181.01933598375618,1,0.3754726719353677,0.82,1.1754726719353683,ok
0.04419417382415922,256.0,1,0.3754726719352468,0.82,1.1754726719352475,ok
0.04419417382415922,362.03867196751236,1,0.3754726719361978,0.82,1.1754726719361985,ok
0.04419417382415922,512.0,1,0.3754726719353923,0.82,1.175472671935393,ok
0.04419417382415922,724.0773439350247,1,0.37547267193532463,0.82,1.1754726719353252,ok
0.04419417382415922,1024.0,1,0.31648439901459263,0.78,1.5164843990145926,ok
0.0625,0.0009765625,1,1.0031269617814114,0.0,10.003126961781412,ok
0.0625,0.0013810679320049757,1,1.0031269617814114,0.0,10.003126961781412,ok
0.0625,0.001953125,1,1.0031269617814114,0.0,10.003126961781412,ok
0.0625,0.0027621358640099515,1,1.0031269617814114,0.0,10.003126961781412,ok
0.0625,0.00390625,1,1.0031269617814114,0.0,10.003126961781412,ok
0.0625,0.005524271728019903,1,1.0031269617814114,0.0,10.003126961781412,ok
0.0625,0.0078125,1,1.0031269617814114,0.0,10.003126961781412,ok
0.0625,0.011048543456039806,1,1.0031269617814114,0.0,10.003126961781412,ok
0.0625,0.015625,1,1.0031269617814114,0.0,10.003126961781412,ok
0.0625,0.02209708691207961,1,1.0031269617814114,0.0,10.003126961781412,ok
0.0625,0.03125,1,1.0031269617814114,0.0,10.003126961781412,ok
0.0625,0.04419417382415922,1,0.9768347341378156,0.0,9.976834734137816,ok
0.0625,0.0625,1,0.762734494376847,0.24,7.362734494376848,ok
0.0625,0.08838834764831845,1,0.6045665355201093,0.5,4.604566535520109,ok
0.0625,0.125,1,0.5077542040905741,0.58,3.7077542040905747,ok
0.0625,0.1767766952966369,1,0.4294339645321763,0.74,2.029433964532177,ok
0.0625,0.25,1,0.4364752702779354,0.76,1.8364752702779357,ok
0.0625,0.3535533905932738,1,0.4471286290347536,0.8,1.4471286290347534,ok
0.0625,0.5,1,0.4581051619950194,0.84,1.05810516199502,ok
0.0625,0.7071067811865476,1,0.4954553641407089,0.84,1.0954553641407094,ok
0.0625,1.0,1,0.528274724006567,0.84,1.1282747240065676,ok
0.0625,1.4142135623730951,1,0.5275062798419486,0.84,1.127506279841949,ok
0.0625,2.0,1,0.5400670604186559,0.84,1.1400670604186565,ok
0.0625,2.8284271247461903,1,0.5509030965932723,0.86,0.9509030965932727,ok
0.0625,4.0,1,0.5526352330993094,0.86,0.9526352330993098,ok
0.0625,5.656854249492381,1,0.5555100365204015,0.86,0.9555100365204019,ok
0.0625,8.0,1,0.5621591534343654,0.86,0.9621591534343658,ok
0.0625,11.313708498984761,1,0.5655479544823185,0.86,0.9655479544823189,ok
0.0625,16.0,1,0.47117271965971974,0.86,0.8711727196597201,ok
0.0625,22.627416997969522,1,0.38169140157311554,0.84,0.9816914015731161,ok
0.0625,32.0,1,0.374895180049371,0.82,1.1748951800493717,ok
0.0625,45.254833995939045,1,0.3748951800493717,0.82,1.1748951800493725,ok
0.0625,64.0,1,0.3748951800492035,0.82,1.1748951800492042,ok
0.0625,90.50966799187809,1,0.37489518004920336,0.82,1.174895180049204,ok
0.0625,128.0,1,0.374895180049434,0.82,1.1748951800494347,ok
0.0625,181.01933598375618,1,0.37489518004944655,0.82,1.1748951800494472,ok
0.0625,256.0,1,0.37489518004940126,0.82,1.1748951800494019,ok
0.0625,362.03867196751236,1,0.3748951800493572,0.82,1.174895180049358,ok
0.0625,512.0,1,0.31362613742284057,0.78,1.5136261374228406,ok
0.0625,724.0773439350247,1,0.31349541704570116,0.78,1.5134954170457011,ok
0.0625,1024.0,1,0.31310530716289653,0.78,1.5131053071628964,ok
0.08838834764831845,0.0009765625,1,1.0031269617814114,0.0,10.003126961781412,ok
0.08838834764831845,0.0013810679320049757,1,1.0031269617814114,0.0,10.003126961781412,ok
0.08838834764831845,0.001953125,1,1.0031269617814114,0.0,10.003126961781412,ok
0.08838834764831845,0.0027621358640099515,1,1.0031269617814114,0.0,10.003126961781412,ok
0.08838834764831845,0.00390625,1,1.0031269617814114,0.0,10.003126961781412,ok
0.08838834764831845,0.005524271728019903,1,1.0031269617814114,0.0,10.003126961781412,ok
0.08838834764831845,0.0078125,1,1.0031269617814114,0.0,10.003126961781412,ok
0.08838834764831845,0.011048543456039806,1,1.0031269617814114,0.0,10.003126961781412,ok
0.08838834764831845,0.015625,1,1.0031269617814114,0.0,10.003126961781412,ok
0.08838834764831845,0.02209708691207961,1,1.0031269617814114,0.0,10.003126961781412,ok
0.08838834764831845,0.03125,1,1.0031269617814114,0.0,10.003126961781412,ok
0.08838834764831845,0.04419417382415922,1,0.9768347341378156,0.0,9.976834734137816,ok
0.08838834764831845,0.0625,1,0.762734494376847,0.24,7.362734494376848,ok
0.08838834764831845,0.08838834764831845,1,0.6045665355201093,0.5,4.604566535520109,ok
0.08838834764831845,0.125,1,0.5077542040905741,0.58,3.7077542040905747,ok
0.08838834764831845,0.1767766952966369,1,0.4244856860761579,0.74,2.024485686076158,ok
0.08838834764831845,0.25,1,0.43087763646893484,0.76,1.830877636468935,ok
0.08838834764831845,0.3535533905932738,1,0.44180082544274846,0.8,1.4418008254427481,ok
0.08838834764831845,0.5,1,0.4458326678961463,0.84,1.0458326678961467,ok
0.08838834764831845,0.7071067811865476,1,0.47693609356958877,0.84,1.0769360935695893,ok
0.08838834764831845,1.0,1,0.508657389482015,0.84,1.1086573894820155,ok
0.08838834764831845,1.4142135623730951,1,0.518966320626548,0.84,1.1189663206265485,ok
0.08838834764831845,2.0,1,0.5230257443183807,0.84,1.1230257443183813,ok
0.08838834764831845,2.8284271247461903,1,0.532998412814544,0.86,0.9329984128145443,ok
0.08838834764831845,4.0,1,0.5349505612053657,0.86,0.934950561205366,ok
0.08838834764831845,5.656854249492381,1,0.540168910932632,0.86,0.9401689109326323,ok
0.08838834764831845,8.0,1,0.5457757129577185,0.86,0.9457757129577189,ok
0.08838834764831845,11.313708498984761,1,0.4446960711516912,0.86,0.8446960711516915,ok
0.08838834764831845,16.0,1,0.3736557839396524,0.82,1.173655783939653,ok
0.08838834764831845,22.627416997969522,1,0.37365578393963944,0.82,1.1736557839396402,ok
0.08838834764831845,32.0,1,0.3742131130410363,0.82,1.174213113041037,ok
0.08838834764831845,45.254833995939045,1,0.37417256931670084,0.82,1.1741725693167016,ok
0.08838834764831845,64.0,1,0.37417256931700926,0.82,1.17417256931701,ok
0.08838834764831845,90.50966799187809,1,0.37417256931700504,0.82,1.1741725693170058,ok
0.08838834764831845,128.0,1,0.3740712566690759,0.82,1.1740712566690767,ok
0.08838834764831845,181.01933598375618,1,0.3739538903253802,0.82,1.173953890325381,ok
0.08838834764831845,256.0,1,0.3733243731849729,0.82,1.1733243731849736,ok
0.08838834764831845,362.03867196751236,1,0.30879470711641377,0.78,1.5087947071164138,ok
0.08838834764831845,512.0,1,0.30420438404551514,0.78,1.504204384045515,ok
0.08838834764831845,724.0773439350247,1,0.30331705985596863,0.78,1.5033170598559686,ok
0.08838834764831845,1024.0,1,0.25423889297946334,0.76,1.6542388929794636,ok
0.125,0.0009765625,1,1.0031269617814114,0.0,10.003126961781412,ok
0.125,0.0013810679320049757,1,1.0031269617814114,0.0,10.003126961781412,ok
0.125,0.001953125,1,1.0031269617814114,0.0,10.003126961781412,ok
0.125,0.0027621358640099515,1,1.0031269617814114,0.0,10.003126961781412,ok
0.125,0.00390625,1,1.0031269617814114,0.0,10.003126961781412,ok
0.125,0.005524271728019903,1,1.0031269617814114,0.0,10.003126961781412,ok
0.125,0.0078125,1,1.0031269617814114,0.0,10.003126961781412,ok
0.125,0.011048543456039806,1,1.0031269617814114,0.0,10.003126961781412,ok
0.125,0.015625,1,1.0031269617814114,0.0,10.003126961781412,ok
0.125,0.02209708691207961,1,1.0031269617814114,0.0,10.003126961781412,ok
0.125,0.03125,1,1.0031269617814114,0.0,10.003126961781412,ok
0.125,0.04419417382415922,1,0.9768347341378156,0.0,9.976834734137816,ok
0.125,0.0625,1,0.762734494376847,0.24,7.362734494376848,ok
0.125,0.08838834764831845,1,0.6045665355201093,0.5,4.604566535520109,ok
0.125,0.125,1,0.5077542040905741,0.58,3.7077542040905747,ok
0.125,0.1767766952966369,1,0.4209728503986734,0.74,2.0209728503986737,ok
0.125,0.25,1,0.422011729231456,0.76,1.8220117292314562,ok
0.125,0.3535533905932738,1,0.4311382162278248,0.8,1.4311382162278246,ok
0.125,0.5,1,0.43059418192827514,0.84,1.0305941819282758,ok
0.125,0.7071067811865476,1,0.4540854388657389,0.84,1.0540854388657395,ok
0.125,1.0,1,0.4842606061926888,0.84,1.0842606061926894,ok
0.125,1.4142135623730951,1,0.49428041589138527,0.84,1.0942804158913857,ok
0.125,2.0,1,0.49516226858184836,0.84,1.095162268581849,ok
0.125,2.8284271247461903,1,0.5097807691134788,0.86,0.9097807691134792,ok
0.125,4.0,1,0.5097807691135092,0.86,0.9097807691135096,ok
0.125,5.656854249492381,1,0.5151769431936215,0.86,0.9151769431936219,ok
0.125,8.0,1,0.454041278419812,0.86,0.8540412784198124,ok
0.125,11.313708498984761,1,0.3768710393024072,0.84,0.9768710393024077,ok
0.125,16.0,1,0.37225229739560395,0.82,1.1722522973956047,ok
0.125,22.627416997969522,1,0.37293101403859963,0.82,1.1729310140386002,ok
0.125,32.0,1,0.3728242585297738,0.82,1.1728242585297746,ok
0.125,45.254833995939045,1,0.37282425852972545,0.82,1.1728242585297262,ok
0.125,64.0,1,0.3722214232761202,0.82,1.1722214232761208,ok
0.125,90.50966799187809,1,0.37130292396985154,0.82,1.1713029239698522,ok
0.125,128.0,1,0.3699842061544639,0.82,1.1699842061544645,ok
0.125,181.01933598375618,1,0.29763991817983554,0.78,1.4976399181798354,ok
0.125,256.0,1,0.2879286712553685,0.78,1.4879286712553683,ok
0.125,362.03867196751236,1,0.2467715180690065,0.78,1.4467715180690064,ok
0.125,512.0,1,0.17903050020395062,0.76,1.5790305002039506,ok
0.125,724.0773439350247,1,0.1999383167201753,0.8,1.1999383167201751,ok
0.125,1024.0,1,0.19726664965359564,0.76,1.5972666496535957,ok
0.1767766952966369,0.0009765625,1,1.0031269617814114,0.0,10.003126961781412,ok
0.1767766952966369,0.0013810679320049757,1,1.0031269617814114,0.0,10.003126961781412,ok
0.1767766952966369,0.001953125,1,1.0031269617814114,0.0,10.003126961781412,ok
0.1767766952966369,0.0027621358640099515,1,1.0031269617814114,0.0,10.003126961781412,ok
0.1767766952966369,0.00390625,1,1.0031269617814114,0.0,10.003126961781412,ok
0.1767766952966369,0.005524271728019903,1,1.0031269617814114,0.0,10.003126961781412,ok
0.1767766952966369,0.0078125,1,1.0031269617814114,0.0,10.003126961781412,ok
0.1767766952966369,0.011048543456039806,1,1.0031269617814114,0.0,10.003126961781412,ok
0.1767766952966369,0.015625,1,1.0031269617814114,0.0,10.003126961781412,ok
0.1767766952966369,0.02209708691207961,1,1.0031269617814114,0.0,10.003126961781412,ok
0.1767766952966369,0.03125,1,1.0031269617814114,0.0,10.003126961781412,ok
0.1767766952966369,0.04419417382415922,1,0.9768347341378156,0.0,9.976834734137816,ok
0.1767766952966369,0.0625,1,0.762734494376847,0.24,7.362734494376848,ok
0.1767766952966369,0.08838834764831845,1,0.6045665355201093,0.5,4.604566535520109,ok
0.1767766952966369,0.125,1,0.5077542040905741,0.58,3.7077542040905747,ok
0.1767766952966369,0.1767766952966369,1,0.4121702572954308,0.74,2.012170257295431,ok
0.1767766952966369,0.25,1,0.4065679826699016,0.76,1.8065679826699017,ok
0.1767766952966369,0.3535533905932738,1,0.4122245622639099,0.84,1.0122245622639103,ok
0.1767766952966369,0.5,1,0.4137881474909898,0.84,1.0137881474909904,ok
0.1767766952966369,0.7071067811865476,1,0.45327226394458286,0.86,0.8532722639445832,ok
0.1767766952966369,1.0,1,0.45294166130634805,0.86,0.8529416613063484,ok
0.1767766952966369,1.4142135623730951,1,0.4657558762962435,0.86,0.8657558762962438,ok
0.1767766952966369,2.0,1,0.46575587629622045,0.86,0.8657558762962207,ok
0.1767766952966369,2.8284271247461903,1,0.4732963574771708,0.86,0.8732963574771712,ok
0.1767766952966369,4.0,1,0.47329635747717147,0.86,0.8732963574771718,ok
0.1767766952966369,5.656854249492381,1,0.44749939204138245,0.84,1.047499392041383,ok
0.1767766952966369,8.0,1,0.37037760991395785,0.82,1.1703776099139587,ok
0.1767766952966369,11.313708498984761,1,0.36994803519395736,0.82,1.1699480351939582,ok
0.1767766952966369,16.0,1,0.36950818697575327,0.82,1.169508186975754,ok
0.1767766952966369,22.627416997969522,1,0.3684158999130125,0.82,1.1684158999130132,ok
0.1767766952966369,32.0,1,0.367077851252817,0.82,1.1670778512528177,ok
0.1767766952966369,45.254833995939045,1,0.36605979251410015,0.82,1.1660597925141007,ok
0.1767766952966369,64.0,1,0.3614562063703994,0.82,1.1614562063704001,ok
0.1767766952966369,90.50966799187809,1,0.2777222698326501,0.78,1.47772226983265,ok
0.1767766952966369,128.0,1,0.2767837222000809,0.78,1.4767837222000808,ok
0.1767766952966369,181.01933598375618,1,0.24009079218046733,0.76,1.6400907921804675,ok
0.1767766952966369,256.0,1,0.19716386776508116,0.76,1.5971638677650812,ok
0.1767766952966369,362.03867196751236,1,0.18806630010724273,0.78,1.3880663001072426,ok
0.1767766952966369,512.0,1,0.19316919921407505,0.76,1.593169199214075,ok
0.1767766952966369,724.0773439350247,1,0.19317151103993938,0.76,1.5931715110399396,ok
0.1767766952966369,1024.0,1,0.19712633702702467,0.74,1.797126337027025,ok
0.25,0.0009765625,1,1.0031269617814114,0.0,10.003126961781412,ok
0.25,0.0013810679320049757,1,1.0031269617814114,0.0,10.003126961781412,ok
0.25,0.001953125,1,1.0031269617814114,0.0,10.003126961781412,ok
0.25,0.0027621358640099515,1,1.0031269617814114,0.0,10.003126961781412,ok
0.25,0.00390625,1,1.0031269617814114,0.0,10.003126961781412,ok
0.25,0.005524271728019903,1,1.0031269617814114,0.0,10.003126961781412,ok
0.25,0.0078125,1,1.0031269617814114,0.0,10.003126961781412,ok
0.25,0.011048543456039806,1,1.0031269617814114,0.0,10.003126961781412,ok
0.25,0.015625,1,1.0031269617814114,0.0,10.003126961781412,ok
0.25,0.02209708691207961,1,1.0031269617814114,0.0,10.003126961781412,ok
0.25,0.03125,1,1.0031269617814114,0.0,10.003126961781412,ok
0.25,0.04419417382415922,1,0.9768347341378156,0.0,9.976834734137816,ok
0.25,0.0625,1,0.762734494376847,0.24,7.362734494376848,ok
0.25,0.08838834764831845,1,0.6045665355201093,0.5,4.604566535520109,ok
0.25,0.125,1,0.5077542040905741,0.58,3.7077542040905747,ok
0.25,0.1767766952966369,1,0.40988453690399174,0.74,2.009884536903992,ok
0.25,0.25,1,0.4040901171125739,0.76,1.804090117112574,ok
0.25,0.3535533905932738,1,0.38419306709269224,0.84,0.9841930670926928,ok
0.25,0.5,1,0.3953406450209732,0.84,0.9953406450209737,ok
0.25,0.7071067811865476,1,0.4196920580986468,0.86,0.8196920580986471,ok
0.25,1.0,1,0.4131676829142298,0.84,1.0131676829142302,ok
0.25,1.4142135623730951,1,0.41549801183740864,0.84,1.0154980118374093,ok
0.25,2.0,1,0.41931316253242945,0.84,1.01931316253243,ok
0.25,2.8284271247461903,1,0.4236600636299239,0.84,1.0236600636299245,ok
0.25,4.0,1,0.41950130987876616,0.84,1.0195013098787666,ok
0.25,5.656854249492381,1,0.3768000995082814,0.82,1.1768000995082821,ok
0.25,8.0,1,0.3623830382424231,0.82,1.1623830382424238,ok
0.25,11.313708498984761,1,0.36019735693183325,0.82,1.160197356931834,ok
0.25,16.0,1,0.3587449531715902,0.82,1.158744953171591,ok
0.25,22.627416997969522,1,0.35547730396812804,0.82,1.1554773039681288,ok
0.25,32.0,1,0.34391715167889314,0.82,1.143917151678894,ok
0.25,45.254833995939045,1,0.2648393376650097,0.78,1.4648393376650097,ok
0.25,64.0,1,0.2623947277170918,0.78,1.4623947277170917,ok
0.25,90.50966799187809,1,0.22982325115843738,0.76,1.6298232511584376,ok
0.25,128.0,1,0.19144124893410802,0.76,1.591441248934108,ok
0.25,181.01933598375618,1,0.19844013202013405,0.78,1.398440132020134,ok
0.25,256.0,1,0.18851267266722876,0.76,1.588512672667229,ok
0.25,362.03867196751236,1,0.1885126726675953,0.76,1.5885126726675955,ok
0.25,512.0,1,0.18851267266760563,0.76,1.5885126726676058,ok
0.25,724.0773439350247,1,0.18851267266844943,0.76,1.5885126726684495,ok
0.25,1024.0,1,0.1885139230835371,0.76,1.5885139230835372,ok
0.3535533905932738,0.0009765625,1,1.0031269617814114,0.0,10.003126961781412,ok
0.3535533905932738,0.0013810679320049757,1,1.0031269617814114,0.0,10.003126961781412,ok
0.3535533905932738,0.001953125,1,1.0031269617814114,0.0,10.003126961781412,ok
0.3535533905932738,0.0027621358640099515,1,1.0031269617814114,0.0,10.003126961781412,ok
0.3535533905932738,0.00390625,1,1.0031269617814114,0.0,10.003126961781412,ok
0.3535533905932738,0.005524271728019903,1,1.0031269617814114,0.0,10.003126961781412,ok
0.3535533905932738,0.0078125,1,1.0031269617814114,0.0,10.003126961781412,ok
0.3535533905932738,0.011048543456039806,1,1.0031269617814114,0.0,10.003126961781412,ok
0.3535533905932738,0.015625,1,1.0031269617814114,0.0,10.003126961781412,ok
0.3535533905932738,0.02209708691207961,1,1.0031269617814114,0.0,10.003126961781412,ok
0.3535533905932738,0.03125,1,1.0031269617814114,0.0,10.003126961781412,ok
0.3535533905932738,0.04419417382415922,1,0.9768347341378156,0.0,9.976834734137816,ok
0.3535533905932738,0.0625,1,0.762734494376847,0.24,7.362734494376848,ok
0.3535533905932738,0.08838834764831845,1,0.6045665355201093,0.5,4.604566535520109,ok
0.3535533905932738,0.125,1,0.5077542040905741,0.58,3.7077542040905747,ok
0.3535533905932738,0.1767766952966369,1,0.4078258032134404,0.74,2.0078258032134406,ok
0.3535533905932738,0.25,1,0.39796823373055507,0.74,1.9979682337305553,ok
0.3535533905932738,0.3535533905932738,1,0.353131314553546,0.78,1.553131314553546,ok
0.3535533905932738,0.5,1,0.35358657674594496,0.8,1.3535865767459447,ok
0.3535533905932738,0.7071067811865476,1,0.37554668421998516,0.84,0.9755466842199857,ok
0.3535533905932738,1.0,1,0.3724748910911925,0.84,0.972474891091193,ok
0.3535533905932738,1.4142135623730951,1,0.3724748910911925,0.84,0.972474891091193,ok
0.3535533905932738,2.0,1,0.3753874023926134,0.84,0.9753874023926139,ok
0.3535533905932738,2.8284271247461903,1,0.37538740239261337,0.84,0.9753874023926139,ok
0.3535533905932738,4.0,1,0.3598810040461038,0.82,1.1598810040461045,ok
0.3535533905932738,5.656854249492381,1,0.352104550753951,0.82,1.1521045507539518,ok
0.3535533905932738,8.0,1,0.3514494337195284,0.82,1.1514494337195291,ok
0.3535533905932738,11.313708498984761,1,0.3331172693617641,0.82,1.1331172693617648,ok
0.3535533905932738,16.0,1,0.3265862111069786,0.82,1.1265862111069793,ok
0.3535533905932738,22.627416997969522,1,0.24900908641664574,0.78,1.4490090864166456,ok
0.3535533905932738,32.0,1,0.24538094556031856,0.78,1.4453809455603186,ok
0.3535533905932738,45.254833995939045,1,0.21616289474831224,0.76,1.6161628947483124,ok
0.3535533905932738,64.0,1,0.1835949912597656,0.76,1.5835949912597658,ok
0.3535533905932738,90.50966799187809,1,0.19709445184676377,0.78,1.3970944518467636,ok
0.3535533905932738,128.0,1,0.17318975806430142,0.74,1.7731897580643017,ok
0.3535533905932738,181.01933598375618,1,0.17325209977966105,0.74,1.7732520997796613,ok
0.3535533905932738,256.0,1,0.17338452737751972,0.74,1.77338452737752,ok
0.3535533905932738,362.03867196751236,1,0.17443851180704278,0.74,1.7744385118070432,ok
0.3535533905932738,512.0,1,0.1745750306970696,0.74,1.7745750306970698,ok
0.3535533905932738,724.0773439350247,1,0.17457503069389263,0.74,1.774575030693893,ok
0.3535533905932738,1024.0,1,0.17483630042937287,0.74,1.7748363004293732,ok
0.5,0.0009765625,1,1.0031269617814114,0.0,10.003126961781412,ok
0.5,0.0013810679320049757,1,1.0031269617814114,0.0,10.003126961781412,ok
0.5,0.001953125,1,1.0031269617814114,0.0,10.003126961781412,ok
0.5,0.0027621358640099515,1,1.0031269617814114,0.0,10.003126961781412,ok
0.5,0.00390625,1,1.0031269617814114,0.0,10.003126961781412,ok
0.5,0.005524271728019903,1,1.0031269617814114,0.0,10.003126961781412,ok
0.5,0.0078125,1,1.0031269617814114,0.0,10.003126961781412,ok
0.5,0.011048543456039806,1,1.0031269617814114,0.0,10.003126961781412,ok
0.5,0.015625,1,1.0031269617814114,0.0,10.003126961781412,ok
0.5,0.02209708691207961,1,1.0031269617814114,0.0,10.003126961781412,ok
0.5,0.03125,1,1.0031269617814114,0.0,10.003126961781412,ok
0.5,0.04419417382415922,1,0.9768347341378156,0.0,9.976834734137816,ok
0.5,0.0625,1,0.762734494376847,0.24,7.362734494376848,ok
0.5,0.08838834764831845,1,0.6045665355201093,0.5,4.604566535520109,ok
0.5,0.125,1,0.5077542040905741,0.58,3.7077542040905747,ok
0.5,0.1767766952966369,1,0.40480013787878416,0.74,2.0048001378787843,ok
0.5,0.25,1,0.39275577995395494,0.76,1.792755779953955,ok
0.5,0.3535533905932738,1,0.33656132850258513,0.78,1.536561328502585,ok
0.5,0.5,1,0.33801204314442534,0.78,1.5380120431444253,ok
0.5,0.7071067811865476,1,0.3491085987362151,0.8,1.3491085987362148,ok
0.5,1.0,1,0.3459242456736207,0.8,1.3459242456736205,ok
0.5,1.4142135623730951,1,0.34661400331360914,0.8,1.346614003313609,ok
0.5,2.0,1,0.34661400331359005,0.8,1.3466140033135898,ok
0.5,2.8284271247461903,1,0.346614003313596,0.8,1.3466140033135958,ok
0.5,4.0,1,0.3293548441995567,0.8,1.3293548441995564,ok
0.5,5.656854249492381,1,0.33075491930217105,0.8,1.3307549193021708,ok
0.5,8.0,1,0.2822036004672339,0.8,1.2822036004672337,ok
0.5,11.313708498984761,1,0.28529419581505655,0.82,1.0852941958150573,ok
0.5,16.0,1,0.22153015908483442,0.8,1.2215301590848342,ok
0.5,22.627416997969522,1,0.1948519321987158,0.78,1.3948519321987158,ok
0.5,32.0,1,0.17591800090707665,0.76,1.5759180009070768,ok
0.5,45.254833995939045,1,0.14934338505031414,0.78,1.349343385050314,ok
0.5,64.0,1,0.14985436372432714,0.76,1.5498543637243274,ok
0.5,90.50966799187809,1,0.15225907184366788,0.76,1.552259071843668,ok
0.5,128.0,1,0.15237290215676663,0.76,1.5523729021567667,ok
0.5,181.01933598375618,1,0.15532858988443393,0.76,1.555328589884434,ok
0.5,256.0,1,0.1554355057425506,0.76,1.5554355057425506,ok
0.5,362.03867196751236,1,0.15599139949263216,0.76,1.5559913994926322,ok
0.5,512.0,1,0.16194710103334078,0.76,1.561947101033341,ok
0.5,724.0773439350247,1,0.16573658093547333,0.76,1.5657365809354735,ok
0.5,1024.0,1,0.16618880724780835,0.76,1.5661888072478085,ok
0.7071067811865476,0.0009765625,1,1.0031269617814114,0.0,10.003126961781412,ok
0.7071067811865476,0.0013810679320049757,1,1.0031269617814114,0.0,10.003126961781412,ok
0.7071067811865476,0.001953125,1,1.0031269617814114,0.0,10.003126961781412,ok
0.7071067811865476,0.0027621358640099515,1,1.0031269617814114,0.0,10.003126961781412,ok
0.7071067811865476,0.00390625,1,1.0031269617814114,0.0,10.003126961781412,ok
0.7071067811865476,0.005524271728019903,1,1.0031269617814114,0.0,10.003126961781412,ok
0.7071067811865476,0.0078125,1,1.0031269617814114,0.0,10.003126961781412,ok
0.7071067811865476,0.011048543456039806,1,1.0031269617814114,0.0,10.003126961781412,ok
0.7071067811865476,0.015625,1,1.0031269617814114,0.0,10.003126961781412,ok
0.7071067811865476,0.02209708691207961,1,1.0031269617814114,0.0,10.003126961781412,ok
0.7071067811865476,0.03125,1,1.0031269617814114,0.0,10.003126961781412,ok
0.7071067811865476,0.04419417382415922,1,0.9768347341378156,0.0,9.976834734137816,ok
0.7071067811865476,0.0625,1,0.762734494376847,0.24,7.362734494376848,ok
0.7071067811865476,0.08838834764831845,1,0.6045665355201093,0.5,4.604566535520109,ok
0.7071067811865476,0.125,1,0.5077542040905741,0.58,3.7077542040905747,ok
0.7071067811865476,0.1767766952966369,1,0.4194520443063602,0.74,2.0194520443063606,ok
0.7071067811865476,0.25,1,0.3859319699566791,0.76,1.7859319699566791,ok
0.7071067811865476,0.3535533905932738,1,0.343989813072742,0.74,1.9439898130727422,ok
0.7071067811865476,0.5,1,0.3425026009240222,0.72,2.142502600924023,ok
0.7071067811865476,0.7071067811865476,1,0.3583565111249499,0.74,1.9583565111249501,ok
0.7071067811865476,1.0,1,0.35144572485432934,0.74,1.9514457248543295,ok
0.7071067811865476,1.4142135623730951,1,0.34956688035037264,0.74,1.949566880350373,ok
0.7071067811865476,2.0,1,0.34937626710965464,0.74,1.9493762671096548,ok
0.7071067811865476,2.8284271247461903,1,0.3392786362048172,0.74,1.9392786362048176,ok
0.7071067811865476,4.0,1,0.33205958583279516,0.74,1.9320595858327954,ok
0.7071067811865476,5.656854249492381,1,0.2684616542418228,0.74,1.868461654241823,ok
0.7071067811865476,8.0,1,0.18750321534327835,0.78,1.3875032153432783,ok
0.7071067811865476,11.313708498984761,1,0.1780266734177023,0.78,1.3780266734177022,ok
0.7071067811865476,16.0,1,0.1663609743641532,0.78,1.3663609743641532,ok
0.7071067811865476,22.627416997969522,1,0.14441575791449773,0.74,1.744415757914498,ok
0.7071067811865476,32.0,1,0.13181132462908965,0.76,1.5318113246290899,ok
0.7071067811865476,45.254833995939045,1,0.13208969378953703,0.76,1.5320896937895372,ok
0.7071067811865476,64.0,1,0.13407892730365448,0.76,1.5340789273036546,ok
0.7071067811865476,90.50966799187809,1,0.13587593219401545,0.76,1.5358759321940156,ok
0.7071067811865476,128.0,1,0.1397246582878901,0.76,1.5397246582878903,ok
0.7071067811865476,181.01933598375618,1,0.1405969062842382,0.76,1.5405969062842384,ok
0.7071067811865476,256.0,1,0.15788378664892666,0.76,1.5578837866489268,ok
0.7071067811865476,362.03867196751236,1,0.16306968784132164,0.76,1.5630696878413217,ok
0.7071067811865476,512.0,1,0.19146660203047927,0.76,1.5914666020304793,ok
0.7071067811865476,724.0773439350247,1,0.1896262803980137,0.76,1.589626280398014,ok
0.7071067811865476,1024.0,1,0.2025853310615155,0.8,1.2025853310615153,ok
1.0,0.0009765625,1,1.0031269617814114,0.0,10.003126961781412,ok
1.0,0.0013810679320049757,1,1.0031269617814114,0.0,10.003126961781412,ok
1.0,0.001953125,1,1.0031269617814114,0.0,10.003126961781412,ok
1.0,0.0027621358640099515,1,1.0031269617814114,0.0,10.003126961781412,ok
1.0,0.00390625,1,1.0031269617814114,0.0,10.003126961781412,ok
1.0,0.005524271728019903,1,1.0031269617814114,0.0,10.003126961781412,ok
1.0,0.0078125,1,1.0031269617814114,0.0,10.003126961781412,ok
1.0,0.011048543456039806,1,1.0031269617814114,0.0,10.003126961781412,ok
1.0,0.015625,1,1.0031269617814114,0.0,10.003126961781412,ok
1.0,0.02209708691207961,1,1.0031269617814114,0.0,10.003126961781412,ok
1.0,0.03125,1,1.0031269617814114,0.0,10.003126961781412,ok
1.0,0.04419417382415922,1,0.9768347341378156,0.0,9.976834734137816,ok
1.0,0.0625,1,0.762734494376847,0.24,7.362734494376848,ok
1.0,0.08838834764831845,1,0.6045665355201093,0.5,4.604566535520109,ok
1.0,0.125,1,0.5077542040905741,0.58,3.7077542040905747,ok
1.0,0.1767766952966369,1,0.4288626545167914,0.74,2.0288626545167916,ok
1.0,0.25,1,0.3692178794787283,0.76,1.7692178794787283,ok
1.0,0.3535533905932738,1,0.31907353657072113,0.76,1.7190735365707213,ok
1.0,0.5,1,0.3188130158901559,0.76,1.718813015890156,ok
1.0,0.7071067811865476,1,0.3239112316987946,0.78,1.5239112316987946,ok
1.0,1.0,1,0.32214174153843417,0.78,1.5221417415384342,ok
1.0,1.4142135623730951,1,0.3217246829271304,0.78,1.5217246829271303,ok
1.0,2.0,1,0.32254428501848975,0.76,1.7225442850184898,ok
1.0,2.8284271247461903,1,0.3114446172524146,0.76,1.7114446172524147,ok
1.0,4.0,1,0.2100044706939312,0.78,1.4100044706939312,ok
1.0,5.656854249492381,1,0.1687756519277419,0.74,1.7687756519277422,ok
1.0,8.0,1,0.16637209187911292,0.76,1.566372091879113,ok
1.0,11.313708498984761,1,0.1545858798780077,0.8,1.1545858798780075,ok
1.0,16.0,1,0.12313475122684767,0.78,1.3231347512268476,ok
1.0,22.627416997969522,1,0.12323603075469142,0.78,1.3232360307546913,ok
1.0,32.0,1,0.12320543087936109,0.76,1.5232054308793612,ok
1.0,45.254833995939045,1,0.12235228434543148,0.76,1.5223522843454316,ok
1.0,64.0,1,0.12229228948606294,0.76,1.522292289486063,ok
1.0,90.50966799187809,1,0.13143603617441268,0.76,1.5314360361744128,ok
1.0,128.0,1,0.15599986130911397,0.76,1.5559998613091142,ok
1.0,181.01933598375618,1,0.18573472215290576,0.76,1.585734722152906,ok
1.0,256.0,1,0.18584185767467876,0.76,1.585841857674679,ok
1.0,362.03867196751236,1,0.18584185767503927,0.76,1.5858418576750395,ok
1.0,512.0,1,0.18650131897772135,0.76,1.5865013189777215,ok
1.0,724.0773439350247,1,0.18991336541104561,0.76,1.5899133654110458,ok
1.0,1024.0,1,0.2265104489324628,0.76,1.6265104489324629,ok
1.4142135623730951,0.0009765625,1,1.0031269617814114,0.0,10.003126961781412,ok
1.4142135623730951,0.0013810679320049757,1,1.0031269617814114,0.0,10.003126961781412,ok
1.4142135623730951,0.001953125,1,1.0031269617814114,0.0,10.003126961781412,ok
1.4142135623730951,0.0027621358640099515,1,1.0031269617814114,0.0,10.003126961781412,ok
1.4142135623730951,0.00390625,1,1.0031269617814114,0.0,10.003126961781412,ok
1.4142135623730951,0.005524271728019903,1,1.0031269617814114,0.0,10.003126961781412,ok
1.4142135623730951,0.0078125,1,1.0031269617814114,0.0,10.003126961781412,ok
1.4142135623730951,0.011048543456039806,1,1.0031269617814114,0.0,10.003126961781412,ok
1.4142135623730951,0.015625,1,1.0031269617814114,0.0,10.003126961781412,ok
1.4142135623730951,0.02209708691207961,1,1.0031269617814114,0.0,10.003126961781412,ok
1.4142135623730951,0.03125,1,1.0031269617814114,0.0,10.003126961781412,ok
1.4142135623730951,0.04419417382415922,1,0.9768347341378156,0.0,9.976834734137816,ok
1.4142135623730951,0.0625,1,0.762734494376847,0.24,7.362734494376848,ok
1.4142135623730951,0.08838834764831845,1,0.6045665355201093,0.5,4.604566535520109,ok
1.4142135623730951,0.125,1,0.5077542040905741,0.58,3.7077542040905747,ok
1.4142135623730951,0.1767766952966369,1,0.4303959860437559,0.74,2.0303959860437564,ok
1.4142135623730951,0.25,1,0.3545033185186011,0.76,1.7545033185186012,ok
1.4142135623730951,0.3535533905932738,1,0.31441896459621266,0.8,1.3144189645962125,ok
1.4142135623730951,0.5,1,0.3117081050088972,0.8,1.311708105008897,ok
1.4142135623730951,0.7071067811865476,1,0.30381548401230474,0.8,1.3038154840123046,ok
1.4142135623730951,1.0,1,0.303309744308896,0.8,1.303309744308896,ok
1.4142135623730951,1.4142135623730951,1,0.3033097443088961,0.8,1.303309744308896,ok
1.4142135623730951,2.0,1,0.27491495418538925,0.82,1.07491495418539,ok
1.4142135623730951,2.8284271247461903,1,0.13228045095771138,0.8,1.1322804509577111,ok
1.4142135623730951,4.0,1,0.13638567817838937,0.8,1.1363856781783892,ok
1.4142135623730951,5.656854249492381,1,0.1389370053272516,0.78,1.3389370053272516,ok
1.4142135623730951,8.0,1,0.134983707584173,0.78,1.3349837075841728,ok
1.4142135623730951,11.313708498984761,1,0.13499435061228776,0.78,1.3349943506122877,ok
1.4142135623730951,16.0,1,0.13552580506197398,0.78,1.335525805061974,ok
1.4142135623730951,22.627416997969522,1,0.13600009197875682,0.78,1.3360000919787567,ok
1.4142135623730951,32.0,1,0.1384624942411078,0.78,1.3384624942411079,ok
1.4142135623730951,45.254833995939045,1,0.13195168473842944,0.76,1.5319516847384296,ok
1.4142135623730951,64.0,1,0.13807615891970493,0.76,1.5380761589197052,ok
1.4142135623730951,90.50966799187809,1,0.1736894887163451,0.76,1.5736894887163453,ok
1.4142135623730951,128.0,1,0.1937210624266189,0.74,1.793721062426619,ok
1.4142135623730951,181.01933598375618,1,0.21524808029594295,0.74,1.8152480802959432,ok
1.4142135623730951,256.0,1,0.23005353029423925,0.72,2.0300535302942397,ok
1.4142135623730951,362.03867196751236,1,0.24543570177014778,0.7,2.2454357017701487,ok
1.4142135623730951,512.0,1,0.24016267594612323,0.7,2.240162675946124,ok
1.4142135623730951,724.0773439350247,1,0.2405891593272309,0.68,2.4405891593272306,ok
1.4142135623730951,1024.0,1,0.24297583819841767,0.7,2.2429758381984186,ok
2.0,0.0009765625,1,1.0031269617814114,0.0,10.003126961781412,ok
2.0,0.0013810679320049757,1,1.0031269617814114,0.0,10.003126961781412,ok
2.0,0.001953125,1,1.0031269617814114,0.0,10.003126961781412,ok
2.0,0.0027621358640099515,1,1.0031269617814114,0.0,10.003126961781412,ok
2.0,0.00390625,1,1.0031269617814114,0.0,10.003126961781412,ok
2.0,0.005524271728019903,1,1.0031269617814114,0.0,10.003126961781412,ok
2.0,0.0078125,1,1.0031269617814114,0.0,10.003126961781412,ok
2.0,0.011048543456039806,1,1.0031269617814114,0.0,10.003126961781412,ok
2.0,0.015625,1,1.0031269617814114,0.0,10.003126961781412,ok
2.0,0.02209708691207961,1,1.0031269617814114,0.0,10.003126961781412,ok
2.0,0.03125,1,1.0031269617814114,0.0,10.003126961781412,ok
2.0,0.04419417382415922,1,0.9768347341378156,0.0,9.976834734137816,ok
2.0,0.0625,1,0.762734494376847,0.24,7.362734494376848,ok
2.0,0.08838834764831845,1,0.6045665355201093,0.5,4.604566535520109,ok
2.0,0.125,1,0.5077542040905741,0.58,3.7077542040905747,ok
2.0,0.1767766952966369,1,0.4319280692701314,0.74,2.0319280692701316,ok
2.0,0.25,1,0.33929679038400584,0.78,1.5392967903840058,ok
2.0,0.3535533905932738,1,0.3090584455741586,0.8,1.3090584455741583,ok
2.0,0.5,1,0.3090584455741586,0.8,1.3090584455741583,ok
2.0,0.7071067811865476,1,0.30228696055770016,0.84,0.9022869605577006,ok
2.0,1.0,1,0.30228696055770016,0.84,0.9022869605577006,ok
2.0,1.4142135623730951,1,0.2875016588911336,0.86,0.687501658891134,ok
2.0,2.0,1,0.13917410335925157,0.84,0.739174103359252,ok
2.0,2.8284271247461903,1,0.12594674371610615,0.82,0.9259467437161069,ok
2.0,4.0,1,0.14467439763503695,0.78,1.3446743976350368,ok
2.0,5.656854249492381,1,0.14694325728025598,0.78,1.346943257280256,ok
2.0,8.0,1,0.14872922027810814,0.78,1.348729220278108,ok
2.0,11.313708498984761,1,0.15130106408310384,0.78,1.3513010640831038,ok
2.0,16.0,1,0.15144270320343192,0.78,1.351442703203432,ok
2.0,22.627416997969522,1,0.1523614289646222,0.78,1.3523614289646222,ok
2.0,32.0,1,0.1439162015673728,0.76,1.5439162015673729,ok
2.0,45.254833995939045,1,0.1553698939324323,0.76,1.5553698939324325,ok
2.0,64.0,1,0.17641952881787248,0.74,1.7764195288178728,ok
2.0,90.50966799187809,1,0.22098187709297973,0.7,2.2209818770929806,ok
2.0,128.0,1,0.22941641529886084,0.68,2.4294164152988604,ok
2.0,181.01933598375618,1,0.2331692224178658,0.68,2.4331692224178654,ok
2.0,256.0,1,0.2331591036125743,0.68,2.433159103612574,ok
2.0,362.03867196751236,1,0.22766823191396818,0.68,2.4276682319139677,ok
2.0,512.0,1,0.2339887173766459,0.7,2.2339887173766466,ok
2.0,724.0773439350247,1,0.23909296906477745,0.7,2.2390929690647785,ok
2.0,1024.0,1,0.2432994394471743,0.68,2.443299439447174,ok
2.8284271247461903,0.0009765625,1,1.0031269617814114,0.0,10.003126961781412,ok
2.8284271247461903,0.0013810679320049757,1,1.0031269617814114,0.0,10.003126961781412,ok
2.8284271247461903,0.001953125,1,1.0031269617814114,0.0,10.003126961781412,ok
2.8284271247461903,0.0027621358640099515,1,1.0031269617814114,0.0,10.003126961781412,ok
2.8284271247461903,0.00390625,1,1.0031269617814114,0.0,10.003126961781412,ok
2.8284271247461903,0.005524271728019903,1,1.0031269617814114,0.0,10.003126961781412,ok
2.8284271247461903,0.0078125,1,1.0031269617814114,0.0,10.003126961781412,ok
2.8284271247461903,0.011048543456039806,1,1.0031269617814114,0.0,10.003126961781412,ok
2.8284271247461903,0.015625,1,1.0031269617814114,0.0,10.003126961781412,ok
2.8284271247461903,0.02209708691207961,1,1.0031269617814114,0.0,10.003126961781412,ok
2.8284271247461903,0.03125,1,1.0031269617814114,0.0,10.003126961781412,ok
2.8284271247461903,0.04419417382415922,1,0.9768347341378156,0.0,9.976834734137816,ok
2.8284271247461903,0.0625,1,0.762734494376847,0.24,7.362734494376848,ok
2.8284271247461903,0.08838834764831845,1,0.6045665355201093,0.5,4.604566535520109,ok
2.8284271247461903,0.125,1,0.5077542040905741,0.58,3.7077542040905747,ok
2.8284271247461903,0.1767766952966369,1,0.44852240210726796,0.72,2.2485224021072683,ok
2.8284271247461903,0.25,1,0.37583172234680207,0.76,1.775831722346802,ok
2.8284271247461903,0.3535533905932738,1,0.31382124266414,0.8,1.3138212426641398,ok
2.8284271247461903,0.5,1,0.310209334476134,0.8,1.3102093344761339,ok
2.8284271247461903,0.7071067811865476,1,0.301672616814502,0.82,1.1016726168145028,ok
2.8284271247461903,1.0,1,0.30119392098237663,0.84,0.9011939209823772,ok
2.8284271247461903,1.4142135623730951,1,0.28590949754897943,0.86,0.6859094975489798,ok
2.8284271247461903,2.0,1,0.178012791093567,0.86,0.5780127910935673,ok
2.8284271247461903,2.8284271247461903,1,0.14629189403206772,0.8,1.1462918940320674,ok
2.8284271247461903,4.0,1,0.14714613256946604,0.8,1.1471461325694658,ok
2.8284271247461903,5.656854249492381,1,0.15592924223642274,0.78,1.3559292422364226,ok
2.8284271247461903,8.0,1,0.1691578070502648,0.76,1.569157807050265,ok
2.8284271247461903,11.313708498984761,1,0.18396670067621018,0.76,1.5839667006762104,ok
2.8284271247461903,16.0,1,0.1929494873163125,0.76,1.5929494873163126,ok
2.8284271247461903,22.627416997969522,1,0.18674625251104193,0.74,1.7867462525110422,ok
2.8284271247461903,32.0,1,0.19963246888437458,0.72,1.999632468884375,ok
2.8284271247461903,45.254833995939045,1,0.21522682445093494,0.7,2.215226824450936,ok
2.8284271247461903,64.0,1,0.22015282073394946,0.7,2.2201528207339503,ok
2.8284271247461903,90.50966799187809,1,0.22358406158232402,0.7,2.223584061582325,ok
2.8284271247461903,128.0,1,0.22644051953496797,0.68,2.426440519534968,ok
2.8284271247461903,181.01933598375618,1,0.22717338013341226,0.68,2.427173380133412,ok
2.8284271247461903,256.0,1,0.23566773902003,0.68,2.4356677390200296,ok
2.8284271247461903,362.03867196751236,1,0.2427771123564164,0.68,2.442777112356416,ok
2.8284271247461903,512.0,1,0.2758279198663408,0.68,2.4758279198663407,ok
2.8284271247461903,724.0773439350247,1,0.3040823506504803,0.66,2.7040823506504803,ok
2.8284271247461903,1024.0,1,0.5775919744117824,0.56,3.977591974411782,ok
4.0,0.0009765625,1,1.0031269617814114,0.0,10.003126961781412,ok
4.0,0.0013810679320049757,1,1.0031269617814114,0.0,10.003126961781412,ok
4.0,0.001953125,1,1.0031269617814114,0.0,10.003126961781412,ok
4.0,0.0027621358640099515,1,1.0031269617814114,0.0,10.003126961781412,ok
4.0,0.00390625,1,1.0031269617814114,0.0,10.003126961781412,ok
4.0,0.005524271728019903,1,1.0031269617814114,0.0,10.003126961781412,ok
4.0,0.0078125,1,1.0031269617814114,0.0,10.003126961781412,ok
4.0,0.011048543456039806,1,1.0031269617814114,0.0,10.003126961781412,ok
4.0,0.015625,1,1.0031269617814114,0.0,10.003126961781412,ok
4.0,0.02209708691207961,1,1.0031269617814114,0.0,10.003126961781412,ok
4.0,0.03125,1,1.0031269617814114,0.0,10.003126961781412,ok
4.0,0.04419417382415922,1,0.9768347341378156,0.0,9.976834734137816,ok
4.0,0.0625,1,0.762734494376847,0.24,7.362734494376848,ok
4.0,0.08838834764831845,1,0.6045665355201093,0.5,4.604566535520109,ok
4.0,0.125,1,0.5077542040905741,0.58,3.7077542040905747,ok
4.0,0.1767766952966369,1,0.44852240210726796,0.72,2.2485224021072683,ok
4.0,0.25,1,0.4416659178219341,0.74,2.0416659178219345,ok
4.0,0.3535533905932738,1,0.33745756352158185,0.8,1.3374575635215815,ok
4.0,0.5,1,0.3371068427748709,0.8,1.3371068427748707,ok
4.0,0.7071067811865476,1,0.30721673705426666,0.84,0.9072167370542672,ok
4.0,1.0,1,0.3080585434587101,0.86,0.7080585434587104,ok
4.0,1.4142135623730951,1,0.2945695751518852,0.86,0.6945695751518856,ok
4.0,2.0,1,0.20069786645400284,0.84,0.8006978664540034,ok
4.0,2.8284271247461903,1,0.15388772024091657,0.8,1.1538877202409163,ok
4.0,4.0,1,0.1538877202409188,0.8,1.1538877202409186,ok
4.0,5.656854249492381,1,0.15357417243363838,0.8,1.1535741724336381,ok
4.0,8.0,1,0.15711032258922664,0.78,1.3571103225892265,ok
4.0,11.313708498984761,1,0.20353192390182634,0.7,2.2035319239018274,ok
4.0,16.0,1,0.20213514531609747,0.7,2.2021351453160984,ok
4.0,22.627416997969522,1,0.20521024546155398,0.7,2.2052102454615548,ok
4.0,32.0,1,0.20646800223777556,0.7,2.2064680022377763,ok
4.0,45.254833995939045,1,0.20702711089031106,0.7,2.207027110890312,ok
4.0,64.0,1,0.21171736160902704,0.7,2.2117173616090278,ok
4.0,90.50966799187809,1,0.23101555072923113,0.68,2.431015550729231,ok
4.0,128.0,1,0.24644952090023303,0.7,2.2464495209002338,ok
4.0,181.01933598375618,1,0.25203457215930114,0.7,2.2520345721593023,ok
4.0,256.0,1,0.2618021939874824,0.66,2.6618021939874823,ok
4.0,362.03867196751236,1,0.4226137757669252,0.6,3.4226137757669255,ok
4.0,512.0,1,0.4680679913290999,0.6,3.4680679913291,ok
4.0,724.0773439350247,1,0.6644603667356719,0.58,3.8644603667356723,ok
4.0,1024.0,1,0.6787516488309855,0.58,3.878751648830986,ok
5.656854249492381,0.0009765625,1,1.0031269617814114,0.0,10.003126961781412,ok
5.656854249492381,0.0013810679320049757,1,1.0031269617814114,0.0,10.003126961781412,ok
5.656854249492381,0.001953125,1,1.0031269617814114,0.0,10.003126961781412,ok
5.656854249492381,0.0027621358640099515,1,1.0031269617814114,0.0,10.003126961781412,ok
5.656854249492381,0.00390625,1,1.0031269617814114,0.0,10.003126961781412,ok
5.656854249492381,0.005524271728019903,1,1.0031269617814114,0.0,10.003126961781412,ok
5.656854249492381,0.0078125,1,1.0031269617814114,0.0,10.003126961781412,ok
5.656854249492381,0.011048543456039806,1,1.0031269617814114,0.0,10.003126961781412,ok
5.656854249492381,0.015625,1,1.0031269617814114,0.0,10.003126961781412,ok
5.656854249492381,0.02209708691207961,1,1.0031269617814114,0.0,10.003126961781412,ok
5.656854249492381,0.03125,1,1.0031269617814114,0.0,10.003126961781412,ok
5.656854249492381,0.04419417382415922,1,0.9768347341378156,0.0,9.976834734137816,ok
5.656854249492381,0.0625,1,0.762734494376847,0.24,7.362734494376848,ok
5.656854249492381,0.08838834764831845,1,0.6045665355201093,0.5,4.604566535520109,ok
5.656854249492381,0.125,1,0.5077542040905741,0.58,3.7077542040905747,ok
5.656854249492381,0.1767766952966369,1,0.44852240210726796,0.72,2.2485224021072683,ok
5.656854249492381,0.25,1,0.44725941412965586,0.76,1.847259414129656,ok
5.656854249492381,0.3535533905932738,1,0.3452768301979653,0.8,1.3452768301979652,ok
5.656854249492381,0.5,1,0.3430054788839463,0.82,1.143005478883947,ok
5.656854249492381,0.7071067811865476,1,0.3338290704848922,0.84,0.9338290704848927,ok
5.656854249492381,1.0,1,0.3340405448420815,0.86,0.7340405448420819,ok
5.656854249492381,1.4142135623730951,1,0.3178287762892371,0.86,0.7178287762892375,ok
5.656854249492381,2.0,1,0.23373570580101008,0.88,0.4337357058010103,ok
5.656854249492381,2.8284271247461903,1,0.16039958060863768,0.82,0.9603995806086384,ok
5.656854249492381,4.0,1,0.16039010953351684,0.82,0.9603901095335176,ok
5.656854249492381,5.656854249492381,1,0.1511962965252271,0.78,1.351196296525227,ok
5.656854249492381,8.0,1,0.20252505150235456,0.74,1.802525051502355,ok
5.656854249492381,11.313708498984761,1,0.209109888048365,0.74,1.8091098880483654,ok
5.656854249492381,16.0,1,0.2164477501649522,0.7,2.216447750164953,ok
5.656854249492381,22.627416997969522,1,0.21989964542362084,0.7,2.219899645423622,ok
5.656854249492381,32.0,1,0.2198996454235813,0.7,2.219899645423582,ok
5.656854249492381,45.254833995939045,1,0.2354564226500006,0.68,2.43545642265,ok
5.656854249492381,64.0,1,0.2398388120997231,0.68,2.439838812099723,ok
5.656854249492381,90.50966799187809,1,0.24363292538316156,0.68,2.4436329253831612,ok
5.656854249492381,128.0,1,0.35762342651886814,0.68,2.5576234265188678,ok
5.656854249492381,181.01933598375618,1,0.39135387105798614,0.62,3.1913538710579865,ok
5.656854249492381,256.0,1,0.4723012526298441,0.6,3.4723012526298445,ok
5.656854249492381,362.03867196751236,1,0.5433196658916435,0.56,3.943319665891643,ok
5.656854249492381,512.0,1,0.5513969361196405,0.6,3.551396936119641,ok
5.656854249492381,724.0773439350247,1,0.6021320213617286,0.6,3.602132021361729,ok
5.656854249492381,1024.0,1,0.6391134934124482,0.6,3.6391134934124487,ok
8.0,0.0009765625,1,1.0031269617814114,0.0,10.003126961781412,ok
8.0,0.0013810679320049757,1,1.0031269617814114,0.0,10.003126961781412,ok
8.0,0.001953125,1,1.0031269617814114,0.0,10.003126961781412,ok
8.0,0.0027621358640099515,1,1.0031269617814114,0.0,10.003126961781412,ok
8.0,0.00390625,1,1.0031269617814114,0.0,10.003126961781412,ok
8.0,0.005524271728019903,1,1.0031269617814114,0.0,10.003126961781412,ok
8.0,0.0078125,1,1.0031269617814114,0.0,10.003126961781412,ok
8.0,0.011048543456039806,1,1.0031269617814114,0.0,10.003126961781412,ok
8.0,0.015625,1,1.0031269617814114,0.0,10.003126961781412,ok
8.0,0.02209708691207961,1,1.0031269617814114,0.0,10.003126961781412,ok
8.0,0.03125,1,1.0031269617814114,0.0,10.003126961781412,ok
8.0,0.04419417382415922,1,0.9768347341378156,0.0,9.976834734137816,ok
8.0,0.0625,1,0.762734494376847,0.24,7.362734494376848,ok
8.0,0.08838834764831845,1,0.6045665355201093,0.5,4.604566535520109,ok
8.0,0.125,1,0.5077542040905741,0.58,3.7077542040905747,ok
8.0,0.1767766952966369,1,0.44852240210726796,0.72,2.2485224021072683,ok
8.0,0.25,1,0.45041435066766705,0.76,1.8504143506676671,ok
8.0,0.3535533905932738,1,0.37681399228535234,0.8,1.3768139922853522,ok
8.0,0.5,1,0.37473889789790077,0.8,1.3747388978979005,ok
8.0,0.7071067811865476,1,0.3392247365366792,0.84,0.9392247365366797,ok
8.0,1.0,1,0.33961839292867335,0.86,0.7396183929286737,ok
8.0,1.4142135623730951,1,0.3362208637347282,0.86,0.7362208637347285,ok
8.0,2.0,1,0.2574872541423657,0.86,0.657487254142366,ok
8.0,2.8284271247461903,1,0.1768538737854266,0.84,0.7768538737854271,ok
8.0,4.0,1,0.1822473995770592,0.82,0.98224739957706,ok
8.0,5.656854249492381,1,0.17960086995360472,0.76,1.5796008699536048,ok
8.0,8.0,1,0.21302136143735484,0.76,1.613021361437355,ok
8.0,11.313708498984761,1,0.21817006609374856,0.76,1.6181700660937488,ok
8.0,16.0,1,0.21817006609371037,0.76,1.6181700660937106,ok
8.0,22.627416997969522,1,0.24510338121677167,0.66,2.6451033812167717,ok
8.0,32.0,1,0.25344082883161423,0.66,2.6534408288316143,ok
8.0,45.254833995939045,1,0.34298420024873016,0.66,2.74298420024873,ok
8.0,64.0,1,0.3448413519356583,0.66,2.744841351935658,ok
8.0,90.50966799187809,1,0.3743970467746664,0.64,2.9743970467746665,ok
8.0,128.0,1,0.4752125596833553,0.62,3.2752125596833555,ok
8.0,181.01933598375618,1,0.4745062017613437,0.62,3.274506201761344,ok
8.0,256.0,1,0.4819425400855252,0.6,3.4819425400855257,ok
8.0,362.03867196751236,1,0.486585099453298,0.62,3.286585099453298,ok
8.0,512.0,1,0.511063203194502,0.62,3.3110632031945024,ok
8.0,724.0773439350247,1,0.5460499291073897,0.6,3.54604992910739,ok
8.0,1024.0,1,0.6399785786521728,0.52,4.439978578652172,ok
11.313708498984761,0.0009765625,1,1.0031269617814114,0.0,10.003126961781412,ok
11.313708498984761,0.0013810679320049757,1,1.0031269617814114,0.0,10.003126961781412,ok
11.313708498984761,0.001953125,1,1.0031269617814114,0.0,10.003126961781412,ok
11.313708498984761,0.0027621358640099515,1,1.0031269617814114,0.0,10.003126961781412,ok
11.313708498984761,0.00390625,1,1.0031269617814114,0.0,10.003126961781412,ok
11.313708498984761,0.005524271728019903,1,1.0031269617814114,0.0,10.003126961781412,ok
11.313708498984761,0.0078125,1,1.0031269617814114,0.0,10.003126961781412,ok
11.313708498984761,0.011048543456039806,1,1.0031269617814114,0.0,10.003126961781412,ok
11.313708498984761,0.015625,1,1.0031269617814114,0.0,10.003126961781412,ok
11.313708498984761,0.02209708691207961,1,1.0031269617814114,0.0,10.003126961781412,ok
11.313708498984761,0.03125,1,1.0031269617814114,0.0,10.003126961781412,ok
11.313708498984761,0.04419417382415922,1,0.9768347341378156,0.0,9.976834734137816,ok
11.313708498984761,0.0625,1,0.762734494376847,0.24,7.362734494376848,ok
11.313708498984761,0.08838834764831845,1,0.6045665355201093,0.5,4.604566535520109,ok
11.313708498984761,0.125,1,0.5077542040905741,0.58,3.7077542040905747,ok
11.313708498984761,0.1767766952966369,1,0.44852240210726796,0.72,2.2485224021072683,ok
11.313708498984761,0.25,1,0.45041435066766705,0.76,1.8504143506676671,ok
11.313708498984761,0.3535533905932738,1,0.4442993697928572,0.78,1.6442993697928572,ok
11.313708498984761,0.5,1,0.38512917387626744,0.82,1.1851291738762681,ok
11.313708498984761,0.7071067811865476,1,0.3526367223151925,0.84,0.952636722315193,ok
11.313708498984761,1.0,1,0.3524977301476289,0.86,0.7524977301476292,ok
11.313708498984761,1.4142135623730951,1,0.3397103855626391,0.86,0.7397103855626395,ok
11.313708498984761,2.0,1,0.2746120582616194,0.86,0.6746120582616197,ok
11.313708498984761,2.8284271247461903,1,0.21315230637475668,0.84,0.8131523063747572,ok
11.313708498984761,4.0,1,0.21655949684734027,0.78,1.4165594968473403,ok
11.313708498984761,5.656854249492381,1,0.21194913601569376,0.78,1.4119491360156937,ok
11.313708498984761,8.0,1,0.21965266044720433,0.78,1.4196526604472042,ok
11.313708498984761,11.313708498984761,1,0.22311917013426494,0.78,1.423119170134265,ok
11.313708498984761,16.0,1,0.26409093041774073,0.68,2.4640909304177403,ok
11.313708498984761,22.627416997969522,1,0.35101364993581696,0.66,2.7510136499358167,ok
11.313708498984761,32.0,1,0.3679488604069465,0.68,2.567948860406946,ok
11.313708498984761,45.254833995939045,1,0.38208074926811686,0.66,2.7820807492681165,ok
11.313708498984761,64.0,1,0.4559021353535594,0.64,3.0559021353535596,ok
11.313708498984761,90.50966799187809,1,0.45685132737002054,0.64,3.056851327370021,ok
11.313708498984761,128.0,1,0.45816363955202855,0.66,2.8581636395520285,ok
11.313708498984761,181.01933598375618,1,0.5189000596540911,0.56,3.9189000596540904,ok
11.313708498984761,256.0,1,0.5266673499217572,0.56,3.9266673499217566,ok
11.313708498984761,362.03867196751236,1,0.5363506412645798,0.56,3.9363506412645792,ok
11.313708498984761,512.0,1,0.5481084518952646,0.48,4.7481084518952645,ok
11.313708498984761,724.0773439350247,1,0.6568424088734008,0.5,4.656842408873401,ok
11.313708498984761,1024.0,1,0.9385677637785463,0.38,6.138567763778546,ok
16.0,0.0009765625,1,1.0031269617814114,0.0,10.003126961781412,ok
16.0,0.0013810679320049757,1,1.0031269617814114,0.0,10.003126961781412,ok
16.0,0.001953125,1,1.0031269617814114,0.0,10.003126961781412,ok
16.0,0.0027621358640099515,1,1.0031269617814114,0.0,10.003126961781412,ok
16.0,0.00390625,1,1.0031269617814114,0.0,10.003126961781412,ok
16.0,0.005524271728019903,1,1.0031269617814114,0.0,10.003126961781412,ok
16.0,0.0078125,1,1.0031269617814114,0.0,10.003126961781412,ok
16.0,0.011048543456039806,1,1.0031269617814114,0.0,10.003126961781412,ok
16.0,0.015625,1,1.0031269617814114,0.0,10.003126961781412,ok
16.0,0.02209708691207961,1,1.0031269617814114,0.0,10.003126961781412,ok
16.0,0.03125,1,1.0031269617814114,0.0,10.003126961781412,ok
16.0,0.04419417382415922,1,0.9768347341378156,0.0,9.976834734137816,ok
16.0,0.0625,1,0.762734494376847,0.24,7.362734494376848,ok
16.0,0.08838834764831845,1,0.6045665355201093,0.5,4.604566535520109,ok
16.0,0.125,1,0.5077542040905741,0.58,3.7077542040905747,ok
16.0,0.1767766952966369,1,0.44852240210726796,0.72,2.2485224021072683,ok
16.0,0.25,1,0.45041435066766705,0.76,1.8504143506676671,ok
16.0,0.3535533905932738,1,0.444431426151888,0.76,1.8444314261518882,ok
16.0,0.5,1,0.3926585995665156,0.78,1.5926585995665157,ok
16.0,0.7071067811865476,1,0.3926585995665156,0.78,1.5926585995665157,ok
16.0,1.0,1,0.35689531835017685,0.82,1.1568953183501776,ok
16.0,1.4142135623730951,1,0.33848930062268134,0.86,0.7384893006226817,ok
16.0,2.0,1,0.32841425888808057,0.86,0.7284142588880809,ok
16.0,2.8284271247461903,1,0.29158485456042726,0.82,1.0915848545604279,ok
16.0,4.0,1,0.23895238641408045,0.76,1.6389523864140805,ok
16.0,5.656854249492381,1,0.22904484601972705,0.74,1.8290448460197273,ok
16.0,8.0,1,0.24444671488720174,0.72,2.044446714887202,ok
16.0,11.313708498984761,1,0.34260869536708655,0.68,2.542608695367086,ok
16.0,16.0,1,0.3570600200970388,0.64,2.957060020097039,ok
16.0,22.627416997969522,1,0.38971511468640685,0.64,2.989715114686407,ok
16.0,32.0,1,0.44490931362915503,0.62,3.2449093136291554,ok
16.0,45.254833995939045,1,0.44480257561270986,0.62,3.2448025756127103,ok
16.0,64.0,1,0.5093470534606378,0.54,4.109347053460637,ok
16.0,90.50966799187809,1,0.5120797639752859,0.54,4.112079763975285,ok
16.0,128.0,1,0.5204192559726013,0.52,4.320419255972601,ok
16.0,181.01933598375618,1,0.5197187912446078,0.52,4.319718791244608,ok
16.0,256.0,1,0.5791538698982335,0.46,4.979153869898234,ok
16.0,362.03867196751236,1,0.6896191369303677,0.42,5.489619136930369,ok
16.0,512.0,1,0.8634854753475377,0.28,7.063485475347538,ok
16.0,724.0773439350247,1,0.8584272312081804,0.28,7.058427231208181,ok
16.0,1024.0,1,0.8202496929251626,0.26,7.220249692925163,ok
22.627416997969522,0.0009765625,1,1.0031269617814114,0.0,10.003126961781412,ok
22.627416997969522,0.0013810679320049757,1,1.0031269617814114,0.0,10.003126961781412,ok
22.627416997969522,0.001953125,1,1.0031269617814114,0.0,10.003126961781412,ok
22.627416997969522,0.0027621358640099515,1,1.0031269617814114,0.0,10.003126961781412,ok
22.627416997969522,0.00390625,1,1.0031269617814114,0.0,10.003126961781412,ok
22.627416997969522,0.005524271728019903,1,1.0031269617814114,0.0,10.003126961781412,ok
22.627416997969522,0.0078125,1,1.0031269617814114,0.0,10.003126961781412,ok
22.627416997969522,0.011048543456039806,1,1.0031269617814114,0.0,10.003126961781412,ok
22.627416997969522,0.015625,1,1.0031269617814114,0.0,10.003126961781412,ok
22.627416997969522,0.02209708691207961,1,1.0031269617814114,0.0,10.003126961781412,ok
22.627416997969522,0.03125,1,1.0031269617814114,0.0,10.003126961781412,ok
22.627416997969522,0.04419417382415922,1,0.9768347341378156,0.0,9.976834734137816,ok
22.627416997969522,0.0625,1,0.762734494376847,0.24,7.362734494376848,ok
22.627416997969522,0.08838834764831845,1,0.6045665355201093,0.5,4.604566535520109,ok
22.627416997969522,0.125,1,0.5077542040905741,0.58,3.7077542040905747,ok
22.627416997969522,0.1767766952966369,1,0.44852240210726796,0.72,2.2485224021072683,ok
22.627416997969522,0.25,1,0.45041435066766705,0.76,1.8504143506676671,ok
22.627416997969522,0.3535533905932738,1,0.4563971460555519,0.78,1.6563971460555518,ok
22.627416997969522,0.5,1,0.4585345187768535,0.8,1.4585345187768533,ok
22.627416997969522,0.7071067811865476,1,0.39896514623090196,0.74,1.9989651462309022,ok
22.627416997969522,1.0,1,0.36171292064836,0.82,1.1617129206483607,ok
22.627416997969522,1.4142135623730951,1,0.3604061504376277,0.84,0.9604061504376282,ok
22.627416997969522,2.0,1,0.3410989111299363,0.82,1.141098911129937,ok
22.627416997969522,2.8284271247461903,1,0.3046183804729691,0.8,1.3046183804729687,ok
22.627416997969522,4.0,1,0.2348214313135863,0.76,1.6348214313135865,ok
22.627416997969522,5.656854249492381,1,0.2806156652868566,0.7,2.2806156652868577,ok
22.627416997969522,8.0,1,0.34216808979516056,0.62,3.142168089795161,ok
22.627416997969522,11.313708498984761,1,0.39304537552928553,0.62,3.1930453755292856,ok
22.627416997969522,16.0,1,0.4318143107747817,0.62,3.231814310774782,ok
22.627416997969522,22.627416997969522,1,0.43030978496266153,0.64,3.0303097849626615,ok
22.627416997969522,32.0,1,0.4936898124257175,0.54,4.093689812425717,ok
22.627416997969522,45.254833995939045,1,0.49009407777954106,0.52,4.290094077779541,ok
22.627416997969522,64.0,1,0.5006711953789238,0.5,4.500671195378924,ok
22.627416997969522,90.50966799187809,1,0.5428076120591941,0.42,5.342807612059195,ok
22.627416997969522,128.0,1,0.641318056938539,0.32,6.44131805693854,ok
22.627416997969522,181.01933598375618,1,0.6574382535747596,0.32,6.45743825357476,ok
22.627416997969522,256.0,1,0.6884190355880059,0.3,6.688419035588007,ok
22.627416997969522,362.03867196751236,1,0.7475922039661915,0.3,6.747592203966192,ok
22.627416997969522,512.0,1,0.7474850504369783,0.24,7.347485050436979,ok
22.627416997969522,724.0773439350247,1,0.7571343141226498,0.26,7.15713431412265,ok
22.627416997969522,1024.0,1,0.7643186674267706,0.32,6.564318667426772,ok
32.0,0.0009765625,1,1.0031269617814114,0.0,10.003126961781412,ok
32.0,0.0013810679320049757,1,1.0031269617814114,0.0,10.003126961781412,ok
32.0,0.001953125,1,1.0031269617814114,0.0,10.003126961781412,ok
32.0,0.0027621358640099515,1,1.0031269617814114,0.0,10.003126961781412,ok
32.0,0.00390625,1,1.0031269617814114,0.0,10.003126961781412,ok
32.0,0.005524271728019903,1,1.0031269617814114,0.0,10.003126961781412,ok
32.0,0.0078125,1,1.0031269617814114,0.0,10.003126961781412,ok
32.0,0.011048543456039806,1,1.0031269617814114,0.0,10.003126961781412,ok
32.0,0.015625,1,1.0031269617814114,0.0,10.003126961781412,ok
32.0,0.02209708691207961,1,1.0031269617814114,0.0,10.003126961781412,ok
32.0,0.03125,1,1.0031269617814114,0.0,10.003126961781412,ok
32.0,0.04419417382415922,1,0.9768347341378156,0.0,9.976834734137816,ok
32.0,0.0625,1,0.762734494376847,0.24,7.362734494376848,ok
32.0,0.08838834764831845,1,0.6045665355201093,0.5,4.604566535520109,ok
32.0,0.125,1,0.5077542040905741,0.58,3.7077542040905747,ok
32.0,0.1767766952966369,1,0.44852240210726796,0.72,2.2485224021072683,ok
32.0,0.25,1,0.45041435066766705,0.76,1.8504143506676671,ok
32.0,0.3535533905932738,1,0.4563971460555519,0.78,1.6563971460555518,ok
32.0,0.5,1,0.45995599344741867,0.8,1.4599559934474184,ok
32.0,0.7071067811865476,1,0.4596728116889896,0.8,1.4596728116889894,ok
32.0,1.0,1,0.39463260591477756,0.84,0.9946326059147781,ok
32.0,1.4142135623730951,1,0.36113647647971414,0.86,0.7611364764797145,ok
32.0,2.0,1,0.33228302444443814,0.82,1.1322830244444388,ok
32.0,2.8284271247461903,1,0.2957696912295239,0.84,0.8957696912295244,ok
32.0,4.0,1,0.25039366358301307,0.82,1.0503936635830138,ok
32.0,5.656854249492381,1,0.3209970600034331,0.68,2.520997060003433,ok
32.0,8.0,1,0.42493387662102955,0.64,3.02493387662103,ok
32.0,11.313708498984761,1,0.43956762714506814,0.6,3.4395676271450686,ok
32.0,16.0,1,0.46910829631211226,0.58,3.669108296312113,ok
32.0,22.627416997969522,1,0.49315915725969517,0.52,4.293159157259695,ok
32.0,32.0,1,0.5264664527819012,0.44,5.1264664527819015,ok
32.0,45.254833995939045,1,0.5508381181845139,0.42,5.350838118184514,ok
32.0,64.0,1,0.6453955850522741,0.34,6.245395585052274,ok
32.0,90.50966799187809,1,0.66736218737358,0.32,6.467362187373581,ok
32.0,128.0,1,0.7001289097352221,0.3,6.7001289097352235,ok
32.0,181.01933598375618,1,0.7384342718390217,0.3,6.738434271839022,ok
32.0,256.0,1,0.7468083542035846,0.34,6.346808354203585,ok
32.0,362.03867196751236,1,0.7687710547932202,0.3,6.768771054793221,ok
32.0,512.0,1,0.8160584494065948,0.22,7.616058449406595,ok
32.0,724.0773439350247,1,0.8146760627525613,0.24,7.414676062752562,ok
32.0,1024.0,1,0.7903990021282947,0.26,7.190399002128295,ok
45.254833995939045,0.0009765625,1,1.0031269617814114,0.0,10.003126961781412,ok
45.254833995939045,0.0013810679320049757,1,1.0031269617814114,0.0,10.003126961781412,ok
45.254833995939045,0.001953125,1,1.0031269617814114,0.0,10.003126961781412,ok
45.254833995939045,0.0027621358640099515,1,1.0031269617814114,0.0,10.003126961781412,ok
45.254833995939045,0.00390625,1,1.0031269617814114,0.0,10.003126961781412,ok
45.254833995939045,0.005524271728019903,1,1.0031269617814114,0.0,10.003126961781412,ok
45.254833995939045,0.0078125,1,1.0031269617814114,0.0,10.003126961781412,ok
45.254833995939045,0.011048543456039806,1,1.0031269617814114,0.0,10.003126961781412,ok
45.254833995939045,0.015625,1,1.0031269617814114,0.0,10.003126961781412,ok
45.254833995939045,0.02209708691207961,1,1.0031269617814114,0.0,10.003126961781412,ok
45.254833995939045,0.03125,1,1.0031269617814114,0.0,10.003126961781412,ok
45.254833995939045,0.04419417382415922,1,0.9768347341378156,0.0,9.976834734137816,ok
45.254833995939045,0.0625,1,0.762734494376847,0.24,7.362734494376848,ok
45.254833995939045,0.08838834764831845,1,0.6045665355201093,0.5,4.604566535520109,ok
45.254833995939045,0.125,1,0.5077542040905741,0.58,3.7077542040905747,ok
45.254833995939045,0.1767766952966369,1,0.44852240210726796,0.72,2.2485224021072683,ok
45.254833995939045,0.25,1,0.45041435066766705,0.76,1.8504143506676671,ok
45.254833995939045,0.3535533905932738,1,0.4563971460555519,0.78,1.6563971460555518,ok
45.254833995939045,0.5,1,0.4942243637209527,0.84,1.0942243637209532,ok
45.254833995939045,0.7071067811865476,1,0.46037864873938894,0.8,1.4603786487393888,ok
45.254833995939045,1.0,1,0.4511293592426391,0.84,1.0511293592426396,ok
45.254833995939045,1.4142135623730951,1,0.36631150368560983,0.84,0.9663115036856104,ok
45.254833995939045,2.0,1,0.35028088283244385,0.8,1.3502808828324437,ok
45.254833995939045,2.8284271247461903,1,0.3342992817674681,0.8,1.334299281767468,ok
45.254833995939045,4.0,1,0.3207654873961633,0.76,1.7207654873961635,ok
45.254833995939045,5.656854249492381,1,0.36187927313259477,0.62,3.161879273132595,ok
45.254833995939045,8.0,1,0.46497415538313736,0.56,3.8649741553831367,ok
45.254833995939045,11.313708498984761,1,0.489644389448951,0.5,4.489644389448951,ok
45.254833995939045,16.0,1,0.529208510513022,0.42,5.3292085105130225,ok
45.254833995939045,22.627416997969522,1,0.5733248278745425,0.42,5.373324827874543,ok
45.254833995939045,32.0,1,0.6384928876451912,0.4,5.638492887645191,ok
45.254833995939045,45.254833995939045,1,0.6467927017470634,0.38,5.846792701747064,ok
45.254833995939045,64.0,1,0.7051796766458215,0.3,6.705179676645822,ok
45.254833995939045,90.50966799187809,1,0.7059910167994399,0.3,6.705991016799441,ok
45.254833995939045,128.0,1,0.7596992652194938,0.32,6.5596992652194945,ok
45.254833995939045,181.01933598375618,1,0.8252721416317753,0.22,7.625272141631776,ok
45.254833995939045,256.0,1,0.8323617063458261,0.24,7.4323617063458265,ok
45.254833995939045,362.03867196751236,1,0.8173544924875726,0.2,7.817354492487572,ok
45.254833995939045,512.0,1,0.8385826208448699,0.24,7.438582620844871,ok
45.254833995939045,724.0773439350247,1,0.7996761019929894,0.28,6.999676101992989,ok
45.254833995939045,1024.0,1,0.840161558887258,0.22,7.640161558887259,ok
64.0,0.0009765625,1,1.0031269617814114,0.0,10.003126961781412,ok
64.0,0.0013810679320049757,1,1.0031269617814114,0.0,10.003126961781412,ok
64.0,0.001953125,1,1.0031269617814114,0.0,10.003126961781412,ok
64.0,0.0027621358640099515,1,1.0031269617814114,0.0,10.003126961781412,ok
64.0,0.00390625,1,1.0031269617814114,0.0,10.003126961781412,ok
64.0,0.005524271728019903,1,1.0031269617814114,0.0,10.003126961781412,ok
64.0,0.0078125,1,1.0031269617814114,0.0,10.003126961781412,ok
64.0,0.011048543456039806,1,1.0031269617814114,0.0,10.003126961781412,ok
64.0,0.015625,1,1.0031269617814114,0.0,10.003126961781412,ok
64.0,0.02209708691207961,1,1.0031269617814114,0.0,10.003126961781412,ok
64.0,0.03125,1,1.0031269617814114,0.0,10.003126961781412,ok
64.0,0.04419417382415922,1,0.9768347341378156,0.0,9.976834734137816,ok
64.0,0.0625,1,0.762734494376847,0.24,7.362734494376848,ok
64.0,0.08838834764831845,1,0.6045665355201093,0.5,4.604566535520109,ok
64.0,0.125,1,0.5077542040905741,0.58,3.7077542040905747,ok
64.0,0.1767766952966369,1,0.44852240210726796,0.72,2.2485224021072683,ok
64.0,0.25,1,0.45041435066766705,0.76,1.8504143506676671,ok
64.0,0.3535533905932738,1,0.4563971460555519,0.78,1.6563971460555518,ok
64.0,0.5,1,0.5026356010049904,0.84,1.102635601004991,ok
64.0,0.7071067811865476,1,0.48420843173547123,0.84,1.0842084317354717,ok
64.0,1.0,1,0.4592929980439847,0.84,1.0592929980439854,ok
64.0,1.4142135623730951,1,0.452189623382401,0.86,0.8521896233824013,ok
64.0,2.0,1,0.3698182350754058,0.82,1.1698182350754065,ok
64.0,2.8284271247461903,1,0.34092836254619996,0.8,1.3409283625461996,ok
64.0,4.0,1,0.32662736811457765,0.72,2.126627368114578,ok
64.0,5.656854249492381,1,0.39750329317985367,0.64,2.9975032931798538,ok
64.0,8.0,1,0.5156494111826009,0.54,4.1156494111826,ok
64.0,11.313708498984761,1,0.5308014787648487,0.42,5.330801478764849,ok
64.0,16.0,1,0.5900813446775408,0.38,5.7900813446775405,ok
64.0,22.627416997969522,1,0.6448999451056661,0.36,6.044899945105667,ok
64.0,32.0,1,0.7069106602642321,0.32,6.506910660264233,ok
64.0,45.254833995939045,1,0.72052357970336,0.34,6.3205235797033605,ok
64.0,64.0,1,0.7232043145692924,0.32,6.523204314569293,ok
64.0,90.50966799187809,1,0.7950281922218573,0.22,7.595028192221858,ok
64.0,128.0,1,0.8238744951857534,0.2,7.823874495185754,ok
64.0,181.01933598375618,1,0.8303090891248918,0.22,7.630309089124893,ok
64.0,256.0,1,0.8307632518719918,0.2,7.830763251871992,ok
64.0,362.03867196751236,1,0.8600052419064559,0.18,8.060005241906456,ok
64.0,512.0,1,0.8744278672055792,0.18,8.074427867205578,ok
64.0,724.0773439350247,1,0.898557632723509,0.3,6.898557632723509,ok
64.0,1024.0,1,1.0455102902440843,0.18,8.245510290244084,ok
90.50966799187809,0.0009765625,1,1.0031269617814114,0.0,10.003126961781412,ok
90.50966799187809,0.0013810679320049757,1,1.0031269617814114,0.0,10.003126961781412,ok
90.50966799187809,0.001953125,1,1.0031269617814114,0.0,10.003126961781412,ok
90.50966799187809,0.0027621358640099515,1,1.0031269617814114,0.0,10.003126961781412,ok
90.50966799187809,0.00390625,1,1.0031269617814114,0.0,10.003126961781412,ok
90.50966799187809,0.005524271728019903,1,1.0031269617814114,0.0,10.003126961781412,ok
90.50966799187809,0.0078125,1,1.0031269617814114,0.0,10.003126961781412,ok
90.50966799187809,0.011048543456039806,1,1.0031269617814114,0.0,10.003126961781412,ok
90.50966799187809,0.015625,1,1.0031269617814114,0.0,10.003126961781412,ok
90.50966799187809,0.02209708691207961,1,1.0031269617814114,0.0,10.003126961781412,ok
90.50966799187809,0.03125,1,1.0031269617814114,0.0,10.003126961781412,ok
90.50966799187809,0.04419417382415922,1,0.9768347341378156,0.0,9.976834734137816,ok
90.50966799187809,0.0625,1,0.762734494376847,0.24,7.362734494376848,ok
90.50966799187809,0.08838834764831845,1,0.6045665355201093,0.5,4.604566535520109,ok
90.50966799187809,0.125,1,0.5077542040905741,0.58,3.7077542040905747,ok
90.50966799187809,0.1767766952966369,1,0.44852240210726796,0.72,2.2485224021072683,ok
90.50966799187809,0.25,1,0.45041435066766705,0.76,1.8504143506676671,ok
90.50966799187809,0.3535533905932738,1,0.4563971460555519,0.78,1.6563971460555518,ok
90.50966799187809,0.5,1,0.5026356010049904,0.84,1.102635601004991,ok
90.50966799187809,0.7071067811865476,1,0.49532058382298466,0.84,1.0953205838229851,ok
90.50966799187809,1.0,1,0.4716061897120398,0.84,1.0716061897120404,ok
90.50966799187809,1.4142135623730951,1,0.4534603146613354,0.82,1.2534603146613361,ok
90.50966799187809,2.0,1,0.3814121395729587,0.78,1.5814121395729588,ok
90.50966799187809,2.8284271247461903,1,0.36426140289007036,0.76,1.7642614028900705,ok
90.50966799187809,4.0,1,0.35038934536963295,0.74,1.9503893453696333,ok
90.50966799187809,5.656854249492381,1,0.38623763780753007,0.64,2.9862376378075304,ok
90.50966799187809,8.0,1,0.5510571934880414,0.46,4.951057193488042,ok
90.50966799187809,11.313708498984761,1,0.5755544576204019,0.42,5.375554457620403,ok
90.50966799187809,16.0,1,0.6388581551816643,0.36,6.038858155181664,ok
90.50966799187809,22.627416997969522,1,0.7187177459951773,0.28,6.918717745995178,ok
90.50966799187809,32.0,1,0.7375556092189947,0.26,7.137555609218995,ok
90.50966799187809,45.254833995939045,1,0.76643262879801,0.22,7.566432628798011,ok
90.50966799187809,64.0,1,0.7979036704656401,0.2,7.79790367046564,ok
90.50966799187809,90.50966799187809,1,0.8369276934514696,0.16,8.23692769345147,ok
90.50966799187809,128.0,1,0.8684683539714877,0.16,8.268468353971489,ok
90.50966799187809,181.01933598375618,1,0.8773332789163599,0.14,8.47733327891636,ok
90.50966799187809,256.0,1,0.8738580001485992,0.14,8.4738580001486,ok
90.50966799187809,362.03867196751236,1,0.9718980560367864,0.1,8.971898056036787,ok
90.50966799187809,512.0,1,1.0318884417726606,0.08,9.23188844177266,ok
90.50966799187809,724.0773439350247,1,1.1356735906528699,0.06,9.53567359065287,ok
90.50966799187809,1024.0,1,1.1869464454510483,0.0,10.18694644545105,ok
128.0,0.0009765625,1,1.0031269617814114,0.0,10.003126961781412,ok
128.0,0.0013810679320049757,1,1.0031269617814114,0.0,10.003126961781412,ok
128.0,0.001953125,1,1.0031269617814114,0.0,10.003126961781412,ok
128.0,0.0027621358640099515,1,1.0031269617814114,0.0,10.003126961781412,ok
128.0,0.00390625,1,1.0031269617814114,0.0,10.003126961781412,ok
128.0,0.005524271728019903,1,1.0031269617814114,0.0,10.003126961781412,ok
128.0,0.0078125,1,1.0031269617814114,0.0,10.003126961781412,ok
128.0,0.011048543456039806,1,1.0031269617814114,0.0,10.003126961781412,ok
128.0,0.015625,1,1.0031269617814114,0.0,10.003126961781412,ok
128.0,0.02209708691207961,1,1.0031269617814114,0.0,10.003126961781412,ok
128.0,0.03125,1,1.0031269617814114,0.0,10.003126961781412,ok
128.0,0.04419417382415922,1,0.9768347341378156,0.0,9.976834734137816,ok
128.0,0.0625,1,0.762734494376847,0.24,7.362734494376848,ok
128.0,0.08838834764831845,1,0.6045665355201093,0.5,4.604566535520109,ok
128.0,0.125,1,0.5077542040905741,0.58,3.7077542040905747,ok
128.0,0.1767766952966369,1,0.44852240210726796,0.72,2.2485224021072683,ok
128.0,0.25,1,0.45041435066766705,0.76,1.8504143506676671,ok
128.0,0.3535533905932738,1,0.4563971460555519,0.78,1.6563971460555518,ok
128.0,0.5,1,0.5026356010049904,0.84,1.102635601004991,ok
128.0,0.7071067811865476,1,0.4962293098381442,0.84,1.0962293098381446,ok
128.0,1.0,1,0.4807817657334097,0.86,0.88078176573341,ok
128.0,1.4142135623730951,1,0.46067381244443195,0.84,1.0606738124444326,ok
128.0,2.0,1,0.39147191025445305,0.78,1.591471910254453,ok
128.0,2.8284271247461903,1,0.3778761411284557,0.76,1.7778761411284558,ok
128.0,4.0,1,0.369606503996936,0.74,1.9696065039969364,ok
128.0,5.656854249492381,1,0.41445350970191663,0.6,3.414453509701917,ok
128.0,8.0,1,0.58614663637401,0.44,5.18614663637401,ok
128.0,11.313708498984761,1,0.6478570880658168,0.36,6.047857088065817,ok
128.0,16.0,1,0.6746241671979676,0.34,6.274624167197969,ok
128.0,22.627416997969522,1,0.7580099195936643,0.2,7.758009919593665,ok
128.0,32.0,1,0.7896327070545994,0.2,7.789632707054599,ok
128.0,45.254833995939045,1,0.796919590583528,0.2,7.796919590583528,ok
128.0,64.0,1,0.8719717299863323,0.16,8.271971729986333,ok
128.0,90.50966799187809,1,0.8861388780178543,0.16,8.286138878017855,ok
128.0,128.0,1,0.8800565262484965,0.14,8.480056526248497,ok
128.0,181.01933598375618,1,0.9619063799280134,0.06,9.361906379928014,ok
128.0,256.0,1,0.9440918062690606,0.08,9.144091806269062,ok
128.0,362.03867196751236,1,1.053501359628517,0.02,9.853501359628517,ok
128.0,512.0,1,1.0633958709752664,0.02,9.863395870975268,ok
128.0,724.0773439350247,1,1.0641854010627134,0.02,9.864185401062715,ok
128.0,1024.0,1,1.0558466223973395,0.06,9.45584662239734,ok
181.01933598375618,0.0009765625,1,1.0031269617814114,0.0,10.003126961781412,ok
181.01933598375618,0.0013810679320049757,1,1.0031269617814114,0.0,10.003126961781412,ok
181.01933598375618,0.001953125,1,1.0031269617814114,0.0,10.003126961781412,ok
181.01933598375618,0.0027621358640099515,1,1.0031269617814114,0.0,10.003126961781412,ok
181.01933598375618,0.00390625,1,1.0031269617814114,0.0,10.003126961781412,ok
181.01933598375618,0.005524271728019903,1,1.0031269617814114,0.0,10.003126961781412,ok
181.01933598375618,0.0078125,1,1.0031269617814114,0.0,10.003126961781412,ok
181.01933598375618,0.011048543456039806,1,1.0031269617814114,0.0,10.003126961781412,ok
181.01933598375618,0.015625,1,1.0031269617814114,0.0,10.003126961781412,ok
181.01933598375618,0.02209708691207961,1,1.0031269617814114,0.0,10.003126961781412,ok
181.01933598375618,0.03125,1,1.0031269617814114,0.0,10.003126961781412,ok
181.01933598375618,0.04419417382415922,1,0.9768347341378156,0.0,9.976834734137816,ok
181.01933598375618,0.0625,1,0.762734494376847,0.24,7.362734494376848,ok
181.01933598375618,0.08838834764831845,1,0.6045665355201093,0.5,4.604566535520109,ok
181.01933598375618,0.125,1,0.5077542040905741,0.58,3.7077542040905747,ok
181.01933598375618,0.1767766952966369,1,0.44852240210726796,0.72,2.2485224021072683,ok
181.01933598375618,0.25,1,0.45041435066766705,0.76,1.8504143506676671,ok
181.01933598375618,0.3535533905932738,1,0.4563971460555519,0.78,1.6563971460555518,ok
181.01933598375618,0.5,1,0.5026356010049904,0.84,1.102635601004991,ok
181.01933598375618,0.7071067811865476,1,0.4970229069614478,0.84,1.0970229069614483,ok
181.01933598375618,1.0,1,0.4970229069614478,0.84,1.0970229069614483,ok
181.01933598375618,1.4142135623730951,1,0.4649735566725598,0.84,1.0649735566725602,ok
181.01933598375618,2.0,1,0.40218677711966455,0.78,1.6021867771196645,ok
181.01933598375618,2.8284271247461903,1,0.3915944382487982,0.76,1.7915944382487983,ok
181.01933598375618,4.0,1,0.39206963347496737,0.74,1.9920696334749677,ok
181.01933598375618,5.656854249492381,1,0.4444537681349012,0.64,3.0444537681349013,ok
181.01933598375618,8.0,1,0.5824383479205655,0.42,5.382438347920566,ok
181.01933598375618,11.313708498984761,1,0.6773664951266187,0.32,6.47736649512662,ok
181.01933598375618,16.0,1,0.7293254505148576,0.26,7.129325450514858,ok
181.01933598375618,22.627416997969522,1,0.7944756625260483,0.2,7.7944756625260485,ok
181.01933598375618,32.0,1,0.8123539465768198,0.2,7.8123539465768195,ok
181.01933598375618,45.254833995939045,1,0.864216455416766,0.16,8.264216455416767,ok
181.01933598375618,64.0,1,0.8933054088857983,0.16,8.293305408885798,ok
181.01933598375618,90.50966799187809,1,0.9180879640002353,0.1,8.918087964000236,ok
181.01933598375618,128.0,1,0.9428671194590539,0.08,9.142867119459055,ok
181.01933598375618,181.01933598375618,1,0.9344117714531228,0.0,9.934411771453123,ok
181.01933598375618,256.0,1,1.028747334682027,0.0,10.028747334682027,ok
181.01933598375618,362.03867196751236,1,1.0408296743653063,0.0,10.040829674365305,ok
181.01933598375618,512.0,1,1.0424302874142803,0.0,10.04243028741428,ok
181.01933598375618,724.0773439350247,1,1.0344183537523715,0.02,9.834418353752373,ok
181.01933598375618,1024.0,1,1.052054841780637,0.06,9.452054841780637,ok
256.0,0.0009765625,1,1.0031269617814114,0.0,10.003126961781412,ok
256.0,0.0013810679320049757,1,1.0031269617814114,0.0,10.003126961781412,ok
256.0,0.001953125,1,1.0031269617814114,0.0,10.003126961781412,ok
256.0,0.0027621358640099515,1,1.0031269617814114,0.0,10.003126961781412,ok
256.0,0.00390625,1,1.0031269617814114,0.0,10.003126961781412,ok
256.0,0.005524271728019903,1,1.0031269617814114,0.0,10.003126961781412,ok
256.0,0.0078125,1,1.0031269617814114,0.0,10.003126961781412,ok
256.0,0.011048543456039806,1,1.0031269617814114,0.0,10.003126961781412,ok
256.0,0.015625,1,1.0031269617814114,0.0,10.003126961781412,ok
256.0,0.02209708691207961,1,1.0031269617814114,0.0,10.003126961781412,ok
256.0,0.03125,1,1.0031269617814114,0.0,10.003126961781412,ok
256.0,0.04419417382415922,1,0.9768347341378156,0.0,9.976834734137816,ok
256.0,0.0625,1,0.762734494376847,0.24,7.362734494376848,ok
256.0,0.08838834764831845,1,0.6045665355201093,0.5,4.604566535520109,ok
256.0,0.125,1,0.5077542040905741,0.58,3.7077542040905747,ok
256.0,0.1767766952966369,1,0.44852240210726796,0.72,2.2485224021072683,ok
256.0,0.25,1,0.45041435066766705,0.76,1.8504143506676671,ok
256.0,0.3535533905932738,1,0.4563971460555519,0.78,1.6563971460555518,ok
256.0,0.5,1,0.5026356010049904,0.84,1.102635601004991,ok
256.0,0.7071067811865476,1,0.49783321287061655,0.84,1.0978332128706172,ok
256.0,1.0,1,0.49783321287061655,0.84,1.0978332128706172,ok
256.0,1.4142135623730951,1,0.49025667586563754,0.86,0.8902566758656378,ok
256.0,2.0,1,0.4108951545898123,0.78,1.6108951545898123,ok
256.0,2.8284271247461903,1,0.40285544642234905,0.76,1.8028554464223492,ok
256.0,4.0,1,0.4035465639094723,0.76,1.8035465639094723,ok
256.0,5.656854249492381,1,0.44351012344508467,0.64,3.0435101234450848,ok
256.0,8.0,1,0.6013203123823673,0.44,5.201320312382368,ok
256.0,11.313708498984761,1,0.682691593372931,0.34,6.282691593372931,ok
256.0,16.0,1,0.7489817518506607,0.24,7.348981751850661,ok
256.0,22.627416997969522,1,0.8167361983979157,0.18,8.016736198397915,ok
256.0,32.0,1,0.8604082103336721,0.2,7.860408210333672,ok
256.0,45.254833995939045,1,0.9056057094287047,0.12,8.705605709428706,ok
256.0,64.0,1,0.9286233610937695,0.1,8.92862336109377,ok
256.0,90.50966799187809,1,0.9547779587401886,0.04,9.554777958740189,ok
256.0,128.0,1,0.9523306583455884,0.04,9.552330658345587,ok
256.0,181.01933598375618,1,1.0189414923569737,0.0,10.018941492356973,ok
256.0,256.0,1,1.024266762479535,0.0,10.024266762479535,ok
256.0,362.03867196751236,1,1.0247592682575362,0.0,10.024759268257537,ok
256.0,512.0,1,1.0207859823491563,0.04,9.620785982349156,ok
256.0,724.0773439350247,1,1.0454764504211278,0.04,9.645476450421128,ok
256.0,1024.0,1,1.0258776231194235,0.04,9.625877623119424,ok
362.03867196751236,0.0009765625,1,1.0031269617814114,0.0,10.003126961781412,ok
362.03867196751236,0.0013810679320049757,1,1.0031269617814114,0.0,10.003126961781412,ok
362.03867196751236,0.001953125,1,1.0031269617814114,0.0,10.003126961781412,ok
362.03867196751236,0.0027621358640099515,1,1.0031269617814114,0.0,10.003126961781412,ok
362.03867196751236,0.00390625,1,1.0031269617814114,0.0,10.003126961781412,ok
362.03867196751236,0.005524271728019903,1,1.0031269617814114,0.0,10.003126961781412,ok
362.03867196751236,0.0078125,1,1.0031269617814114,0.0,10.003126961781412,ok
362.03867196751236,0.011048543456039806,1,1.0031269617814114,0.0,10.003126961781412,ok
362.03867196751236,0.015625,1,1.0031269617814114,0.0,10.003126961781412,ok
362.03867196751236,0.02209708691207961,1,1.0031269617814114,0.0,10.003126961781412,ok
362.03867196751236,0.03125,1,1.0031269617814114,0.0,10.003126961781412,ok
362.03867196751236,0.04419417382415922,1,0.9768347341378156,0.0,9.976834734137816,ok
362.03867196751236,0.0625,1,0.762734494376847,0.24,7.362734494376848,ok
362.03867196751236,0.08838834764831845,1,0.6045665355201093,0.5,4.604566535520109,ok
362.03867196751236,0.125,1,0.5077542040905741,0.58,3.7077542040905747,ok
362.03867196751236,0.1767766952966369,1,0.44852240210726796,0.72,2.2485224021072683,ok
362.03867196751236,0.25,1,0.45041435066766705,0.76,1.8504143506676671,ok
362.03867196751236,0.3535533905932738,1,0.4563971460555519,0.78,1.6563971460555518,ok
362.03867196751236,0.5,1,0.5026356010049904,0.84,1.102635601004991,ok
362.03867196751236,0.7071067811865476,1,0.49850909093023577,0.84,1.0985090909302362,ok
362.03867196751236,1.0,1,0.49850909093023577,0.84,1.0985090909302362,ok
362.03867196751236,1.4142135623730951,1,0.49429616868743276,0.86,0.8942961686874331,ok
362.03867196751236,2.0,1,0.4178169243054184,0.78,1.6178169243054183,ok
362.03867196751236,2.8284271247461903,1,0.4117571962079007,0.76,1.8117571962079009,ok
362.03867196751236,4.0,1,0.4114394541212847,0.76,1.8114394541212848,ok
362.03867196751236,5.656854249492381,1,0.45486292154830665,0.62,3.254862921548307,ok
362.03867196751236,8.0,1,0.6196726663554126,0.44,5.219672666355413,ok
362.03867196751236,11.313708498984761,1,0.6879607666022365,0.34,6.287960766602237,ok
362.03867196751236,16.0,1,0.7557563132257655,0.3,6.755756313225766,ok
362.03867196751236,22.627416997969522,1,0.8295090860437597,0.2,7.8295090860437595,ok
362.03867196751236,32.0,1,0.904784937787461,0.16,8.304784937787462,ok
362.03867196751236,45.254833995939045,1,0.9256786934140437,0.14,8.525678693414044,ok
362.03867196751236,64.0,1,0.9586974087666708,0.06,9.358697408766671,ok
362.03867196751236,90.50966799187809,1,0.9593604384003385,0.06,9.359360438400339,ok
362.03867196751236,128.0,1,1.0157909093919666,0.02,9.815790909391968,ok
362.03867196751236,181.01933598375618,1,1.0093077808345972,0.02,9.809307780834597,ok
362.03867196751236,256.0,1,1.0103397013175703,0.02,9.81033970131757,ok
362.03867196751236,362.03867196751236,1,1.0106102742825944,0.0,10.010610274282595,ok
362.03867196751236,512.0,1,1.0103036048925178,0.02,9.810303604892518,ok
362.03867196751236,724.0773439350247,1,1.011402139880409,0.02,9.81140213988041,ok
362.03867196751236,1024.0,1,1.0133774884368438,0.02,9.813377488436844,ok
512.0,0.0009765625,1,1.0031269617814114,0.0,10.003126961781412,ok
512.0,0.0013810679320049757,1,1.0031269617814114,0.0,10.003126961781412,ok
512.0,0.001953125,1,1.0031269617814114,0.0,10.003126961781412,ok
512.0,0.0027621358640099515,1,1.0031269617814114,0.0,10.003126961781412,ok
512.0,0.00390625,1,1.0031269617814114,0.0,10.003126961781412,ok
512.0,0.005524271728019903,1,1.0031269617814114,0.0,10.003126961781412,ok
512.0,0.0078125,1,1.0031269617814114,0.0,10.003126961781412,ok
512.0,0.011048543456039806,1,1.0031269617814114,0.0,10.003126961781412,ok
512.0,0.015625,1,1.0031269617814114,0.0,10.003126961781412,ok
512.0,0.02209708691207961,1,1.0031269617814114,0.0,10.003126961781412,ok
512.0,0.03125,1,1.0031269617814114,0.0,10.003126961781412,ok
512.0,0.04419417382415922,1,0.9768347341378156,0.0,9.976834734137816,ok
512.0,0.0625,1,0.762734494376847,0.24,7.362734494376848,ok
512.0,0.08838834764831845,1,0.6045665355201093,0.5,4.604566535520109,ok
512.0,0.125,1,0.5077542040905741,0.58,3.7077542040905747,ok
512.0,0.1767766952966369,1,0.44852240210726796,0.72,2.2485224021072683,ok
512.0,0.25,1,0.45041435066766705,0.76,1.8504143506676671,ok
512.0,0.3535533905932738,1,0.4563971460555519,0.78,1.6563971460555518,ok
512.0,0.5,1,0.5026356010049904,0.84,1.102635601004991,ok
512.0,0.7071067811865476,1,0.49899981230371626,0.84,1.0989998123037168,ok
512.0,1.0,1,0.49899981230371626,0.84,1.0989998123037168,ok
512.0,1.4142135623730951,1,0.49610860241478405,0.86,0.8961086024147844,ok
512.0,2.0,1,0.4350374919214719,0.8,1.4350374919214717,ok
512.0,2.8284271247461903,1,0.41781620429184646,0.76,1.8178162042918466,ok
512.0,4.0,1,0.41722107064788594,0.76,1.8172210706478862,ok
512.0,5.656854249492381,1,0.4565133429893013,0.64,3.056513342989301,ok
512.0,8.0,1,0.6223894760147486,0.4,5.622389476014749,ok
512.0,11.313708498984761,1,0.693149993445171,0.34,6.293149993445171,ok
512.0,16.0,1,0.7438654652598633,0.34,6.343865465259864,ok
512.0,22.627416997969522,1,0.8400239044921194,0.18,8.040023904492118,ok
512.0,32.0,1,0.9327320550646221,0.12,8.732732055064623,ok
512.0,45.254833995939045,1,0.9548409401569167,0.1,8.954840940156917,ok
512.0,64.0,1,0.9590361662789775,0.06,9.359036166278978,ok
512.0,90.50966799187809,1,0.9929066925649617,0.0,9.992906692564961,ok
512.0,128.0,1,0.9933987161188463,0.0,9.993398716118847,ok
512.0,181.01933598375618,1,0.9990587270103657,0.0,9.999058727010366,ok
512.0,256.0,1,0.9820313402802298,0.02,9.78203134028023,ok
512.0,362.03867196751236,1,0.9931469574664074,0.04,9.593146957466407,ok
512.0,512.0,1,0.9733117453571094,0.04,9.57331174535711,ok
512.0,724.0773439350247,1,0.9906494072989114,0.02,9.790649407298911,ok
512.0,1024.0,1,1.0081531236947563,0.0,10.008153123694756,ok
724.0773439350247,0.0009765625,1,1.0031269617814114,0.0,10.003126961781412,ok
724.0773439350247,0.0013810679320049757,1,1.0031269617814114,0.0,10.003126961781412,ok
724.0773439350247,0.001953125,1,1.0031269617814114,0.0,10.003126961781412,ok
724.0773439350247,0.0027621358640099515,1,1.0031269617814114,0.0,10.003126961781412,ok
724.0773439350247,0.00390625,1,1.0031269617814114,0.0,10.003126961781412,ok
724.0773439350247,0.005524271728019903,1,1.0031269617814114,0.0,10.003126961781412,ok
724.0773439350247,0.0078125,1,1.0031269617814114,0.0,10.003126961781412,ok
724.0773439350247,0.011048543456039806,1,1.0031269617814114,0.0,10.003126961781412,ok
724.0773439350247,0.015625,1,1.0031269617814114,0.0,10.003126961781412,ok
724.0773439350247,0.02209708691207961,1,1.0031269617814114,0.0,10.003126961781412,ok
724.0773439350247,0.03125,1,1.0031269617814114,0.0,10.003126961781412,ok
724.0773439350247,0.04419417382415922,1,0.9768347341378156,0.0,9.976834734137816,ok
724.0773439350247,0.0625,1,0.762734494376847,0.24,7.362734494376848,ok
724.0773439350247,0.08838834764831845,1,0.6045665355201093,0.5,4.604566535520109,ok
724.0773439350247,0.125,1,0.5077542040905741,0.58,3.7077542040905747,ok
724.0773439350247,0.1767766952966369,1,0.44852240210726796,0.72,2.2485224021072683,ok
724.0773439350247,0.25,1,0.45041435066766705,0.76,1.8504143506676671,ok
724.0773439350247,0.3535533905932738,1,0.4563971460555519,0.78,1.6563971460555518,ok
724.0773439350247,0.5,1,0.5026356010049904,0.84,1.102635601004991,ok
724.0773439350247,0.7071067811865476,1,0.4994523616068739,0.84,1.0994523616068745,ok
724.0773439350247,1.0,1,0.4994523616068739,0.84,1.0994523616068745,ok
724.0773439350247,1.4142135623730951,1,0.49705495865802235,0.86,0.8970549586580228,ok
724.0773439350247,2.0,1,0.4324940318469317,0.78,1.6324940318469316,ok
724.0773439350247,2.8284271247461903,1,0.42240201799037363,0.76,1.8224020179903737,ok
724.0773439350247,4.0,1,0.4514282448312597,0.66,2.8514282448312596,ok
724.0773439350247,5.656854249492381,1,0.4676871719628332,0.62,3.2676871719628333,ok
724.0773439350247,8.0,1,0.5880876980404919,0.42,5.388087698040493,ok
724.0773439350247,11.313708498984761,1,0.7122266952846396,0.32,6.512226695284641,ok
724.0773439350247,16.0,1,0.7598965594569752,0.26,7.159896559456976,ok
724.0773439350247,22.627416997969522,1,0.9176950977406582,0.1,8.917695097740658,ok
724.0773439350247,32.0,1,0.946945576404778,0.04,9.546945576404777,ok
724.0773439350247,45.254833995939045,1,0.9492052815724672,0.02,9.749205281572468,ok
724.0773439350247,64.0,1,0.9568664127527259,0.0,9.956866412752726,ok
724.0773439350247,90.50966799187809,1,0.9792863584602038,0.0,9.979286358460204,ok
724.0773439350247,128.0,1,0.9788358066579825,0.0,9.978835806657983,ok
724.0773439350247,181.01933598375618,1,0.9681801101474419,0.0,9.968180110147442,ok
724.0773439350247,256.0,1,0.9827123817929964,0.0,9.982712381792997,ok
724.0773439350247,362.03867196751236,1,0.9880499354486476,0.0,9.988049935448647,ok
724.0773439350247,512.0,1,0.9963073908823254,0.0,9.996307390882325,ok
724.0773439350247,724.0773439350247,1,1.0102589313620722,0.0,10.010258931362072,ok
724.0773439350247,1024.0,1,1.0079622788256117,0.0,10.007962278825612,ok
1024.0,0.0009765625,1,1.0031269617814114,0.0,10.003126961781412,ok
1024.0,0.0013810679320049757,1,1.0031269617814114,0.0,10.003126961781412,ok
1024.0,0.001953125,1,1.0031269617814114,0.0,10.003126961781412,ok
1024.0,0.0027621358640099515,1,1.0031269617814114,0.0,10.003126961781412,ok
1024.0,0.00390625,1,1.0031269617814114,0.0,10.003126961781412,ok
1024.0,0.005524271728019903,1,1.0031269617814114,0.0,10.003126961781412,ok
1024.0,0.0078125,1,1.0031269617814114,0.0,10.003126961781412,ok
1024.0,0.011048543456039806,1,1.0031269617814114,0.0,10.003126961781412,ok
1024.0,0.015625,1,1.0031269617814114,0.0,10.003126961781412,ok
1024.0,0.02209708691207961,1,1.0031269617814114,0.0,10.003126961781412,ok
1024.0,0.03125,1,1.0031269617814114,0.0,10.003126961781412,ok
1024.0,0.04419417382415922,1,0.9768347341378156,0.0,9.976834734137816,ok
1024.0,0.0625,1,0.762734494376847,0.24,7.362734494376848,ok
1024.0,0.08838834764831845,1,0.6045665355201093,0.5,4.604566535520109,ok
1024.0,0.125,1,0.5077542040905741,0.58,3.7077542040905747,ok
1024.0,0.1767766952966369,1,0.44852240210726796,0.72,2.2485224021072683,ok
1024.0,0.25,1,0.45041435066766705,0.76,1.8504143506676671,ok
1024.0,0.3535533905932738,1,0.4563971460555519,0.78,1.6563971460555518,ok
1024.0,0.5,1,0.5026356010049904,0.84,1.102635601004991,ok
1024.0,0.7071067811865476,1,0.544450226236357,0.84,1.1444502262363576,ok
1024.0,1.0,1,0.49986551502695464,0.84,1.0998655150269552,ok
1024.0,1.4142135623730951,1,0.4752272988264007,0.84,1.0752272988264013,ok
1024.0,2.0,1,0.4352102554646813,0.78,1.6352102554646812,ok
1024.0,2.8284271247461903,1,0.4260537993266993,0.76,1.8260537993266994,ok
1024.0,4.0,1,0.45811002671941137,0.62,3.258110026719412,ok
1024.0,5.656854249492381,1,0.4778338901738567,0.58,3.6778338901738574,ok
1024.0,8.0,1,0.6018338229146052,0.42,5.401833822914606,ok
1024.0,11.313708498984761,1,0.7119870319061155,0.32,6.511987031906116,ok
1024.0,16.0,1,0.8266511323475904,0.16,8.226651132347591,ok
1024.0,22.627416997969522,1,0.9534742568457688,0.0,9.95347425684577,ok
1024.0,32.0,1,0.9663177723660459,0.0,9.966317772366047,ok
1024.0,45.254833995939045,1,0.96659192977479,0.0,9.96659192977479,ok
1024.0,64.0,1,0.9749556608177817,0.0,9.974955660817782,ok
1024.0,90.50966799187809,1,0.9749648352874096,0.0,9.974964835287409,ok
1024.0,128.0,1,0.9690324845158514,0.0,9.969032484515852,ok
1024.0,181.01933598375618,1,0.969202792266769,0.0,9.969202792266769,ok
1024.0,256.0,1,0.9846931851883713,0.0,9.984693185188371,ok
1024.0,362.03867196751236,1,0.9847862200122,0.0,9.9847862200122,ok
1024.0,512.0,1,0.989887679435821,0.0,9.989887679435821,ok
1024.0,724.0773439350247,1,0.9946860009508829,0.0,9.994686000950884,ok
1024.0,1024.0,1,0.9946314894500862,0.0,9.994631489450086,ok
